asset_id,year,clear_images,change_greenness,change_moisture,change_red_edge,change_greenness_raw
00809552,2018,6,-0.0656,-0.0237,-0.0692,-0.0841
00809552,2019,7,-0.0005,0.0219,0.0000,-0.0063
00809552,2020,3,-0.0056,0.0000,-0.0198,-0.0194
00809552,2021,2,0.0695,-0.0196,0.0541,0.0431
00809552,2022,8,-0.0322,-0.0372,-0.0386,-0.0450
00809552,2023,1,0.0121,-0.0188,-0.0208,0.0121
00809552,2024,6,0.0000,0.0168,0.0042,0.0000
00809552,2025,7,0.0049,0.0179,-0.0041,-0.0137
00809552,2026,16,-0.0138,0.0278,-0.0297,-0.0267
00809750,2018,8,0.0077,-0.0218,-0.0380,-0.0130
00809750,2019,9,0.0091,0.0011,0.0161,0.0128
00809750,2020,5,-0.0091,0.0009,-0.0166,-0.0291
00809750,2021,2,0.0498,-0.0197,0.0326,0.0508
00809750,2022,7,-0.0011,-0.0185,-0.0028,-0.0053
00809750,2024,5,-0.0191,-0.0009,-0.0161,-0.0128
00809750,2025,8,-0.0091,-0.0183,-0.0351,-0.0196
00809750,2026,15,-0.0155,-0.0351,-0.0427,-0.0232
00814829,2018,5,-0.0010,-0.0080,0.0074,-0.0194
00814829,2019,9,0.0114,0.0091,0.0091,0.0064
00814829,2020,3,-0.1006,-0.0281,-0.0653,-0.1041
00814829,2021,2,-0.0114,-0.0091,-0.0091,-0.0064
00814829,2022,7,-0.0094,0.0073,0.0030,-0.0033
00814829,2024,5,0.0147,0.0237,0.0099,0.0087
00814829,2025,7,0.0194,0.0159,0.0004,-0.0054
00814829,2026,17,0.0179,0.0162,-0.0248,-0.0182
00816505,2018,4,-0.0796,-0.0939,-0.0995,-0.0935
00816505,2019,9,0.0025,0.0267,0.0046,0.0080
00816505,2020,3,-0.0047,0.0000,-0.0303,-0.0129
00816505,2021,3,0.0926,-0.0353,0.0220,0.0794
00816505,2022,7,0.0096,-0.0555,-0.0393,-0.0121
00816505,2023,2,0.0000,0.0205,0.0000,0.0000
00816505,2024,6,-0.0184,-0.0352,-0.0286,-0.0202
00816505,2025,9,0.0196,-0.0353,-0.0343,-0.0020
00816505,2026,17,0.0417,-0.0526,-0.0367,0.0165
00816703,2018,6,-0.0529,-0.0363,0.0003,-0.0411
00816703,2019,7,0.0000,0.0000,0.0000,-0.0201
00816703,2020,4,-0.0656,-0.0506,-0.0394,-0.0613
00816703,2021,2,0.0803,0.0086,0.0892,0.0503
00816703,2022,7,-0.0162,-0.0002,0.0082,-0.0175
00816703,2023,1,-0.0424,-0.0517,-0.0303,0.0000
00816703,2024,6,0.0169,0.0252,0.0253,0.0007
00816703,2025,6,0.0027,0.0004,0.0076,-0.0321
00816703,2026,16,-0.0104,-0.0156,-0.0283,-0.0452
00817028,2018,5,-0.0689,-0.1173,-0.0471,-0.0748
00817028,2019,5,0.0407,0.0000,0.0155,0.0384
00817028,2020,2,-0.1025,-0.0337,-0.0381,-0.0997
00817028,2021,2,0.0873,0.0130,0.0726,0.0878
00817028,2022,7,-0.0437,-0.0266,-0.0156,-0.0499
00817028,2023,1,-0.2015,-0.0171,-0.1076,-0.2002
00817028,2024,6,0.0000,0.0040,0.0000,0.0000
00817028,2025,5,-0.0127,-0.0361,-0.0030,-0.0186
00817028,2026,17,-0.0149,-0.0190,-0.0168,-0.0159
00817030,2018,6,0.0345,-0.0073,0.0023,-0.0727
00817030,2019,5,0.0020,0.0235,0.0085,0.0071
00817030,2020,2,-0.0470,-0.0285,-0.0310,-0.0583
00817030,2021,2,0.0658,0.0000,0.0458,0.0695
00817030,2022,7,0.0674,0.0613,0.0235,-0.0226
00817030,2023,1,-0.2406,-0.0703,-0.1300,-0.2481
00817030,2024,6,0.0000,0.0139,0.0000,0.0000
00817030,2025,5,0.0806,0.0508,0.0323,-0.0011
00817030,2026,17,0.0600,0.0515,0.0166,0.0060
00819099,2018,3,-0.1813,0.0149,-0.0307,-0.1063
00819099,2019,4,-0.1297,-0.0261,0.0000,-0.0041
00819099,2020,1,-0.2478,-0.0387,-0.0828,-0.0709
00819099,2021,2,0.1224,0.0384,0.1044,0.0551
00819099,2022,6,-0.1211,0.0153,0.0178,-0.0419
00819099,2023,1,0.0427,0.0658,-0.0159,0.0000
00819099,2024,3,0.0000,0.0000,0.0704,0.0756
00819099,2025,5,0.0909,0.0965,0.1335,0.0101
00819099,2026,14,0.0508,0.0789,0.0369,-0.0082
00819404,2018,6,-0.0501,0.0195,-0.0084,-0.0406
00819404,2019,7,0.0000,0.0348,0.0399,0.0032
00819404,2020,5,-0.0348,0.0119,-0.0274,-0.0246
00819404,2021,2,0.0410,-0.0381,0.0258,0.0336
00819404,2022,8,-0.0541,0.0012,-0.0498,-0.0520
00819404,2023,1,0.0044,-0.0372,0.0000,0.0000
00819404,2024,6,-0.0189,0.0000,-0.0063,-0.0237
00819404,2025,7,-0.0801,-0.0776,-0.0838,-0.0986
00819404,2026,16,-0.0887,-0.0791,-0.0690,-0.0955
00819624,2018,5,-0.0623,-0.0566,-0.0473,-0.0636
00819624,2019,6,0.0105,0.0028,0.0000,0.0067
00819624,2020,3,-0.0153,0.0015,0.0004,-0.0169
00819624,2021,3,0.0583,0.0000,0.0446,0.0513
00819624,2022,7,-0.0400,-0.0432,-0.0242,-0.0273
00819624,2023,1,0.0000,-0.0435,-0.0034,0.0000
00819624,2024,6,-0.0356,-0.0184,-0.0281,-0.0308
00819624,2025,6,-0.0209,-0.0490,-0.0383,-0.0244
00819624,2026,16,-0.0500,-0.0873,-0.0773,-0.0575
00819811,2018,4,0.0129,-0.0096,-0.0057,-0.0695
00819811,2019,7,0.0290,0.0294,0.0069,0.0059
00819811,2020,2,-0.0553,-0.0113,0.0000,-0.0553
00819811,2021,3,0.0714,0.0275,0.0318,0.0697
00819811,2022,9,-0.0178,-0.1400,-0.0641,-0.0854
00819811,2023,1,-0.0115,-0.0967,-0.0538,0.0000
00819811,2024,6,0.0000,0.0000,-0.0600,-0.0289
00819811,2025,7,0.0410,0.0289,-0.0283,0.0042
00819811,2026,15,0.0129,-0.0100,-0.0292,-0.0430
00819962,2018,3,-0.0313,-0.0992,-0.0538,-0.0488
00819962,2019,9,0.0000,-0.0209,0.0000,0.0000
00819962,2020,2,-0.0313,0.0000,-0.0105,-0.0317
00819962,2021,3,0.0708,0.0119,0.0492,0.0269
00819962,2022,7,-0.1076,-0.1773,-0.1180,-0.1148
00819962,2023,1,0.0328,-0.0020,0.0066,0.0268
00819962,2024,6,-0.0238,0.0059,-0.0043,-0.0243
00819962,2025,7,-0.0285,-0.0374,-0.0190,-0.0269
00819962,2026,18,-0.0338,-0.0536,-0.0345,-0.0405
00820063,2018,4,-0.0281,-0.0578,-0.0149,-0.0276
00820063,2019,10,0.0094,0.0000,0.0000,0.0000
00820063,2020,3,-0.0725,-0.0429,-0.0366,-0.0655
00820063,2021,3,0.0510,-0.0163,0.0211,0.0553
00820063,2022,5,-0.0514,-0.0345,0.0012,-0.0365
00820063,2023,1,0.0000,0.0205,0.0228,0.0137
00820063,2024,8,-0.0769,0.0061,-0.0417,-0.0678
00820063,2025,4,-0.0385,-0.0371,-0.0376,-0.0355
00820063,2026,18,-0.0291,-0.0153,-0.0225,-0.0264
00820494,2018,5,-0.1219,-0.1536,-0.0718,-0.1108
00820494,2019,7,0.0000,-0.0115,-0.0108,0.0000
00820494,2020,5,-0.0221,0.0259,0.0133,-0.0011
00820494,2021,4,0.0363,0.0335,0.0338,0.0529
00820494,2022,8,-0.0363,-0.1076,-0.0610,-0.0444
00820494,2023,1,0.0003,-0.0085,0.0000,0.0231
00820494,2024,6,-0.0690,0.0000,-0.0199,-0.0566
00820494,2025,6,-0.0248,-0.0798,-0.0403,-0.0301
00820494,2026,17,-0.0604,-0.0769,-0.0734,-0.0556
00820564,2018,3,-0.0959,-0.1782,-0.0712,-0.1392
00820564,2019,7,0.0047,0.0000,0.0000,-0.0067
00820564,2020,5,-0.0177,0.0118,0.0032,0.0000
00820564,2021,4,0.0043,0.0201,0.0308,0.0262
00820564,2022,8,-0.0187,-0.1084,-0.0468,-0.0626
00820564,2023,2,-0.0128,-0.0411,-0.0134,-0.0083
00820564,2024,5,0.0000,-0.0145,-0.0127,0.0031
00820564,2025,6,0.0069,-0.1187,-0.0776,-0.0770
00820564,2026,15,-0.0211,-0.0834,-0.0810,-0.0737
00820727,2018,5,-0.0085,-0.0240,0.0144,-0.0096
00820727,2019,6,0.0026,-0.0010,0.0226,0.0033
00820727,2020,3,-0.0592,0.0113,-0.0303,-0.0469
00820727,2021,3,0.0177,0.0085,0.0381,0.0301
00820727,2022,8,0.0215,-0.0185,0.0171,-0.0057
00820727,2023,2,-0.0201,-0.1134,-0.0172,-0.0164
00820727,2024,6,0.0000,0.0000,0.0000,0.0000
00820727,2025,7,-0.0472,-0.0761,-0.0138,-0.0449
00820727,2026,15,-0.0171,-0.0821,-0.0402,-0.0376
00820754,2018,4,0.0344,0.0535,0.0760,0.0468
00820754,2019,8,0.0482,0.0740,0.0882,0.0608
00820754,2020,1,0.0000,0.0000,-0.0077,0.0000
00820754,2021,3,0.0763,0.0098,0.0703,0.0883
00820754,2022,9,-0.0491,-0.0884,-0.0178,-0.0517
00820754,2023,2,-0.0512,-0.1779,-0.1016,-0.0748
00820754,2024,7,-0.0401,-0.0068,0.0000,-0.0315
00820754,2025,7,0.0130,-0.0124,-0.0058,0.0166
00820754,2026,16,-0.0887,-0.0348,-0.0532,-0.0747
00820785,2018,5,-0.0139,-0.0564,-0.0018,-0.0447
00820785,2019,8,0.0301,0.0214,0.0390,0.0166
00820785,2020,2,-0.2008,-0.0510,-0.0958,-0.1561
00820785,2021,3,0.0190,0.0526,0.1155,0.0507
00820785,2022,7,-0.0269,-0.0762,-0.0211,-0.0252
00820785,2023,1,0.0000,-0.0012,-0.0157,0.0000
00820785,2024,6,-0.0314,0.0000,0.0000,-0.0144
00820785,2025,7,-0.0012,-0.0334,-0.0065,-0.0054
00820785,2026,15,-0.0171,0.0016,0.0161,-0.0185
00820788,2018,5,-0.0044,-0.0551,-0.0277,-0.0455
00820788,2019,8,0.0515,0.0155,0.0376,0.0162
00820788,2020,2,-0.0774,0.0002,-0.0235,-0.0559
00820788,2021,3,0.0000,0.0000,0.0260,0.0528
00820788,2022,7,-0.0288,-0.0543,-0.0423,-0.0243
00820788,2023,1,0.0143,-0.0685,-0.0453,0.0000
00820788,2024,6,-0.0059,-0.0256,0.0000,-0.0075
00820788,2025,7,0.0077,-0.0367,-0.0520,-0.0047
00820788,2026,15,-0.0475,-0.0450,-0.0343,-0.0315
00821564,2018,6,-0.0550,-0.0160,-0.0275,-0.0679
00821564,2019,6,0.0095,0.0382,0.0251,0.0042
00821564,2020,3,-0.0106,0.0076,0.0000,-0.0133
00821564,2021,3,0.0665,0.0000,0.0639,0.0558
00821564,2022,7,-0.0189,-0.0231,-0.0183,-0.0229
00821564,2023,1,0.0000,-0.0170,-0.0152,0.0000
00821564,2024,6,-0.0725,-0.0122,-0.0449,-0.0959
00821564,2025,6,-0.0334,-0.0707,-0.0454,-0.0367
00821564,2026,16,-0.0649,-0.0692,-0.0725,-0.0698
00821598,2018,5,-0.0023,-0.0796,-0.0199,-0.0584
00821598,2019,9,0.0009,0.0000,0.0000,0.0001
00821598,2020,5,0.0000,-0.0172,0.0078,-0.0065
00821598,2021,3,0.0438,0.0114,0.0398,0.0382
00821598,2022,8,-0.0079,-0.0081,0.0237,-0.0362
00821598,2023,1,-0.0059,-0.0170,-0.0035,0.0000
00821598,2024,6,-0.0037,0.0187,-0.0114,-0.0133
00821598,2025,8,-0.0278,-0.0558,-0.0715,-0.0814
00821598,2026,17,-0.0305,-0.0770,-0.0295,-0.0773
00821774,2018,4,0.0392,-0.0173,0.0121,-0.0246
00821774,2019,5,0.0189,0.0235,0.0051,0.0023
00821774,2020,3,-0.2028,-0.0495,-0.1466,-0.1893
00821774,2021,4,0.0035,-0.0111,0.0206,0.0029
00821774,2022,6,0.0317,0.0212,-0.0028,-0.0108
00821774,2024,5,-0.0035,0.0111,-0.0051,-0.0023
00821774,2025,6,0.0160,-0.0127,-0.0353,-0.0130
00821774,2026,16,-0.0322,-0.0410,-0.0583,-0.0494
00821780,2018,4,-0.0587,-0.0927,-0.0837,-0.0588
00821780,2019,8,0.0565,0.0306,0.0388,0.0397
00821780,2020,2,-0.3842,-0.1024,-0.2056,-0.3148
00821780,2021,2,0.1123,0.0108,0.0701,0.0937
00821780,2022,7,-0.0300,-0.0652,-0.0510,-0.0397
00821780,2024,7,-0.0565,-0.0108,-0.0388,-0.0397
00821780,2025,6,0.0142,-0.0686,-0.0519,0.0003
00821780,2026,17,-0.0070,-0.0594,-0.0677,-0.0107
00822304,2018,3,0.0575,-0.0776,-0.0173,-0.0591
00822304,2019,9,0.0222,0.0107,0.0068,0.0285
00822304,2020,3,-0.0151,0.0037,-0.0130,0.0000
00822304,2021,3,-0.0123,-0.0154,-0.0270,-0.0301
00822304,2022,6,-0.0071,-0.1060,-0.0426,-0.0977
00822304,2023,1,0.0025,0.0000,0.0131,0.0307
00822304,2024,6,0.0000,-0.0066,0.0000,-0.0047
00822304,2025,7,0.0336,-0.0520,-0.0266,-0.0483
00822304,2026,18,-0.0023,-0.0652,-0.0388,-0.0616
00822308,2018,4,0.0629,-0.0065,0.0191,-0.0451
00822308,2019,9,0.0231,0.0130,0.0186,0.0244
00822308,2020,3,0.0000,0.0000,0.0000,0.0000
00822308,2021,3,0.0072,0.0056,0.0004,-0.0264
00822308,2022,7,0.0030,-0.0556,-0.0432,-0.0743
00822308,2023,1,-0.0199,-0.0284,-0.0033,0.0203
00822308,2024,6,-0.0014,-0.0192,-0.0188,-0.0087
00822308,2025,7,0.0406,-0.0642,-0.0687,-0.0407
00822308,2026,18,-0.0055,-0.0900,-0.0581,-0.0682
00822321,2018,9,0.0163,-0.0370,-0.0292,-0.0196
00822321,2019,9,0.0009,0.0026,-0.0021,0.0215
00822321,2020,5,0.0234,0.0066,0.0021,0.0062
00822321,2021,3,-0.0020,-0.0100,0.0418,-0.0062
00822321,2022,8,0.0086,-0.0253,-0.0134,-0.0138
00822321,2024,4,-0.0009,-0.0026,-0.0327,-0.0485
00822321,2025,6,0.0092,-0.0340,0.0009,-0.0520
00822321,2026,16,0.0223,-0.0239,-0.0227,-0.0483
00822995,2018,5,-0.1043,-0.0871,-0.0324,-0.1049
00822995,2019,8,0.0248,0.0181,0.0214,0.0174
00822995,2020,4,-0.0378,-0.0143,-0.0111,-0.0174
00822995,2021,2,0.1032,0.0135,0.0111,0.0791
00822995,2022,8,-0.1098,-0.1009,-0.0683,-0.1152
00822995,2024,5,-0.0248,-0.0135,-0.0187,-0.0289
00822995,2025,8,0.0105,-0.0429,-0.0254,-0.0401
00822995,2026,17,-0.0291,-0.0309,-0.0429,-0.0813
00823790,2018,4,-0.0969,-0.0520,-0.0491,-0.0825
00823790,2019,9,-0.0208,0.0106,0.0267,0.0000
00823790,2020,4,-0.0141,0.0024,0.0000,-0.0051
00823790,2021,2,0.0572,-0.0170,0.0422,0.0650
00823790,2022,6,-0.0277,-0.0558,-0.0276,-0.0335
00823790,2023,1,0.0000,-0.0696,-0.0550,-0.0563
00823790,2024,6,0.0016,0.0000,-0.0092,0.0124
00823790,2025,4,0.0033,-0.0365,-0.0460,-0.0008
00823790,2026,18,-0.0169,-0.0382,-0.0420,-0.0214
00823954,2018,4,-0.0767,-0.0244,-0.0409,-0.0915
00823954,2019,5,0.0108,0.0471,0.0300,0.0132
00823954,2020,1,-0.3337,-0.0826,-0.2639,-0.3530
00823954,2021,2,0.0981,-0.0078,0.0965,0.0862
00823954,2022,5,-0.0529,0.0179,-0.0056,-0.0608
00823954,2024,5,-0.0108,0.0078,-0.0300,-0.0132
00823954,2025,4,-0.0019,0.0254,0.0059,-0.0139
00823954,2026,11,-0.0126,0.0250,0.0075,-0.0148
00824927,2018,4,-0.0144,-0.0437,-0.0368,-0.0324
00824927,2019,9,0.0012,0.0119,0.0209,0.0075
00824927,2020,2,-0.2312,-0.1250,-0.2207,-0.0740
00824927,2021,4,0.0253,0.0160,0.0222,0.0314
00824927,2022,7,-0.0159,-0.0240,-0.0540,-0.0243
00824927,2024,5,-0.0012,-0.0119,-0.0209,0.0000
00824927,2025,7,-0.0059,-0.0292,-0.0441,-0.0209
00824927,2026,15,-0.0271,-0.0346,-0.0613,-0.0298
00825313,2018,4,-0.0053,-0.0036,-0.0094,-0.0257
00825313,2019,9,0.0000,-0.0001,0.0000,0.0000
00825313,2020,3,-0.0897,0.0000,-0.0589,-0.0993
00825313,2021,4,0.0262,0.0161,0.0221,0.0352
00825313,2022,7,0.0088,0.0304,-0.0203,-0.0088
00825313,2023,1,-0.0268,-0.0279,-0.0394,-0.0130
00825313,2024,5,0.0251,0.0102,0.0267,0.0009
00825313,2025,7,0.0068,0.0043,0.0103,0.0086
00825313,2026,17,-0.0178,-0.0108,-0.0427,-0.0121
00825421,2018,7,-0.0092,-0.0437,-0.0411,-0.0140
00825421,2019,9,0.0019,0.0005,0.0000,0.0012
00825421,2020,5,-0.0191,0.0173,-0.0261,-0.0187
00825421,2021,3,0.0539,-0.0171,0.0174,0.0540
00825421,2022,7,-0.0185,-0.0331,-0.0220,-0.0170
00825421,2023,1,0.0000,-0.0113,0.0098,0.0000
00825421,2024,4,-0.0221,0.0000,-0.0276,-0.0209
00825421,2025,6,-0.0216,-0.0600,-0.0421,-0.0205
00825421,2026,16,-0.0259,-0.0465,-0.0466,-0.0249
00825638,2018,6,-0.1444,-0.0078,-0.0575,-0.0974
00825638,2019,6,0.0069,0.0206,0.0103,0.0000
00825638,2020,5,-0.0456,-0.0037,-0.0236,-0.0221
00825638,2021,2,0.0687,-0.0010,0.0339,0.0366
00825638,2022,8,-0.0752,-0.0202,-0.0631,-0.0382
00825638,2023,1,0.0000,0.0000,0.0000,0.0030
00825638,2024,5,-0.0204,0.0032,-0.0141,-0.0169
00825638,2025,7,-0.0869,-0.0537,-0.1225,-0.0732
00825638,2026,17,-0.0777,-0.0245,-0.1123,-0.0493
00825641,2018,7,-0.0561,-0.0419,-0.0173,-0.0486
00825641,2019,7,0.0073,0.0005,-0.0236,-0.0029
00825641,2020,5,-0.0722,-0.0026,-0.0144,-0.0548
00825641,2021,2,0.0342,-0.0005,0.0402,0.0371
00825641,2022,7,-0.0406,0.0068,-0.0006,-0.0248
00825641,2024,6,-0.0073,0.0109,0.0144,0.0029
00825641,2025,6,-0.0348,-0.0280,-0.0222,-0.0313
00825641,2026,16,-0.0649,-0.0525,-0.0868,-0.0619
00828395,2018,6,0.0020,0.0087,0.0008,0.0241
00828395,2019,8,-0.0116,0.0000,0.0234,-0.0389
00828395,2020,3,0.0307,0.0434,-0.0123,0.0048
00828395,2021,3,0.0301,0.0283,0.0005,0.0000
00828395,2022,7,-0.0318,-0.0199,-0.0131,-0.0322
00828395,2023,1,-0.0466,-0.0302,-0.0286,-0.0273
00828395,2024,5,0.0000,-0.0016,0.0000,0.0450
00828395,2025,8,-0.0718,-0.0473,-0.0500,-0.0382
00828395,2026,16,-0.1353,-0.0960,-0.1024,-0.0873
00829740,2018,5,-0.4922,-0.0845,-0.2660,-0.4047
00829740,2019,8,0.0057,0.0037,0.0000,0.0085
00829740,2020,3,0.0000,0.0175,0.0300,0.0000
00829740,2021,2,0.1185,0.0000,0.0431,0.0958
00829740,2022,7,-0.0149,0.0139,-0.0182,-0.0208
00829740,2023,2,-0.1339,-0.0535,-0.0235,-0.0647
00829740,2024,6,-0.0902,-0.0064,-0.0471,-0.0192
00829740,2025,7,-0.0477,0.0112,-0.0296,-0.0319
00829740,2026,15,-0.0964,-0.0129,-0.0591,-0.0641
PK00050277,2018,3,-0.0066,-0.0269,-0.0316,-0.0069
PK00050277,2019,5,0.0307,-0.0060,-0.0266,0.0304
PK00050277,2020,3,0.0000,-0.0033,-0.0188,0.0000
PK00050277,2021,4,0.0442,0.0000,0.0000,0.0421
PK00050277,2022,8,0.0311,0.0266,0.0158,0.0314
PK00050277,2023,2,-0.0119,0.0226,0.0255,-0.0093
PK00050277,2024,6,-0.0259,0.0307,0.0356,-0.0184
PK00050277,2025,7,0.0474,0.0429,0.0447,0.0476
PK00050277,2026,15,0.0225,0.0424,0.0164,0.0260
PK00050625,2018,4,-0.0214,-0.0686,-0.0089,-0.0346
PK00050625,2019,7,0.0000,-0.0138,0.0000,0.0086
PK00050625,2020,1,-0.0119,0.0035,-0.0072,-0.0149
PK00050625,2021,4,-0.0068,-0.0329,-0.0204,-0.0146
PK00050625,2022,9,0.0132,-0.0045,0.0052,-0.0040
PK00050625,2023,2,0.0013,0.0164,0.0377,0.0070
PK00050625,2024,7,0.0028,0.0000,0.0031,0.0000
PK00050625,2025,8,0.0098,-0.0472,-0.0286,-0.0051
PK00050625,2026,15,0.0039,-0.0646,-0.0260,-0.0042
PK00050626,2018,4,0.0208,-0.0260,0.0445,-0.0249
PK00050626,2019,7,-0.0170,0.0000,0.0000,-0.0006
PK00050626,2020,2,0.0023,0.0029,-0.0058,0.0048
PK00050626,2021,4,0.0046,-0.0666,-0.0369,-0.0031
PK00050626,2022,9,0.0122,-0.0492,0.0107,0.0036
PK00050626,2023,2,-0.0123,-0.0064,0.0070,0.0293
PK00050626,2024,7,0.0000,0.0165,0.0413,0.0000
PK00050626,2025,8,-0.1292,-0.1497,-0.0954,-0.1038
PK00050626,2026,14,-0.0412,-0.0630,-0.0132,-0.0220
PK00050627,2018,4,-0.0153,-0.0450,-0.0144,-0.0014
PK00050627,2019,7,0.0000,0.0000,-0.0218,-0.0034
PK00050627,2020,2,-0.0232,-0.0257,-0.0217,-0.0202
PK00050627,2021,4,0.0458,-0.0104,0.0204,0.0313
PK00050627,2022,9,-0.0133,-0.0483,-0.0823,-0.0121
PK00050627,2023,2,-0.0083,0.0181,0.0086,0.0000
PK00050627,2024,7,0.0103,0.0211,0.0000,0.0244
PK00050627,2025,8,0.0229,-0.0355,-0.0453,0.0097
PK00050627,2026,14,0.0314,-0.0325,-0.0469,0.0159
PK00050633,2018,4,-0.0176,0.0025,0.0018,-0.0151
PK00050633,2019,7,-0.0054,0.0337,0.0135,0.0000
PK00050633,2020,2,0.0260,0.0247,0.0000,0.0158
PK00050633,2021,4,0.0000,0.0000,0.0034,-0.0120
PK00050633,2022,9,-0.0218,-0.0326,-0.0572,-0.0260
PK00050633,2023,2,-0.1174,-0.0348,-0.0861,-0.0805
PK00050633,2024,7,0.0175,-0.0236,-0.0060,0.0021
PK00050633,2025,9,0.0650,0.0015,-0.0095,0.0415
PK00050633,2026,14,-0.0061,-0.0229,-0.0127,0.0059
PK00050824,2018,3,-0.0740,-0.0261,-0.0354,-0.0739
PK00050824,2019,6,0.0000,-0.0145,-0.0483,0.0000
PK00050824,2020,2,-0.0401,-0.0289,-0.0106,-0.0317
PK00050824,2021,3,0.0384,0.0000,0.0083,0.0218
PK00050824,2022,9,-0.0150,0.0226,-0.0238,-0.0074
PK00050824,2023,2,-0.0480,0.0212,0.0000,-0.0300
PK00050824,2024,6,0.0491,0.0426,0.0057,0.0496
PK00050824,2025,8,0.0140,0.0090,-0.0038,0.0174
PK00050824,2026,16,0.0011,0.0121,-0.0164,0.0126
PK00050825,2018,3,0.0076,0.0004,-0.0087,-0.0151
PK00050825,2019,6,0.0283,-0.0030,-0.0067,0.0164
PK00050825,2020,2,-0.0129,0.0147,0.0157,-0.0219
PK00050825,2021,3,0.0589,0.0000,-0.0066,0.0321
PK00050825,2022,9,0.0145,0.0174,0.0033,-0.0027
PK00050825,2023,2,-0.0014,-0.0140,0.0000,-0.0056
PK00050825,2024,6,0.0000,0.0152,0.0236,0.0000
PK00050825,2025,8,0.0254,-0.0001,-0.0200,0.0082
PK00050825,2026,16,-0.0121,-0.0179,-0.0133,-0.0078
PK00050870,2018,3,0.0292,-0.0552,-0.0582,0.0143
PK00050870,2019,4,-0.0165,0.0002,0.0124,-0.0112
PK00050870,2020,1,0.0000,0.0152,-0.0028,0.0000
PK00050870,2021,4,0.0476,-0.0328,0.0000,0.0321
PK00050870,2022,8,0.0271,-0.0147,0.0002,0.0191
PK00050870,2023,2,-0.0075,-0.0506,-0.0438,-0.0077
PK00050870,2024,6,0.0628,0.0000,0.0047,0.0637
PK00050870,2025,7,0.0747,0.0076,0.0097,0.0568
PK00050870,2026,13,0.0476,-0.0048,-0.0294,0.0440
PK00050920,2018,1,-0.0887,-0.0191,-0.0186,-0.1060
PK00050920,2019,6,-0.0817,-0.0276,-0.0377,-0.0833
PK00050920,2020,1,-0.1069,-0.0178,-0.0214,-0.0894
PK00050920,2021,2,0.1395,0.0140,0.0189,0.0669
PK00050920,2022,8,-0.0131,0.0475,0.0737,0.0051
PK00050920,2023,1,0.0000,0.0000,0.0000,0.0000
PK00050920,2024,4,0.1303,0.0658,0.0911,0.0758
PK00050920,2025,7,0.0620,0.0600,0.0715,0.0237
PK00050920,2026,16,0.0518,0.0486,0.0196,0.0197
PK00050921,2018,1,-0.0968,-0.0355,-0.0505,-0.0925
PK00050921,2019,6,-0.1428,-0.0299,-0.0439,-0.1174
PK00050921,2020,1,-0.1598,-0.0240,-0.0306,-0.1273
PK00050921,2021,2,0.0348,0.0000,0.0000,0.0312
PK00050921,2022,8,-0.0519,0.0468,0.0685,-0.0121
PK00050921,2023,1,0.0000,0.0395,0.0333,0.0000
PK00050921,2024,4,0.0465,0.0789,0.0783,0.0465
PK00050921,2025,7,0.0069,0.0365,0.0461,0.0041
PK00050921,2026,16,-0.0214,0.0372,-0.0007,-0.0081
PK00050922,2018,3,-0.4396,-0.0813,-0.1425,-0.2932
PK00050922,2019,7,-0.0796,-0.0035,-0.0813,-0.0659
PK00050922,2020,1,-0.1192,-0.0123,-0.0307,-0.0818
PK00050922,2021,2,0.1395,0.0000,0.0036,0.1013
PK00050922,2022,8,0.0186,0.0218,-0.0119,0.0287
PK00050922,2023,1,0.0000,0.0509,0.0073,0.0000
PK00050922,2024,4,0.0611,0.0364,0.0000,0.0564
PK00050922,2025,7,0.0292,0.0547,0.0297,0.0428
PK00050922,2026,16,0.0270,0.0656,0.0137,0.0477
PK00050924,2018,3,-0.1590,-0.0392,0.0234,-0.0851
PK00050924,2019,6,0.0000,0.0000,0.0000,0.0000
PK00050924,2020,1,-0.0115,-0.0357,-0.0160,-0.0221
PK00050924,2021,2,0.0765,-0.0184,-0.0085,0.0214
PK00050924,2022,8,0.0323,0.0191,0.0118,0.0097
PK00050924,2023,1,-0.0020,0.0271,0.0410,-0.0135
PK00050924,2024,6,0.0394,0.0005,0.0383,0.0391
PK00050924,2025,7,0.0640,0.0391,0.0460,0.0312
PK00050924,2026,15,0.0228,0.0218,0.0333,0.0234
PK00051021,2018,3,0.0691,-0.0082,0.0247,0.0319
PK00051021,2019,7,0.0631,0.0029,-0.0048,0.0442
PK00051021,2020,2,0.0000,0.0434,0.0471,0.0000
PK00051021,2021,4,-0.2438,-0.1586,-0.1635,-0.1805
PK00051021,2022,8,-0.0538,-0.0796,-0.0255,-0.0423
PK00051021,2023,1,0.0200,-0.0433,0.0027,-0.0054
PK00051021,2024,5,-0.0086,0.0000,0.0000,0.0047
PK00051021,2025,8,0.0231,0.0213,0.0374,0.0204
PK00051021,2026,15,-0.2069,-0.1327,-0.1117,-0.1492
PK00051059,2018,6,-0.1029,-0.0677,-0.1651,-0.1018
PK00051059,2019,7,-0.0170,-0.0288,-0.0681,-0.0199
PK00051059,2020,3,0.0000,-0.0656,-0.0977,0.0000
PK00051059,2021,3,0.0171,0.0115,0.0160,0.0074
PK00051059,2022,8,0.0152,-0.0252,-0.0413,0.0063
PK00051059,2023,1,-0.0119,0.0000,0.0000,-0.0121
PK00051059,2024,5,0.0823,0.0563,0.0182,0.0669
PK00051059,2025,7,0.0339,0.0268,-0.0221,0.0215
PK00051059,2026,16,0.0382,-0.0441,-0.0834,0.0281
PK00051060,2018,4,-0.0966,-0.0165,-0.0385,-0.0892
PK00051060,2019,7,0.0051,-0.0057,-0.0029,0.0055
PK00051060,2020,3,-0.0396,0.0000,0.0000,-0.0344
PK00051060,2021,3,0.0360,-0.0223,0.0191,0.0358
PK00051060,2022,8,-0.0081,0.0048,0.0083,-0.0054
PK00051060,2023,1,-0.0596,0.0111,-0.0062,-0.0549
PK00051060,2024,5,0.0000,0.0198,0.0106,0.0000
PK00051060,2025,7,-0.0075,0.0312,0.0079,-0.0086
PK00051060,2026,16,-0.0191,-0.0037,-0.0256,-0.0119
PK00051063,2018,5,0.0354,-0.0809,-0.0321,0.0108
PK00051063,2019,7,0.0639,0.0161,0.0000,0.0400
PK00051063,2020,1,-0.0228,-0.0224,0.0085,-0.0409
PK00051063,2021,3,0.0000,0.0000,0.0074,0.0000
PK00051063,2022,8,0.1399,0.0151,0.0144,0.0889
PK00051063,2023,1,-0.0358,-0.0021,-0.0098,-0.0123
PK00051063,2024,5,0.1537,0.0026,-0.0120,0.1020
PK00051063,2025,8,0.1286,0.0641,0.0458,0.0773
PK00051063,2026,16,0.1000,0.0530,0.0303,0.0649
PK00051064,2018,5,-0.0539,-0.0726,-0.0244,-0.0561
PK00051064,2019,7,0.0000,-0.0057,-0.0051,0.0000
PK00051064,2020,1,-0.0501,0.0009,0.0271,-0.0439
PK00051064,2021,3,0.0724,0.0000,0.0000,0.0499
PK00051064,2022,8,-0.0155,-0.0041,0.0132,-0.0010
PK00051064,2023,1,-0.1297,-0.0408,-0.0302,-0.0932
PK00051064,2024,5,0.0173,0.0071,0.0051,0.0172
PK00051064,2025,8,0.0122,0.0084,0.0499,0.0123
PK00051064,2026,16,0.0222,0.0142,0.0257,0.0178
PK00051065,2018,4,-0.1101,-0.0002,-0.0072,-0.0846
PK00051065,2019,7,0.0232,0.0000,0.0000,0.0103
PK00051065,2020,1,-0.0446,-0.0097,-0.0110,-0.0537
PK00051065,2021,3,0.1716,0.0490,0.0814,0.0861
PK00051065,2022,8,0.0297,0.0629,0.0389,0.0011
PK00051065,2023,1,-0.1654,-0.0085,0.0055,-0.1109
PK00051065,2024,6,0.0000,0.0110,-0.0301,0.0000
PK00051065,2025,8,0.0313,0.0076,-0.0173,0.0021
PK00051065,2026,16,0.0688,0.0551,0.0186,0.0392
PK00051066,2018,3,-0.0723,0.0588,0.0255,-0.0667
PK00051066,2019,6,0.0000,0.0366,0.0350,0.0000
PK00051066,2020,1,-0.2432,-0.0186,-0.0971,-0.1792
PK00051066,2021,3,0.0121,0.0000,0.0813,0.0173
PK00051066,2022,8,0.0158,0.0358,0.0449,0.0183
PK00051066,2023,1,0.0197,-0.0886,-0.0615,0.0051
PK00051066,2024,5,-0.0909,0.0384,0.0000,-0.0413
PK00051066,2025,8,-0.0320,-0.0362,0.0182,-0.0205
PK00051066,2026,15,-0.0408,0.0373,-0.0101,-0.0202
PK00051069,2018,4,-0.2749,-0.1260,-0.1222,-0.1891
PK00051069,2019,6,-0.0641,-0.0170,0.0000,-0.0546
PK00051069,2020,1,-0.1584,0.0189,-0.0779,-0.1297
PK00051069,2021,3,0.0673,0.0000,0.0308,0.0169
PK00051069,2022,8,-0.0098,-0.0500,-0.0295,-0.0062
PK00051069,2023,1,0.0000,0.0453,0.0786,0.0000
PK00051069,2024,5,0.0261,-0.0969,-0.0736,0.0264
PK00051069,2025,8,0.0227,-0.0553,-0.0494,0.0134
PK00051069,2026,15,0.0292,-0.0381,-0.0330,0.0233
PK00051095,2018,5,-0.0352,-0.0424,-0.0125,-0.0335
PK00051095,2019,7,0.0299,0.0000,0.0057,0.0000
PK00051095,2020,4,-0.0300,0.0332,0.0114,-0.0237
PK00051095,2021,3,0.1340,-0.0888,-0.0611,0.0447
PK00051095,2022,7,-0.0388,-0.0014,0.0251,-0.0158
PK00051095,2023,1,-0.1017,-0.0520,-0.0470,-0.0599
PK00051095,2024,6,0.0000,0.0010,0.0000,0.0110
PK00051095,2025,4,0.0299,0.0380,0.0299,0.0138
PK00051095,2026,16,0.0483,0.0115,0.0250,0.0197
PK00051326,2018,3,0.0006,-0.0749,0.0287,-0.0023
PK00051326,2019,7,0.0000,-0.0505,-0.0161,0.0000
PK00051326,2020,2,-0.0584,-0.0212,-0.0388,-0.0540
PK00051326,2021,2,0.0707,0.0054,0.0621,0.0635
PK00051326,2022,8,-0.0200,0.0047,-0.0034,-0.0186
PK00051326,2023,2,-0.0337,0.0294,0.0330,-0.0301
PK00051326,2024,6,0.0202,0.0000,0.0000,0.0219
PK00051326,2025,7,0.0366,0.0198,0.0086,0.0330
PK00051326,2026,17,-0.0023,-0.0098,-0.0568,-0.0042
PK00051327,2018,3,-0.0148,-0.0740,-0.0011,-0.0177
PK00051327,2019,7,0.0000,-0.0492,-0.0505,0.0000
PK00051327,2020,2,-0.0392,-0.0259,-0.0563,-0.0313
PK00051327,2021,2,0.1234,0.0000,0.0440,0.0907
PK00051327,2022,8,-0.0267,0.0073,0.0062,-0.0276
PK00051327,2023,2,-0.1002,0.0327,0.0087,-0.0724
PK00051327,2024,6,0.0328,0.0134,0.0000,0.0286
PK00051327,2025,7,0.0524,0.0078,-0.0055,0.0435
PK00051327,2026,17,0.0264,-0.0099,-0.0559,0.0051
PK00051375,2018,4,0.0110,-0.1004,-0.0367,-0.0085
PK00051375,2019,8,0.0112,0.0073,0.0174,0.0165
PK00051375,2020,2,-0.0105,0.0000,0.0000,-0.0050
PK00051375,2021,4,0.0202,0.0065,0.0151,0.0237
PK00051375,2022,7,0.0098,-0.0502,-0.0218,0.0022
PK00051375,2023,2,-0.0737,-0.0554,-0.0571,-0.0704
PK00051375,2024,6,0.0000,-0.0427,-0.0089,0.0000
PK00051375,2025,8,0.0202,-0.0648,-0.0446,0.0060
PK00051375,2026,15,-0.0002,-0.0843,-0.0551,-0.0084
PK00051377,2018,3,-0.0164,-0.0989,-0.0712,-0.0516
PK00051377,2019,8,0.0094,0.0103,0.0000,0.0166
PK00051377,2020,2,-0.0055,0.0021,0.0016,-0.0022
PK00051377,2021,4,0.0200,0.0000,0.0241,0.0290
PK00051377,2022,7,-0.0053,-0.0614,-0.0548,-0.0114
PK00051377,2023,2,-0.0855,-0.0347,-0.0528,-0.0673
PK00051377,2024,6,0.0000,-0.0295,-0.0225,0.0000
PK00051377,2025,8,0.0228,-0.0565,-0.0599,-0.0064
PK00051377,2026,15,-0.0098,-0.0849,-0.0752,-0.0320
PK00051378,2018,3,0.0192,-0.0310,0.0047,-0.0057
PK00051378,2019,8,0.0056,0.0074,0.0047,0.0068
PK00051378,2020,2,-0.0261,-0.0179,-0.0036,-0.0196
PK00051378,2021,3,0.0602,0.0000,0.0367,0.0560
PK00051378,2022,7,-0.0039,-0.0104,-0.0063,-0.0115
PK00051378,2023,1,-0.1774,-0.1156,-0.1050,-0.1792
PK00051378,2024,6,0.0000,0.0004,0.0000,0.0000
PK00051378,2025,8,0.0155,0.0100,0.0044,-0.0032
PK00051378,2026,15,-0.0136,-0.0258,-0.0067,-0.0330
PK00051433,2018,2,-0.0738,-0.1852,-0.1233,-0.0988
PK00051433,2019,6,0.0000,-0.0049,-0.0321,0.0000
PK00051433,2020,2,-0.0929,-0.0236,-0.0561,-0.0939
PK00051433,2021,2,0.0682,0.0050,0.0248,0.0599
PK00051433,2022,8,-0.0047,-0.0831,-0.0282,-0.0203
PK00051433,2023,1,0.0460,0.0035,0.0000,0.0364
PK00051433,2024,7,-0.0023,0.0000,0.0026,-0.0120
PK00051433,2025,9,0.0068,-0.1039,-0.0856,-0.0325
PK00051433,2026,16,0.0084,-0.0915,-0.0748,-0.0323
PK00051435,2018,2,-0.0498,-0.1481,-0.0891,-0.0913
PK00051435,2019,6,0.0000,-0.0382,-0.0112,0.0000
PK00051435,2020,2,-0.0243,0.0111,0.0116,-0.0260
PK00051435,2021,3,0.0687,0.0241,0.0634,0.0591
PK00051435,2022,8,-0.0345,-0.1176,-0.0659,-0.0713
PK00051435,2023,1,0.0183,-0.0193,0.0000,0.0194
PK00051435,2024,7,-0.0564,0.0000,-0.0021,-0.0546
PK00051435,2025,9,-0.0014,-0.0557,-0.0294,-0.0675
PK00051435,2026,16,-0.0072,-0.0648,-0.0711,-0.0778
PK00051543,2018,4,0.0859,0.0110,0.0021,0.0531
PK00051543,2019,9,0.1007,0.0249,0.0032,0.0702
PK00051543,2020,3,-0.1761,-0.0602,-0.0984,-0.1140
PK00051543,2021,3,-0.0186,-0.0359,-0.0691,-0.0068
PK00051543,2022,9,-0.0390,0.0258,0.0019,-0.0159
PK00051543,2023,1,0.0000,0.0260,0.0169,0.0000
PK00051543,2024,6,0.0361,0.0000,0.0000,0.0208
PK00051543,2025,8,0.0912,-0.0068,-0.0411,0.0318
PK00051543,2026,15,0.0969,-0.0086,-0.0507,0.0417
PK00051576,2018,4,-0.0685,0.0510,-0.0352,-0.0482
PK00051576,2019,5,0.0298,0.0884,0.0289,0.0251
PK00051576,2020,2,-0.1203,-0.0361,-0.0729,-0.0745
PK00051576,2021,4,0.0000,0.0000,0.0000,0.0000
PK00051576,2022,8,0.0003,0.0498,-0.0003,-0.0030
PK00051576,2023,2,0.0236,0.0708,0.0285,0.0252
PK00051576,2024,6,0.0000,-0.0395,-0.0469,-0.0239
PK00051576,2025,8,0.0176,0.0797,0.0002,-0.0060
PK00051576,2026,15,-0.0098,0.0330,-0.0328,-0.0360
PK00051623,2018,5,0.0160,0.0105,-0.0083,-0.0462
PK00051623,2019,9,0.0076,0.0272,0.0362,0.0000
PK00051623,2020,3,-0.0218,0.0153,-0.0049,-0.0273
PK00051623,2021,2,0.0135,-0.0189,0.0912,-0.0935
PK00051623,2022,9,-0.0154,-0.0268,-0.0385,-0.0379
PK00051623,2023,1,0.0000,0.0000,-0.0024,0.0043
PK00051623,2024,5,-0.0177,-0.0012,0.0000,0.0169
PK00051623,2025,7,-0.0442,-0.0327,-0.0493,-0.0519
PK00051623,2026,18,-0.0307,-0.0212,-0.0352,-0.0622
PK00051642,2018,5,-0.0402,-0.1054,-0.1216,-0.0956
PK00051642,2019,8,0.0128,0.0107,0.0036,0.0097
PK00051642,2020,4,-0.1255,-0.0412,-0.0789,-0.0926
PK00051642,2021,3,0.0322,-0.0107,-0.0036,0.0311
PK00051642,2022,6,0.0387,-0.0884,-0.0374,-0.0047
PK00051642,2024,6,-0.0128,0.0151,0.0153,-0.0097
PK00051642,2025,7,0.0439,-0.0391,-0.0179,-0.0185
PK00051642,2026,16,0.0265,-0.0468,-0.0427,-0.0258
PK00051643,2018,5,-0.0408,-0.0660,-0.0664,-0.0706
PK00051643,2019,8,0.0241,0.0381,0.0064,0.0186
PK00051643,2020,4,-0.1728,-0.0592,-0.1293,-0.1679
PK00051643,2021,3,0.0721,-0.0055,0.0047,0.0600
PK00051643,2022,6,-0.0224,-0.0534,-0.0336,-0.0416
PK00051643,2024,6,-0.0241,0.0055,-0.0047,-0.0186
PK00051643,2025,7,0.0323,0.0072,-0.0177,0.0015
PK00051643,2026,16,0.0022,-0.0689,-0.0546,-0.0414
PK00051721,2018,4,-0.0539,-0.0665,-0.0881,-0.0774
PK00051721,2019,7,0.0247,0.0691,0.0492,0.0099
PK00051721,2020,2,-0.1252,-0.0149,-0.0567,-0.0920
PK00051721,2021,3,0.0000,-0.0010,0.0000,0.0000
PK00051721,2022,6,-0.0824,-0.0356,-0.0712,-0.0659
PK00051721,2023,1,0.0512,0.1090,0.0456,0.0215
PK00051721,2024,6,-0.0698,0.0000,-0.0490,-0.0580
PK00051721,2025,6,-0.0063,0.0008,-0.0533,-0.0365
PK00051721,2026,17,-0.1575,-0.0066,-0.0845,-0.1175
PK00052344,2018,3,0.0206,-0.0975,-0.0543,-0.0159
PK00052344,2019,8,0.0357,0.0607,0.0299,0.0526
PK00052344,2020,4,-0.0424,0.0000,0.0000,-0.0132
PK00052344,2021,2,-0.3314,-0.0217,-0.1368,-0.2363
PK00052344,2022,6,-0.0080,-0.0745,-0.0502,-0.0047
PK00052344,2023,2,0.0191,0.0883,0.0247,0.0408
PK00052344,2024,6,0.0000,-0.0375,-0.0511,0.0000
PK00052344,2025,4,-0.0017,-0.0236,-0.1069,-0.0308
PK00052344,2026,15,-0.0207,-0.0586,-0.0970,-0.0483
PK00052384,2018,5,0.0023,0.0311,-0.0533,-0.0139
PK00052384,2019,6,0.0270,0.0000,0.0035,0.0188
PK00052384,2020,3,-0.0595,-0.0364,-0.1256,-0.0505
PK00052384,2021,2,0.0350,-0.0256,-0.0738,0.0250
PK00052384,2022,7,-0.0429,0.0004,-0.0458,-0.0340
PK00052384,2023,2,-0.0241,0.0864,0.0497,-0.0206
PK00052384,2024,5,0.0000,0.0386,0.0000,0.0000
PK00052384,2025,6,0.0079,0.0254,-0.0310,-0.0028
PK00052384,2026,17,0.0246,0.0503,-0.0434,0.0121
PK00052441,2018,3,-0.0357,-0.0214,-0.0007,-0.0466
PK00052441,2019,7,0.0096,-0.0125,0.0000,0.0032
PK00052441,2020,3,-0.0531,0.0000,-0.0084,-0.0202
PK00052441,2021,2,0.0561,-0.0434,0.0369,0.0560
PK00052441,2022,7,-0.0763,-0.0277,-0.0031,-0.0442
PK00052441,2023,2,0.0000,0.0128,-0.0232,0.0000
PK00052441,2024,4,-0.0910,0.0133,0.0040,-0.0682
PK00052441,2025,5,-0.0544,-0.0014,0.0041,-0.0378
PK00052441,2026,17,-0.0385,-0.0085,-0.0351,-0.0330
PK00053173,2018,3,0.0242,-0.0476,-0.0097,0.0360
PK00053173,2019,8,0.0264,0.0209,0.0341,0.0278
PK00053173,2020,3,-0.0838,-0.0236,-0.0397,-0.0657
PK00053173,2021,3,0.1015,0.0106,0.0472,0.1072
PK00053173,2022,6,0.0166,-0.0579,-0.0115,0.0049
PK00053173,2024,7,-0.0264,-0.0106,-0.0341,-0.0278
PK00053173,2025,5,0.0445,-0.0203,0.0135,0.0334
PK00053173,2026,16,-0.0077,-0.0290,-0.0273,-0.0046
PK00053443,2018,5,0.0113,-0.0685,-0.0815,-0.0202
PK00053443,2019,8,0.0473,0.0428,0.0159,0.0335
PK00053443,2020,3,-0.0589,0.0000,0.0090,-0.0400
PK00053443,2021,3,0.0562,-0.0358,0.0000,0.0379
PK00053443,2022,7,0.0298,-0.0449,-0.0431,-0.0077
PK00053443,2023,2,-0.3221,-0.1010,-0.2073,-0.2343
PK00053443,2024,7,0.0000,0.0280,-0.0028,0.0000
PK00053443,2025,4,0.0642,-0.0490,-0.0365,0.0194
PK00053443,2026,18,0.0352,-0.0377,-0.0475,-0.0111
PK00053445,2018,6,-0.1641,-0.1576,-0.1160,-0.1399
PK00053445,2019,8,0.0126,0.0216,0.0121,0.0262
PK00053445,2020,3,-0.0830,-0.0191,-0.0289,-0.0670
PK00053445,2021,3,0.0863,0.0428,0.0210,0.0891
PK00053445,2022,7,-0.1247,-0.0793,-0.0592,-0.1198
PK00053445,2023,2,-0.2731,0.0000,-0.1191,-0.1974
PK00053445,2024,7,0.0000,-0.0081,0.0000,0.0000
PK00053445,2025,4,-0.0325,-0.0644,-0.0090,-0.0523
PK00053445,2026,18,-0.0410,-0.0556,-0.0704,-0.0573
PK00053680,2018,2,-0.0468,-0.0110,-0.0294,-0.0490
PK00053680,2019,8,0.0424,0.0423,0.0308,0.0296
PK00053680,2020,2,-0.1524,-0.0292,-0.0438,-0.1090
PK00053680,2021,2,0.0522,-0.0463,0.0000,0.0271
PK00053680,2022,6,0.0110,-0.0459,-0.0300,-0.0212
PK00053680,2023,1,0.0000,0.0000,0.0047,0.0000
PK00053680,2024,7,-0.0849,0.0039,-0.0412,-0.0444
PK00053680,2025,6,-0.0002,0.0076,-0.0220,-0.0289
PK00053680,2026,18,-0.0119,0.0052,-0.0166,-0.0337
PK00054071,2018,2,-0.0246,0.0026,0.0022,0.0072
PK00054071,2019,8,0.0606,0.0543,0.0861,0.0719
PK00054071,2020,4,0.0000,-0.0585,-0.0314,0.0000
PK00054071,2021,2,0.1626,0.0000,0.0617,0.1148
PK00054071,2022,7,-0.1286,-0.0354,0.0013,-0.0406
PK00054071,2023,1,-0.1727,0.0153,0.0000,-0.0517
PK00054071,2024,6,-0.0967,-0.1066,-0.0759,-0.0324
PK00054071,2025,8,-0.0810,0.0108,0.0380,-0.0057
PK00054071,2026,15,-0.0488,-0.0271,0.0206,0.0065
PK00054153,2018,2,-0.0716,-0.0216,0.0053,-0.0460
PK00054153,2019,7,0.0000,-0.0389,0.0127,0.0000
PK00054153,2020,2,-0.0433,-0.0681,0.0000,-0.0319
PK00054153,2021,2,0.1198,0.0106,-0.0458,0.0645
PK00054153,2022,9,0.0000,-0.0028,-0.0050,-0.0049
PK00054153,2023,1,-0.0322,0.0000,0.0464,-0.0159
PK00054153,2024,7,0.0343,0.0075,-0.0138,0.0178
PK00054153,2025,8,0.0225,0.0154,-0.0163,0.0054
PK00054153,2026,15,0.0298,0.0041,0.0055,0.0128
PK00054155,2018,2,-0.0226,-0.0614,-0.0914,-0.0501
PK00054155,2019,7,0.0000,0.0000,-0.0086,0.0000
PK00054155,2020,2,-0.0335,-0.0350,-0.0782,-0.0350
PK00054155,2021,2,0.1902,0.0419,0.1407,0.1094
PK00054155,2022,9,0.0469,0.0002,-0.0367,0.0077
PK00054155,2023,1,0.0270,-0.0535,0.0000,0.0086
PK00054155,2024,7,-0.0333,0.0429,0.0312,-0.0187
PK00054155,2025,8,0.0282,0.0080,0.0118,-0.0093
PK00054155,2026,15,0.0313,0.0166,0.0108,-0.0026
PK00054162,2018,3,-0.0577,-0.0656,-0.0311,-0.0778
PK00054162,2019,8,-0.0055,-0.0461,-0.0258,-0.0031
PK00054162,2020,2,-0.0097,-0.0157,0.0062,-0.0120
PK00054162,2021,2,0.1346,0.0311,0.0683,0.1161
PK00054162,2022,8,-0.0007,-0.0404,-0.0649,-0.0126
PK00054162,2024,6,0.0055,0.0157,-0.0062,0.0031
PK00054162,2025,8,0.0190,-0.0125,-0.0339,-0.0048
PK00054162,2026,16,-0.0144,0.0001,-0.0015,0.0101
PK00054163,2018,3,-0.0352,-0.0666,-0.0217,-0.0664
PK00054163,2019,8,-0.0079,-0.0256,-0.0197,-0.0063
PK00054163,2020,2,-0.0177,-0.0076,0.0005,-0.0184
PK00054163,2021,2,0.1191,0.0222,0.0515,0.1003
PK00054163,2022,8,-0.0492,-0.0431,-0.0528,-0.0373
PK00054163,2024,6,0.0079,0.0076,-0.0005,0.0063
PK00054163,2025,8,-0.0241,-0.0424,-0.0387,-0.0350
PK00054163,2026,16,-0.0302,-0.0459,-0.0431,-0.0228
PK00054164,2018,4,-0.1154,-0.1849,-0.1217,-0.1367
PK00054164,2019,7,-0.0046,-0.0002,0.0011,-0.0056
PK00054164,2020,2,0.0046,-0.0030,-0.0011,-0.0015
PK00054164,2021,2,0.1239,0.0002,0.0453,0.1072
PK00054164,2022,8,-0.0341,-0.0450,-0.0336,-0.0323
PK00054164,2024,6,-0.0096,0.0016,-0.0076,0.0015
PK00054164,2025,8,-0.0346,-0.0366,-0.0339,-0.0317
PK00054164,2026,17,-0.0559,-0.0536,-0.0687,-0.0314
PK00054165,2018,4,-0.1224,-0.1072,-0.1009,-0.1254
PK00054165,2019,6,0.0028,-0.0233,-0.0061,0.0017
PK00054165,2020,2,-0.0229,-0.0055,-0.0079,-0.0209
PK00054165,2021,2,0.1042,0.0166,0.0411,0.0901
PK00054165,2022,8,-0.0283,-0.0206,-0.0406,-0.0286
PK00054165,2024,6,-0.0028,0.0055,0.0061,-0.0017
PK00054165,2025,8,-0.0244,-0.0571,-0.0539,-0.0332
PK00054165,2026,17,-0.0578,-0.0498,-0.0599,-0.0445
PK00054166,2018,3,-0.1652,-0.0686,-0.0524,-0.1342
PK00054166,2019,6,-0.0461,-0.0383,-0.0200,-0.0321
PK00054166,2020,2,-0.0328,-0.0129,0.0005,-0.0280
PK00054166,2021,2,0.1336,0.0832,0.1020,0.0970
PK00054166,2022,8,-0.0566,0.0034,-0.0178,-0.0366
PK00054166,2024,6,0.0328,0.0129,-0.0005,0.0280
PK00054166,2025,8,0.0094,-0.0143,-0.0176,-0.0009
PK00054166,2026,16,-0.0031,-0.0167,-0.0081,0.0056
PK00054167,2018,3,-0.0649,-0.0287,-0.0143,-0.0640
PK00054167,2019,6,-0.0209,-0.0150,-0.0203,-0.0003
PK00054167,2020,2,0.0000,0.0000,-0.0080,0.0000
PK00054167,2021,3,0.1324,0.0199,0.0342,0.1194
PK00054167,2022,8,-0.0192,0.0088,-0.0207,-0.0062
PK00054167,2023,1,-0.0860,-0.0005,0.0000,-0.0568
PK00054167,2024,6,0.0136,0.0303,0.0178,0.0149
PK00054167,2025,8,0.0219,0.0251,0.0066,0.0114
PK00054167,2026,16,0.0246,0.0075,-0.0177,0.0268
PK00054168,2018,3,-0.0699,-0.0580,-0.0352,-0.0421
PK00054168,2019,6,-0.0013,-0.0225,-0.0091,0.0028
PK00054168,2020,2,0.0013,0.0086,-0.0016,-0.0028
PK00054168,2021,3,0.1177,-0.0086,0.0227,0.1233
PK00054168,2022,8,-0.0439,0.0018,-0.0357,-0.0210
PK00054168,2024,6,-0.0305,0.0149,0.0016,-0.0083
PK00054168,2025,8,-0.0165,0.0259,0.0132,-0.0188
PK00054168,2026,16,-0.0007,0.0093,0.0000,0.0134
PK00054169,2018,2,-0.0933,-0.0781,-0.0202,-0.0920
PK00054169,2019,5,0.0297,-0.0033,-0.0105,-0.0057
PK00054169,2020,2,-0.0304,0.0331,0.0204,-0.0273
PK00054169,2021,3,0.2118,-0.0177,0.0105,0.1500
PK00054169,2022,8,-0.0249,-0.0006,-0.0434,-0.0245
PK00054169,2024,6,-0.0297,0.0033,-0.0619,0.0057
PK00054169,2025,8,-0.0070,-0.0031,-0.0480,-0.0041
PK00054169,2026,15,-0.0102,-0.0199,-0.0365,-0.0094
PK00054170,2018,3,-0.0764,-0.0974,-0.1111,-0.1119
PK00054170,2019,6,0.0204,-0.0274,-0.0288,-0.0087
PK00054170,2020,2,-0.0322,0.0057,-0.0099,-0.0228
PK00054170,2021,3,0.2231,-0.0057,0.0099,0.1659
PK00054170,2022,8,-0.0776,-0.0312,-0.0615,-0.0837
PK00054170,2024,6,-0.0204,0.0740,0.0298,0.0087
PK00054170,2025,8,0.0286,-0.0032,-0.0236,0.0042
PK00054170,2026,15,0.0003,-0.0070,-0.0319,-0.0251
PK00054180,2018,3,-0.0510,-0.0541,-0.0424,-0.0308
PK00054180,2019,8,0.0329,0.0582,0.0265,0.0325
PK00054180,2020,3,-0.0909,-0.0484,-0.0339,-0.0687
PK00054180,2021,3,0.0000,-0.0710,0.0000,0.0000
PK00054180,2022,8,-0.0644,0.0274,0.0116,-0.0433
PK00054180,2023,1,0.0264,0.0785,0.0337,0.0243
PK00054180,2024,7,-0.0501,0.0000,-0.0213,-0.0270
PK00054180,2025,8,-0.0118,0.0292,0.0002,-0.0087
PK00054180,2026,15,-0.0245,0.0360,-0.0012,-0.0091
PK00054230,2018,4,-0.2732,-0.1770,-0.1968,-0.2547
PK00054230,2019,5,0.0056,-0.0034,0.0000,0.0032
PK00054230,2020,3,0.0000,0.0270,0.0216,0.0000
PK00054230,2021,2,-0.2536,-0.1583,-0.1783,-0.2278
PK00054230,2022,9,0.0074,-0.0326,0.0303,0.0021
PK00054230,2023,1,0.0577,0.0359,0.0685,0.0598
PK00054230,2024,6,-0.0203,0.0000,-0.0111,-0.0226
PK00054230,2025,6,-0.0234,-0.0967,-0.0444,-0.0337
PK00054230,2026,17,-0.0238,-0.0737,-0.0632,-0.0338
PK00054233,2018,3,-0.1252,-0.0635,-0.0305,-0.0808
PK00054233,2019,4,0.0380,0.0162,0.0397,0.0252
PK00054233,2020,3,0.0000,0.0203,0.0317,0.0000
PK00054233,2021,2,-0.2555,-0.0693,-0.1173,-0.2033
PK00054233,2022,9,-0.0028,0.0159,0.0039,-0.0018
PK00054233,2023,1,0.0388,0.0000,0.0000,0.0449
PK00054233,2024,6,-0.0246,-0.0020,-0.0038,-0.0003
PK00054233,2025,6,0.0154,0.0194,0.0408,0.0162
PK00054233,2026,17,0.0082,0.0097,0.0136,0.0009
PK00054287,2018,4,-0.0819,-0.1501,-0.1881,-0.1108
PK00054287,2019,8,-0.0245,0.0043,0.0106,-0.0165
PK00054287,2020,2,-0.0846,-0.0135,-0.0331,-0.0637
PK00054287,2021,2,0.0310,-0.0018,0.0974,0.0165
PK00054287,2022,6,-0.0832,-0.1716,-0.1497,-0.0933
PK00054287,2024,7,0.0245,0.0018,-0.0106,0.0362
PK00054287,2025,4,-0.0839,-0.1566,-0.1163,-0.1026
PK00054287,2026,16,-0.0619,-0.1451,-0.1492,-0.0867
PK00054296,2018,4,-0.0960,-0.0275,-0.0147,-0.0726
PK00054296,2019,9,-0.0448,-0.0145,-0.0228,-0.0234
PK00054296,2020,2,-0.4057,0.0169,-0.0461,-0.1947
PK00054296,2021,2,0.1053,-0.0264,0.0228,0.0317
PK00054296,2022,7,-0.0987,0.0057,0.0336,-0.0662
PK00054296,2024,7,0.0448,0.0145,0.0448,0.0234
PK00054296,2025,4,0.0237,-0.0201,0.0272,0.0038
PK00054296,2026,16,0.0523,0.0507,0.0911,0.0167
PK00054326,2018,2,-0.2496,-0.1297,-0.1456,-0.2126
PK00054326,2019,8,0.0000,0.0000,-0.0080,0.0000
PK00054326,2020,4,-0.0018,-0.0122,0.0000,-0.0002
PK00054326,2021,3,0.0384,0.0188,0.0519,0.0319
PK00054326,2022,8,-0.0312,-0.0314,-0.0507,-0.0226
PK00054326,2023,2,-0.0139,0.0264,0.0352,-0.0050
PK00054326,2024,7,0.0234,-0.0012,-0.0258,0.0113
PK00054326,2025,8,0.0383,0.0252,0.0283,0.0366
PK00054326,2026,17,0.0274,0.0185,0.0051,0.0253
PK00054328,2018,2,-0.3210,-0.1282,-0.1012,-0.2475
PK00054328,2019,8,0.0116,-0.0104,0.0000,-0.0015
PK00054328,2020,4,-0.0555,-0.0189,-0.0278,-0.0415
PK00054328,2021,3,0.0336,0.0113,0.0465,0.0313
PK00054328,2022,8,-0.0355,-0.0492,-0.0316,-0.0294
PK00054328,2023,2,-0.0029,0.0029,0.0395,0.0000
PK00054328,2024,6,0.0000,0.0000,-0.0055,0.0072
PK00054328,2025,8,0.0157,-0.0058,0.0195,0.0180
PK00054328,2026,16,0.0319,-0.0121,0.0081,0.0335
PK00054366,2018,5,-0.0965,-0.1057,-0.0484,-0.0925
PK00054366,2019,9,0.0241,0.0842,0.0528,0.0267
PK00054366,2020,6,-0.0241,0.0212,-0.0108,-0.0267
PK00054366,2021,3,0.0299,-0.0733,0.0108,0.0267
PK00054366,2022,8,-0.0064,0.0349,0.0086,-0.0078
PK00054366,2024,7,-0.0710,-0.0212,-0.0556,-0.0489
PK00054366,2025,7,0.0056,0.0566,0.0299,0.0044
PK00054366,2026,15,-0.0246,0.0611,0.0360,-0.0220
PK00054422,2018,2,-0.1789,-0.0878,-0.0792,-0.1469
PK00054422,2019,5,0.0000,-0.0130,-0.0372,0.0000
PK00054422,2020,2,-0.0595,-0.0573,-0.0976,-0.0488
PK00054422,2021,4,0.0014,0.0170,0.0124,0.0044
PK00054422,2022,8,-0.0190,0.0228,0.0106,-0.0138
PK00054422,2023,2,-0.0390,0.0000,0.0000,-0.0295
PK00054422,2024,6,0.0373,0.0216,0.0195,0.0380
PK00054422,2025,7,0.0219,0.0069,0.0094,0.0264
PK00054422,2026,14,0.0107,0.0054,-0.0337,0.0157
PK00054423,2018,1,-0.0889,-0.0920,-0.0777,-0.0362
PK00054423,2019,5,0.0000,-0.0161,-0.0409,0.0000
PK00054423,2020,2,-0.0715,-0.0656,-0.0887,-0.0568
PK00054423,2021,4,0.0063,0.0000,0.0000,0.0120
PK00054423,2022,8,-0.0008,0.0106,0.0084,0.0161
PK00054423,2023,2,-0.0242,0.0015,0.0139,-0.0168
PK00054423,2024,4,0.0362,0.0121,0.0105,0.0398
PK00054423,2025,7,0.0122,-0.0030,0.0118,0.0272
PK00054423,2026,14,-0.0156,0.0028,-0.0201,0.0040
PK00054493,2018,4,-0.0801,-0.0492,-0.0465,-0.0785
PK00054493,2019,5,-0.0224,0.0000,-0.0240,-0.0215
PK00054493,2020,4,-0.0260,-0.0140,-0.0324,-0.0253
PK00054493,2021,3,0.0392,0.0222,0.0329,0.0361
PK00054493,2022,9,0.0131,0.0066,-0.0153,0.0106
PK00054493,2023,1,0.0000,-0.0114,0.0000,0.0000
PK00054493,2024,5,0.0324,0.0390,0.0427,0.0324
PK00054493,2025,8,0.0301,-0.0230,0.0014,0.0277
PK00054493,2026,14,-0.0429,-0.0445,-0.0308,-0.0432
PK00054494,2018,5,-0.0773,-0.0677,-0.0622,-0.0847
PK00054494,2019,5,-0.0070,-0.0372,-0.0147,-0.0106
PK00054494,2020,4,-0.0031,0.0000,0.0000,-0.0056
PK00054494,2021,3,0.0862,0.0299,0.0099,0.0770
PK00054494,2022,9,-0.0332,-0.0330,-0.0456,-0.0381
PK00054494,2023,1,0.0217,0.0410,0.0310,0.0164
PK00054494,2024,5,0.0000,-0.0025,-0.0017,0.0000
PK00054494,2025,8,0.0122,-0.0236,-0.0203,0.0050
PK00054494,2026,13,-0.0138,-0.0272,-0.0272,-0.0183
PK00054496,2018,2,0.0332,-0.0342,-0.0037,0.0171
PK00054496,2019,5,0.0000,-0.0434,-0.0206,-0.0016
PK00054496,2020,4,-0.0136,0.0000,0.0000,-0.0131
PK00054496,2021,3,0.1483,0.0273,0.0004,0.1170
PK00054496,2022,9,-0.0021,-0.0208,-0.0284,0.0032
PK00054496,2023,1,-0.0140,0.0416,0.0508,0.0000
PK00054496,2024,5,0.0077,-0.0135,-0.0032,0.0179
PK00054496,2025,8,0.0458,-0.0153,-0.0114,0.0395
PK00054496,2026,13,0.0112,-0.0205,-0.0193,0.0130
PK00054497,2018,5,-0.3181,-0.0584,-0.0993,-0.2824
PK00054497,2019,5,0.0000,-0.0371,-0.0085,-0.0072
PK00054497,2020,4,0.0146,0.0000,0.0226,0.0043
PK00054497,2021,3,0.1117,0.0032,0.0000,0.0931
PK00054497,2022,9,0.0146,-0.0082,0.0253,0.0095
PK00054497,2023,1,-0.0034,0.0479,0.1058,0.0000
PK00054497,2024,5,-0.0232,-0.0286,-0.0108,-0.0156
PK00054497,2025,8,0.0410,-0.0076,0.0153,0.0295
PK00054497,2026,13,0.0029,-0.0093,0.0286,0.0094
PK00054560,2018,1,0.0030,-0.0137,-0.0154,-0.0093
PK00054560,2019,5,0.0065,-0.0102,-0.0152,0.0000
PK00054560,2020,3,-0.0368,0.0000,-0.0084,-0.0393
PK00054560,2021,3,0.0500,-0.0192,0.0000,0.0410
PK00054560,2022,8,-0.0534,0.0023,-0.0266,-0.0539
PK00054560,2023,1,-0.0180,0.0314,0.0309,-0.0182
PK00054560,2024,6,0.0000,0.0276,0.0161,0.0029
PK00054560,2025,8,0.0166,0.0061,0.0052,0.0095
PK00054560,2026,14,-0.0054,0.0120,-0.0315,-0.0139
PK00054562,2018,2,-0.3222,-0.1506,-0.1481,-0.2791
PK00054562,2019,6,0.0000,0.0423,0.0431,-0.0248
PK00054562,2020,4,-0.0072,0.0134,0.0332,0.0000
PK00054562,2021,3,0.0745,-0.0161,-0.0076,0.0569
PK00054562,2022,8,0.0173,0.0311,0.1165,0.0120
PK00054562,2023,2,-0.3268,-0.0788,-0.1828,-0.2863
PK00054562,2024,7,0.0332,0.0000,0.0000,0.0036
PK00054562,2025,8,0.0576,0.0076,0.0537,0.0167
PK00054562,2026,14,-0.0020,-0.0104,0.0098,-0.0285
PK00054564,2018,2,-0.3264,-0.1483,-0.1721,-0.2900
PK00054564,2019,6,0.0000,-0.0169,-0.0115,0.0000
PK00054564,2020,3,-0.0396,-0.0345,0.0000,-0.0361
PK00054564,2021,3,0.0781,0.0189,0.0453,0.0677
PK00054564,2022,8,0.0248,0.0589,0.0415,0.0210
PK00054564,2023,1,0.0051,0.1027,0.0812,0.0049
PK00054564,2024,7,-0.0238,0.0000,-0.0204,-0.0207
PK00054564,2025,8,0.0118,-0.0035,-0.0225,0.0063
PK00054564,2026,14,-0.1011,-0.0202,-0.1297,-0.0945
PK00054565,2018,3,-0.0371,-0.0673,-0.1188,-0.0489
PK00054565,2019,5,0.0449,0.0032,0.0193,0.0272
PK00054565,2020,3,0.0000,0.0000,-0.0485,-0.0187
PK00054565,2021,3,0.1469,-0.0197,0.0567,0.0780
PK00054565,2022,8,0.0314,0.0184,-0.0229,0.0254
PK00054565,2023,1,-0.0127,0.0256,0.0000,-0.0024
PK00054565,2024,7,-0.0021,-0.0098,-0.0398,0.0000
PK00054565,2025,8,0.0365,0.0294,0.0220,0.0138
PK00054565,2026,14,0.0026,-0.0729,-0.1418,-0.0508
PK00054566,2018,4,-0.0972,-0.0443,-0.0765,-0.0997
PK00054566,2019,6,0.0000,0.0000,0.0000,0.0000
PK00054566,2020,3,-0.0359,-0.0280,-0.1078,-0.0420
PK00054566,2021,4,0.0381,0.0477,0.0896,0.0197
PK00054566,2022,8,0.0210,-0.0005,-0.0128,0.0088
PK00054566,2023,1,0.0031,-0.0341,-0.0158,0.0042
PK00054566,2024,7,-0.0242,0.0195,0.0216,-0.0133
PK00054566,2025,8,0.0293,0.0202,0.0091,0.0221
PK00054566,2026,14,0.0358,-0.0056,0.0112,0.0159
PK00054569,2018,3,-0.0175,-0.0088,-0.0256,-0.0336
PK00054569,2019,6,0.0543,0.0341,0.0052,0.0446
PK00054569,2020,3,-0.0051,-0.0035,-0.0295,-0.0139
PK00054569,2021,4,0.0000,-0.0214,0.0116,0.0000
PK00054569,2022,8,0.0461,0.0215,-0.0109,0.0472
PK00054569,2023,1,0.0283,0.0242,0.0000,0.0221
PK00054569,2024,7,-0.0509,0.0000,-0.0391,-0.0416
PK00054569,2025,8,0.0343,0.0042,-0.0105,0.0260
PK00054569,2026,14,0.0024,-0.0113,-0.0488,-0.0051
PK00054570,2018,3,-0.0665,-0.0079,0.0141,-0.0628
PK00054570,2019,6,0.0477,0.0207,0.0311,0.0367
PK00054570,2020,4,-0.0104,-0.0199,-0.0151,-0.0227
PK00054570,2021,4,0.0000,0.0051,0.0351,0.0000
PK00054570,2022,8,0.0070,0.0493,0.0366,0.0087
PK00054570,2023,1,0.0079,0.0000,0.0000,0.0102
PK00054570,2024,7,-0.0334,-0.0053,-0.0058,-0.0257
PK00054570,2025,8,0.0275,0.0054,0.0385,0.0219
PK00054570,2026,14,-0.0146,-0.0348,-0.0181,-0.0123
PK00054571,2018,3,-0.0438,-0.0979,-0.0519,-0.0469
PK00054571,2019,6,0.0509,0.0000,0.0073,0.0373
PK00054571,2020,4,0.0000,-0.0204,-0.0219,-0.0145
PK00054571,2021,4,0.0267,-0.0153,0.0000,0.0158
PK00054571,2022,8,0.0236,0.0127,0.0201,0.0157
PK00054571,2023,1,-0.0196,0.0308,0.0018,-0.0117
PK00054571,2024,7,-0.0005,0.0076,-0.0051,0.0000
PK00054571,2025,8,0.0236,0.0090,0.0147,0.0093
PK00054571,2026,14,-0.0115,-0.0328,-0.0345,-0.0105
PK00054572,2018,2,-0.0061,-0.0648,-0.0210,-0.0243
PK00054572,2019,6,0.0266,0.0052,0.0327,0.0184
PK00054572,2020,4,-0.0348,-0.0221,-0.0170,-0.0382
PK00054572,2021,4,0.0347,-0.0241,0.0281,0.0206
PK00054572,2022,8,0.0031,0.0028,0.0250,0.0092
PK00054572,2023,1,-0.0273,0.0141,0.0000,-0.0162
PK00054572,2024,7,0.0000,0.0000,-0.0051,0.0000
PK00054572,2025,8,0.0216,0.0088,0.0322,0.0068
PK00054572,2026,14,-0.0149,-0.0285,-0.0101,-0.0178
PK00054579,2018,3,-0.0768,-0.0290,-0.0188,-0.0958
PK00054579,2019,6,0.0237,0.0172,0.0000,0.0033
PK00054579,2020,4,-0.0373,0.0000,-0.0277,-0.0517
PK00054579,2021,4,0.0324,-0.0205,0.0180,0.0180
PK00054579,2022,8,-0.0039,0.0107,-0.0086,-0.0198
PK00054579,2023,1,-0.0182,0.0075,0.0055,-0.0281
PK00054579,2024,7,0.0000,-0.0024,-0.0181,0.0000
PK00054579,2025,8,0.0130,0.0017,-0.0004,-0.0029
PK00054579,2026,14,-0.0161,-0.0109,-0.0348,-0.0241
PK00054580,2018,3,0.0035,-0.0216,-0.0142,-0.0703
PK00054580,2019,6,0.0879,0.0135,0.0103,0.0263
PK00054580,2020,4,-0.0200,-0.0035,-0.0301,-0.0443
PK00054580,2021,4,0.0496,-0.0303,0.0224,0.0211
PK00054580,2022,8,0.0438,0.0114,0.0009,-0.0074
PK00054580,2023,1,0.0000,0.0000,0.0000,-0.0200
PK00054580,2024,7,-0.0395,0.0023,-0.0182,0.0000
PK00054580,2025,8,0.0699,0.0066,0.0050,0.0251
PK00054580,2026,14,0.0076,-0.0191,-0.0406,0.0002
PK00054581,2018,3,-0.0656,-0.0379,-0.0124,-0.0836
PK00054581,2019,6,0.0328,0.0329,0.0236,0.0163
PK00054581,2020,4,-0.0544,-0.0011,-0.0113,-0.0519
PK00054581,2021,4,0.0047,0.0000,0.0205,0.0160
PK00054581,2022,8,-0.0107,0.0082,-0.0038,-0.0237
PK00054581,2023,1,0.0000,0.0158,0.0000,0.0000
PK00054581,2024,7,-0.0283,-0.0088,-0.0016,-0.0006
PK00054581,2025,8,0.0232,-0.0082,0.0215,0.0125
PK00054581,2026,14,-0.0131,-0.0066,-0.0130,-0.0018
PK00054583,2018,3,-0.1727,-0.0734,0.0219,-0.1617
PK00054583,2019,6,0.0000,0.0289,0.0742,-0.0012
PK00054583,2020,4,-0.0672,0.0000,-0.0126,-0.0665
PK00054583,2021,4,0.0510,-0.0445,0.0665,0.0349
PK00054583,2022,8,-0.0018,-0.0106,0.0149,-0.0190
PK00054583,2023,1,-0.0010,0.0033,-0.0302,0.0000
PK00054583,2024,7,0.0083,-0.0271,0.0000,0.0153
PK00054583,2025,8,0.0442,0.0322,0.0460,0.0146
PK00054583,2026,14,0.0167,-0.0023,0.0193,-0.0009
PK00054585,2018,3,0.0352,-0.0198,0.0126,-0.0038
PK00054585,2019,7,0.0563,0.0117,0.0000,0.0115
PK00054585,2020,4,-0.0505,0.0050,-0.0374,-0.0606
PK00054585,2021,4,0.0175,-0.0336,0.0096,-0.0041
PK00054585,2022,8,0.0565,0.0022,-0.0128,0.0412
PK00054585,2023,1,-0.0127,0.0000,0.0141,0.0134
PK00054585,2024,7,0.0000,-0.0210,-0.0080,0.0000
PK00054585,2025,8,0.0607,0.0151,0.0223,0.0461
PK00054585,2026,14,0.0491,0.0328,0.0086,0.0247
PK00054586,2018,2,0.0084,-0.0182,0.0114,0.0007
PK00054586,2019,7,0.0360,0.0224,-0.0070,0.0307
PK00054586,2020,4,-0.1029,-0.0099,-0.0369,-0.1006
PK00054586,2021,4,0.0036,-0.0269,0.0003,0.0000
PK00054586,2022,8,0.0094,0.0196,0.0023,0.0063
PK00054586,2023,1,0.0000,0.0140,0.0689,0.0001
PK00054586,2024,7,-0.0156,0.0000,0.0000,-0.0163
PK00054586,2025,8,0.0370,0.0090,0.0203,0.0302
PK00054586,2026,14,0.0129,0.0127,0.0249,0.0069
PK00054663,2018,5,0.0295,-0.0446,0.0173,0.0246
PK00054663,2019,7,0.0567,0.0435,0.0303,0.0621
PK00054663,2020,4,0.0224,0.0152,0.0121,0.0371
PK00054663,2021,3,-0.0935,-0.0995,-0.0108,-0.0731
PK00054663,2022,7,-0.0323,-0.0031,-0.0017,-0.0214
PK00054663,2023,1,0.0000,0.0000,0.0000,0.0000
PK00054663,2024,8,-0.0732,-0.0094,-0.0406,-0.0465
PK00054663,2025,8,-0.0236,0.0144,-0.0097,-0.0230
PK00054663,2026,14,-0.0774,-0.0229,-0.0390,-0.0597
PK00054890,2018,5,-0.1809,-0.0863,-0.1441,-0.1173
PK00054890,2019,9,-0.0170,-0.0566,-0.0842,-0.0093
PK00054890,2020,2,0.0220,0.0000,0.0050,0.0000
PK00054890,2021,3,-0.0068,0.0191,-0.0018,-0.0197
PK00054890,2022,8,-0.0183,-0.0286,-0.0355,-0.0260
PK00054890,2023,1,0.0605,0.0435,0.0800,0.0367
PK00054890,2024,5,0.0000,-0.0132,0.0000,0.0094
PK00054890,2025,7,0.0425,-0.0187,-0.0217,0.0166
PK00054890,2026,16,0.0022,-0.0158,-0.0382,-0.0050
PK00054915,2018,5,-0.1410,-0.0932,-0.0522,-0.0731
PK00054915,2019,9,0.0163,-0.0255,-0.0139,0.0154
PK00054915,2020,5,0.0000,-0.0180,-0.0203,-0.0031
PK00054915,2021,4,-0.0104,0.0000,0.0000,0.0000
PK00054915,2022,9,0.0384,-0.0638,-0.0483,0.0334
PK00054915,2023,1,0.0365,0.0096,0.0074,0.0305
PK00054915,2024,6,-0.0475,0.0001,0.0142,-0.0166
PK00054915,2025,8,0.0124,-0.0524,-0.0203,0.0083
PK00054915,2026,16,-0.0327,-0.0487,-0.0275,-0.0167
PK00054916,2018,5,-0.1934,-0.0403,-0.0272,-0.0875
PK00054916,2019,9,0.0291,0.0267,-0.0066,0.0068
PK00054916,2020,5,0.0458,0.0000,0.0000,-0.0415
PK00054916,2021,4,-0.0052,0.0014,0.0046,0.0000
PK00054916,2022,9,-0.0160,-0.0533,-0.0408,-0.0033
PK00054916,2023,1,0.0000,-0.0462,0.0056,0.0115
PK00054916,2024,6,-0.1428,-0.0119,-0.0505,-0.0580
PK00054916,2025,8,-0.0463,-0.0271,-0.0345,-0.0381
PK00054916,2026,16,-0.0231,-0.0374,-0.0612,-0.0365
PK00054917,2018,5,-0.1421,0.0119,-0.0134,-0.0824
PK00054917,2019,9,0.0011,0.0978,0.0879,0.0076
PK00054917,2020,5,0.0000,0.0344,-0.0020,-0.0261
PK00054917,2021,4,0.0246,-0.0181,0.0301,0.0244
PK00054917,2022,9,-0.0534,0.0486,0.0376,-0.0354
PK00054917,2023,1,-0.0368,0.0000,0.0000,0.0000
PK00054917,2024,6,-0.0932,-0.0055,-0.0064,-0.0311
PK00054917,2025,8,0.0721,0.0288,0.0276,-0.0146
PK00054917,2026,16,0.0651,0.0577,0.0288,-0.0358
PK00054962,2018,6,-0.0980,-0.0273,-0.0549,-0.0729
PK00054962,2019,8,0.0077,0.0014,0.0290,0.0008
PK00054962,2020,5,0.0000,0.0000,0.0000,0.0014
PK00054962,2021,2,0.0000,0.0265,0.0527,0.0000
PK00054962,2022,8,0.0030,-0.0014,-0.0049,0.0197
PK00054962,2023,1,-0.3379,-0.1416,-0.1302,-0.1583
PK00054962,2024,7,-0.0490,-0.0055,-0.0141,-0.0171
PK00054962,2025,7,-0.0564,0.0077,0.0146,-0.0278
PK00054962,2026,15,-0.0571,0.0123,-0.0130,-0.0173
PK00054964,2018,6,-0.1133,-0.0744,-0.1000,-0.0992
PK00054964,2019,8,0.0000,0.0000,0.0000,0.0000
PK00054964,2020,5,0.0886,0.0379,0.0137,0.0511
PK00054964,2021,2,0.0547,-0.0195,0.0465,0.0470
PK00054964,2022,8,0.1206,-0.0080,-0.0018,0.0624
PK00054964,2023,1,-0.6060,-0.2314,-0.4023,-0.3934
PK00054964,2024,7,-0.0378,0.0118,-0.0152,-0.0504
PK00054964,2025,7,-0.0977,-0.0526,-0.0285,-0.0762
PK00054964,2026,15,-0.3016,-0.0496,-0.0602,-0.2293
PK00054973,2018,6,-0.0433,-0.0239,0.0036,-0.0746
PK00054973,2019,9,0.0917,0.0163,0.0661,0.0626
PK00054973,2020,6,0.0000,-0.0354,0.0000,0.0000
PK00054973,2021,2,0.1042,0.0883,0.1128,0.0954
PK00054973,2022,8,0.0506,0.0184,0.0515,0.0357
PK00054973,2023,1,-0.5175,-0.1829,-0.3108,-0.4256
PK00054973,2024,6,-0.0066,0.0000,-0.0123,-0.0134
PK00054973,2025,8,-0.1233,-0.0940,-0.1623,-0.1510
PK00054973,2026,14,-0.1706,-0.0561,-0.0729,-0.1834
PK00054979,2018,6,-0.0200,-0.0144,-0.0379,-0.0347
PK00054979,2019,8,0.1001,0.0421,0.0557,0.0600
PK00054979,2020,6,0.0000,-0.0134,-0.0274,0.0000
PK00054979,2021,2,0.1120,0.0000,0.0614,0.0949
PK00054979,2022,8,0.0584,0.0311,0.0076,0.0202
PK00054979,2023,1,-0.5967,-0.1330,-0.2771,-0.3736
PK00054979,2024,5,-0.0957,0.0125,0.0000,-0.0385
PK00054979,2025,8,-0.0818,-0.0053,0.0141,-0.0674
PK00054979,2026,16,-0.1258,0.0207,-0.0172,-0.0816
PK00055030,2018,4,-0.2410,-0.1272,-0.1739,-0.1653
PK00055030,2019,5,0.0000,-0.0116,0.0368,0.0027
PK00055030,2020,5,-0.0240,0.0000,0.0000,-0.0151
PK00055030,2021,2,0.0035,0.0265,0.0296,0.0000
PK00055030,2022,8,-0.0247,0.0058,-0.0518,-0.0275
PK00055030,2023,1,0.0113,0.0116,-0.0823,0.0232
PK00055030,2024,6,-0.0154,-0.0059,-0.1117,-0.0212
PK00055030,2025,6,-0.0140,-0.0032,-0.0825,-0.0362
PK00055030,2026,16,0.0260,0.0154,-0.0483,-0.0140
PK00055135,2018,4,-0.0873,-0.0372,-0.0671,-0.0873
PK00055135,2019,10,0.0000,0.0186,0.0099,0.0000
PK00055135,2020,3,-0.0559,-0.0216,-0.0142,-0.0275
PK00055135,2021,4,0.0241,0.0000,0.0270,0.0247
PK00055135,2022,9,-0.0669,-0.0276,-0.0288,-0.0535
PK00055135,2023,1,-0.0175,-0.0102,0.0000,-0.0074
PK00055135,2024,5,0.0039,0.0067,-0.0050,0.0078
PK00055135,2025,8,-0.0836,-0.0486,-0.0582,-0.0748
PK00055135,2026,15,-0.0873,-0.0672,-0.0606,-0.0801
PK00055136,2018,4,-0.1570,-0.0659,-0.0854,-0.1154
PK00055136,2019,9,0.0000,0.0000,-0.0095,0.0000
PK00055136,2020,3,-0.0812,0.0013,0.0000,-0.0290
PK00055136,2021,3,0.0803,-0.0356,0.0328,0.0530
PK00055136,2022,9,-0.0519,-0.0112,-0.0137,-0.0262
PK00055136,2023,1,-0.0450,-0.0671,-0.0371,-0.0107
PK00055136,2024,5,0.0297,0.0021,0.0274,0.0359
PK00055136,2025,8,0.0255,-0.0302,-0.0217,-0.0120
PK00055136,2026,15,0.0505,-0.0409,-0.0334,0.0049
PK00055137,2018,4,-0.1713,-0.0476,-0.0448,-0.1119
PK00055137,2019,9,0.0000,0.0262,0.0000,0.0000
PK00055137,2020,3,-0.0496,0.0000,-0.0017,-0.0294
PK00055137,2021,3,0.0910,-0.0053,0.0555,0.0386
PK00055137,2022,9,-0.0313,-0.0080,-0.0122,-0.0482
PK00055137,2023,1,-0.2278,-0.1157,-0.1950,-0.1575
PK00055137,2024,5,0.0367,0.0394,0.0386,0.0140
PK00055137,2025,7,0.0462,0.0074,0.0266,-0.0025
PK00055137,2026,16,0.0531,0.0074,0.0083,-0.0025
PK00055140,2018,4,-0.1415,-0.0515,-0.0826,-0.1439
PK00055140,2019,8,0.0000,0.0399,-0.0175,0.0000
PK00055140,2020,3,-0.0584,-0.0676,0.0000,-0.0420
PK00055140,2021,3,0.0336,0.0000,0.0157,0.0205
PK00055140,2022,9,0.0000,0.0037,0.0370,-0.0144
PK00055140,2023,1,-0.2869,-0.0721,-0.2368,-0.2555
PK00055140,2024,5,0.0514,0.0559,0.0291,0.0400
PK00055140,2025,7,0.0873,0.0976,0.0253,0.0497
PK00055140,2026,16,0.0919,0.0689,0.0388,0.0433
PK00055376,2018,4,-0.0276,-0.0704,-0.0439,-0.0517
PK00055376,2019,7,0.0000,-0.0189,-0.0369,0.0000
PK00055376,2020,1,-0.0521,-0.0967,-0.0678,-0.0457
PK00055376,2021,4,0.0548,0.0030,0.0015,0.0593
PK00055376,2022,7,-0.0029,-0.0064,0.0290,-0.0126
PK00055376,2023,2,0.0145,0.1292,0.0602,0.0291
PK00055376,2024,7,-0.0290,0.0000,0.0000,-0.0041
PK00055376,2025,7,0.0375,0.0093,0.0170,0.0343
PK00055376,2026,16,0.0097,-0.0296,-0.0577,-0.0238
PK00055388,2018,4,-0.0472,-0.1920,-0.0724,-0.0820
PK00055388,2019,8,0.0000,0.0000,-0.0048,0.0000
PK00055388,2020,2,-0.2335,-0.2092,-0.1851,-0.2220
PK00055388,2021,4,0.0739,0.0387,0.0527,0.0602
PK00055388,2022,8,-0.0374,-0.1414,-0.0599,-0.0426
PK00055388,2023,2,0.0093,0.0619,0.0049,0.0074
PK00055388,2024,8,-0.0173,-0.0411,0.0000,-0.0185
PK00055388,2025,8,0.0284,-0.0814,-0.0344,0.0065
PK00055388,2026,16,0.0118,-0.0720,0.0056,-0.0167
PK00055467,2018,4,0.0489,-0.0667,-0.0313,-0.0999
PK00055467,2019,7,0.0479,-0.0026,0.0000,0.0032
PK00055467,2020,2,-0.2198,-0.1391,-0.1652,-0.2487
PK00055467,2021,4,0.0574,0.0251,0.0333,0.0429
PK00055467,2022,7,0.0374,-0.0782,-0.0684,-0.0548
PK00055467,2023,2,-0.0021,0.0796,0.0022,0.0000
PK00055467,2024,7,0.0000,0.0000,-0.0192,-0.0349
PK00055467,2025,7,0.0449,-0.0120,-0.0314,0.0061
PK00055467,2026,15,0.0270,-0.0528,-0.0779,-0.0758
PK00055493,2018,5,-0.1503,-0.0181,-0.0923,-0.1242
PK00055493,2019,5,-0.0026,-0.0107,0.0000,0.0000
PK00055493,2020,2,-0.0930,-0.1050,-0.0512,-0.0763
PK00055493,2021,3,0.1322,0.0000,0.0393,0.1360
PK00055493,2022,8,0.0555,0.0320,0.0455,0.0320
PK00055493,2023,2,0.0641,0.1599,0.0384,0.0529
PK00055493,2024,5,0.0000,0.0374,-0.0446,-0.0199
PK00055493,2025,7,0.0698,0.0683,0.0395,0.0487
PK00055493,2026,15,0.0224,0.0470,-0.0145,-0.0041
PK00055518,2018,5,0.0894,0.2257,0.1206,-0.0344
PK00055518,2019,5,0.0000,0.0424,0.0000,0.0000
PK00055518,2020,2,-0.1995,-0.1863,-0.1584,-0.1609
PK00055518,2021,3,0.2601,-0.0062,0.0805,0.1747
PK00055518,2022,8,0.1664,0.2521,0.1461,0.0725
PK00055518,2023,1,0.0789,0.1053,-0.0085,0.0668
PK00055518,2024,5,-0.0826,0.0000,0.0145,-0.0533
PK00055518,2025,7,0.1706,0.2917,0.1677,0.0889
PK00055518,2026,16,0.1032,0.1250,0.0368,0.0165
PK00055532,2018,5,-0.0585,0.0289,-0.0721,-0.0920
PK00055532,2019,5,0.0000,0.0000,0.0000,-0.0018
PK00055532,2020,2,-0.0920,-0.1474,-0.1066,-0.0828
PK00055532,2021,3,0.1453,0.0803,0.0588,0.1330
PK00055532,2022,8,0.0793,0.0737,0.0250,0.0455
PK00055532,2023,1,0.0604,0.1130,0.0290,0.0534
PK00055532,2024,5,-0.0019,-0.0246,-0.0673,0.0000
PK00055532,2025,7,0.0989,0.1352,0.0273,0.0641
PK00055532,2026,15,0.0168,0.0541,-0.0530,-0.0030
PK00055547,2018,5,0.1775,0.1738,0.0771,0.0066
PK00055547,2019,5,0.0000,0.0000,0.0336,0.0000
PK00055547,2020,2,-0.2169,-0.1892,-0.2451,-0.1694
PK00055547,2021,3,0.1912,0.0286,0.0390,0.1252
PK00055547,2022,8,0.1809,0.1445,0.0007,0.0567
PK00055547,2023,1,0.0642,0.1485,0.0000,0.0557
PK00055547,2024,5,-0.0370,-0.1543,-0.1250,-0.0231
PK00055547,2025,7,0.1637,0.2864,0.0362,0.0682
PK00055547,2026,16,0.1066,0.0968,-0.0373,-0.0005
PK00055550,2018,5,-0.0904,0.0385,-0.0097,-0.0640
PK00055550,2019,5,0.0000,0.0000,0.0000,0.0000
PK00055550,2020,2,-0.2462,-0.0706,-0.0786,-0.1765
PK00055550,2021,3,0.1211,0.0780,0.0929,0.0856
PK00055550,2022,8,-0.0311,0.0188,0.0062,-0.0267
PK00055550,2023,1,0.0581,0.0988,0.0991,0.0765
PK00055550,2024,5,-0.1434,-0.0397,-0.0470,-0.0802
PK00055550,2025,7,0.0035,0.1380,0.0921,0.0290
PK00055550,2026,15,-0.0607,0.0174,0.0221,-0.0379
PK00055603,2018,5,0.0049,-0.0349,-0.0108,-0.1328
PK00055603,2019,5,0.0195,0.0147,0.0165,0.0124
PK00055603,2020,2,-0.1360,-0.0172,-0.1348,-0.1506
PK00055603,2021,4,0.0480,0.0000,0.0280,0.0000
PK00055603,2022,7,0.0237,0.0403,0.0265,-0.0640
PK00055603,2023,2,-0.0080,-0.0205,0.0000,0.0065
PK00055603,2024,6,0.0000,0.0068,-0.0500,-0.0131
PK00055603,2025,7,0.0594,0.0418,0.0257,-0.0303
PK00055603,2026,15,0.0199,-0.0111,-0.0533,-0.0831
PK00055605,2018,4,0.0672,-0.0359,0.0101,-0.0554
PK00055605,2019,5,0.0059,0.0000,0.0295,0.0276
PK00055605,2020,2,-0.1314,-0.0847,-0.1245,-0.1279
PK00055605,2021,4,0.0505,0.0342,0.0578,0.0409
PK00055605,2022,7,0.0450,-0.0023,-0.0245,-0.0115
PK00055605,2023,2,-0.0542,-0.0332,-0.0207,0.0000
PK00055605,2024,6,0.0000,0.0070,0.0000,-0.0003
PK00055605,2025,7,0.0487,0.0011,-0.0012,-0.0047
PK00055605,2026,15,0.0189,-0.0889,-0.0598,-0.0410
PK00055606,2018,5,-0.0607,-0.0993,-0.0093,-0.1040
PK00055606,2019,6,0.0182,0.0068,0.0412,0.0128
PK00055606,2020,2,-0.1525,-0.0897,-0.0843,-0.1565
PK00055606,2021,4,0.0483,0.0039,0.0510,0.0474
PK00055606,2022,7,-0.0042,-0.0807,-0.0171,-0.0297
PK00055606,2023,2,-0.0078,0.0000,0.0000,0.0000
PK00055606,2024,6,0.0000,-0.0251,-0.0011,-0.0070
PK00055606,2025,7,-0.0103,-0.0455,-0.0177,-0.0239
PK00055606,2026,15,-0.0655,-0.1169,-0.0508,-0.0811
PK00055631,2018,5,-0.1303,-0.1877,-0.0607,-0.2107
PK00055631,2019,5,0.0330,0.0283,0.0516,0.0357
PK00055631,2020,2,-0.2692,-0.1388,-0.1796,-0.2471
PK00055631,2021,4,0.0000,-0.0597,-0.0188,0.0000
PK00055631,2022,7,-0.0786,-0.1199,-0.0521,-0.0968
PK00055631,2023,2,0.0093,0.0780,0.0594,0.0344
PK00055631,2024,6,-0.0503,0.0000,0.0000,-0.0411
PK00055631,2025,7,-0.0602,-0.0698,-0.0565,-0.0766
PK00055631,2026,15,-0.1089,-0.1272,-0.1054,-0.1104
PK00055640,2018,5,-0.0195,-0.0439,-0.0197,-0.0822
PK00055640,2019,6,0.0111,0.0267,0.0141,0.0000
PK00055640,2020,3,-0.0332,-0.0347,-0.0375,-0.0521
PK00055640,2021,4,0.0083,0.0000,0.0000,0.0055
PK00055640,2022,7,0.0253,0.0262,-0.0143,-0.0135
PK00055640,2023,2,0.0000,0.0008,0.0130,0.0005
PK00055640,2024,6,-0.0158,-0.0433,-0.0293,-0.0442
PK00055640,2025,7,0.0257,0.0224,0.0047,-0.0095
PK00055640,2026,15,0.0007,-0.0495,-0.0525,-0.0362
PK00055647,2018,5,-0.0943,-0.2127,-0.2247,-0.1602
PK00055647,2019,6,0.0087,0.0000,0.0011,0.0000
PK00055647,2020,3,-0.0606,-0.0007,-0.0449,-0.0576
PK00055647,2021,4,0.0264,0.0786,0.0000,0.0273
PK00055647,2022,7,-0.0185,-0.0848,-0.0613,-0.0481
PK00055647,2023,2,0.0000,0.0677,0.0239,0.0111
PK00055647,2024,6,-0.0405,-0.0785,-0.0619,-0.0594
PK00055647,2025,7,-0.0064,-0.0490,-0.1011,-0.0267
PK00055647,2026,14,-0.0187,-0.0949,-0.1092,-0.0647
PK00055648,2018,5,-0.0772,-0.0975,-0.1066,-0.1364
PK00055648,2019,6,-0.0003,0.0000,0.0000,0.0000
PK00055648,2020,3,-0.0507,-0.0057,-0.0491,-0.0427
PK00055648,2021,4,0.0056,0.0159,0.0150,0.0252
PK00055648,2022,7,0.0170,-0.0471,-0.0169,-0.0133
PK00055648,2023,1,0.0266,0.0654,0.0017,0.0424
PK00055648,2024,5,0.0000,-0.0282,-0.0695,-0.0428
PK00055648,2025,7,0.0575,-0.0119,-0.0366,0.0134
PK00055648,2026,14,0.0071,-0.0246,-0.0656,-0.0378
PK00055654,2018,4,0.0680,-0.1225,-0.0798,-0.0936
PK00055654,2019,6,0.0165,0.0000,0.0000,0.0000
PK00055654,2020,2,-0.1939,-0.0784,-0.1384,-0.1816
PK00055654,2021,4,0.0045,0.0157,0.0110,0.0127
PK00055654,2022,7,0.0690,-0.0693,-0.0425,-0.0320
PK00055654,2023,2,-0.0240,0.0202,0.0071,0.0019
PK00055654,2024,6,0.0000,-0.0536,-0.0424,-0.0519
PK00055654,2025,7,0.0843,-0.0302,-0.0560,-0.0370
PK00055654,2026,15,-0.0099,-0.1380,-0.1258,-0.0947
PK00055677,2018,5,-0.0549,-0.0736,-0.0199,-0.0798
PK00055677,2019,6,-0.0329,0.0000,-0.0079,-0.0371
PK00055677,2020,2,-0.1285,-0.0755,-0.0969,-0.1269
PK00055677,2021,4,0.0093,-0.0167,0.0023,0.0003
PK00055677,2022,9,-0.0261,-0.0278,-0.0304,-0.0341
PK00055677,2023,1,0.0126,0.0071,0.0257,0.0040
PK00055677,2024,6,0.0000,0.0067,0.0000,0.0000
PK00055677,2025,7,0.0115,-0.0216,0.0039,-0.0028
PK00055677,2026,15,-0.0248,-0.0262,-0.0196,-0.0427
PK00055683,2018,5,-0.0192,-0.0735,-0.0638,-0.0296
PK00055683,2019,6,0.0076,0.0000,0.0222,0.0086
PK00055683,2020,2,-0.0644,-0.0196,-0.0401,-0.0653
PK00055683,2021,4,-0.0021,-0.0355,-0.0254,-0.0031
PK00055683,2022,8,-0.0084,-0.0342,-0.0375,-0.0183
PK00055683,2023,1,0.0223,0.0165,0.0319,0.0235
PK00055683,2024,6,0.0000,0.0033,0.0000,0.0000
PK00055683,2025,7,0.0157,-0.0383,-0.0226,0.0094
PK00055683,2026,15,-0.0215,-0.0455,-0.0400,-0.0276
PK00055684,2018,5,-0.0124,0.0166,0.0165,-0.0401
PK00055684,2019,6,0.0000,0.0000,0.0000,0.0000
PK00055684,2020,2,-0.0816,-0.0703,-0.0888,-0.0764
PK00055684,2021,4,-0.0494,-0.0216,-0.0256,-0.0375
PK00055684,2022,9,-0.0004,0.0000,0.0004,-0.0135
PK00055684,2023,1,0.0072,0.0470,0.0290,0.0148
PK00055684,2024,6,0.0086,0.0109,0.0187,0.0128
PK00055684,2025,7,0.0370,-0.0173,-0.0010,0.0090
PK00055684,2026,15,-0.0017,-0.0061,-0.0419,-0.0173
PK00055685,2018,5,-0.0301,-0.0053,-0.0003,-0.0376
PK00055685,2019,6,-0.0084,0.0000,0.0000,-0.0092
PK00055685,2020,2,-0.0999,-0.0628,-0.0764,-0.0997
PK00055685,2021,4,0.0032,-0.0198,-0.0219,0.0026
PK00055685,2022,9,-0.0093,-0.0235,-0.0186,-0.0132
PK00055685,2023,1,0.0195,0.0390,0.0319,0.0194
PK00055685,2024,6,0.0000,0.0083,0.0165,0.0000
PK00055685,2025,7,0.0053,-0.0208,-0.0125,0.0011
PK00055685,2026,15,-0.0255,-0.0236,-0.0411,-0.0309
PK00055689,2018,5,-0.0343,-0.0535,-0.0288,-0.0567
PK00055689,2019,6,-0.0184,-0.0200,-0.0212,-0.0273
PK00055689,2020,2,-0.1279,-0.1244,-0.1220,-0.1309
PK00055689,2021,4,0.0094,0.0043,0.0000,0.0000
PK00055689,2022,9,-0.0246,-0.0093,-0.0276,-0.0401
PK00055689,2023,1,0.0209,0.0000,0.0084,0.0069
PK00055689,2024,6,0.0000,0.0204,0.0119,0.0001
PK00055689,2025,7,0.0138,-0.0094,0.0117,0.0040
PK00055689,2026,15,-0.0243,-0.0454,-0.0472,-0.0460
PK00055690,2018,5,-0.0734,-0.0536,-0.0247,-0.0736
PK00055690,2019,6,-0.0106,-0.0201,-0.0197,-0.0229
PK00055690,2020,2,-0.1379,-0.1271,-0.1232,-0.1364
PK00055690,2021,4,0.0154,0.0064,0.0000,0.0000
PK00055690,2022,9,-0.0178,-0.0039,-0.0229,-0.0256
PK00055690,2023,1,0.0275,0.0000,0.0076,0.0071
PK00055690,2024,6,0.0000,0.0242,0.0121,0.0018
PK00055690,2025,7,0.0114,-0.0055,0.0169,0.0068
PK00055690,2026,15,-0.0306,-0.0412,-0.0464,-0.0454
PK00055691,2018,5,-0.0783,-0.0368,-0.0256,-0.0859
PK00055691,2019,6,-0.0046,-0.0113,-0.0193,-0.0212
PK00055691,2020,2,-0.1471,-0.1200,-0.1213,-0.1572
PK00055691,2021,4,0.0300,0.0000,0.0000,0.0063
PK00055691,2022,9,-0.0161,-0.0202,-0.0313,-0.0327
PK00055691,2023,1,0.0258,0.0099,0.0110,0.0110
PK00055691,2024,6,0.0000,0.0131,0.0050,0.0000
PK00055691,2025,7,0.0260,-0.0052,0.0122,0.0045
PK00055691,2026,15,-0.0220,-0.0374,-0.0391,-0.0404
PK00055692,2018,5,-0.0656,-0.0322,-0.0335,-0.0721
PK00055692,2019,6,-0.0024,-0.0076,-0.0017,-0.0134
PK00055692,2020,2,-0.1719,-0.0971,-0.1153,-0.1731
PK00055692,2021,4,0.0376,0.0000,0.0000,0.0172
PK00055692,2022,9,-0.0116,-0.0319,-0.0426,-0.0376
PK00055692,2023,1,0.0315,0.0485,0.0351,0.0199
PK00055692,2024,6,0.0000,0.0128,0.0090,0.0000
PK00055692,2025,7,0.0314,-0.0058,-0.0262,0.0041
PK00055692,2026,15,-0.0137,-0.0290,-0.0321,-0.0332
PK00055693,2018,5,-0.0412,-0.0262,-0.0313,-0.0510
PK00055693,2019,6,-0.0389,0.0000,-0.0215,-0.0299
PK00055693,2020,2,-0.1869,-0.0721,-0.0945,-0.1611
PK00055693,2021,4,0.0000,-0.0103,0.0000,0.0000
PK00055693,2022,9,-0.0367,-0.0025,-0.0263,-0.0407
PK00055693,2023,1,0.0077,0.0422,0.0327,0.0126
PK00055693,2024,6,0.0041,0.0362,0.0237,0.0197
PK00055693,2025,7,0.0131,-0.0128,0.0052,0.0189
PK00055693,2026,15,-0.0301,-0.0332,-0.0396,-0.0259
PK00055695,2018,5,-0.0402,-0.0343,-0.0120,-0.0631
PK00055695,2019,6,-0.0224,0.0000,-0.0213,-0.0155
PK00055695,2020,2,-0.1483,-0.0774,-0.0884,-0.1263
PK00055695,2021,4,0.0145,-0.0123,0.0014,0.0028
PK00055695,2022,9,-0.0312,-0.0067,-0.0280,-0.0269
PK00055695,2023,1,0.0000,0.0221,0.0000,0.0000
PK00055695,2024,6,0.0003,0.0174,0.0134,0.0056
PK00055695,2025,7,0.0103,-0.0016,-0.0148,0.0154
PK00055695,2026,15,-0.0281,-0.0307,-0.0339,-0.0333
PK00055696,2018,5,-0.0371,-0.0367,-0.0268,-0.0458
PK00055696,2019,6,-0.0055,0.0000,0.0000,-0.0131
PK00055696,2020,2,-0.1269,-0.0750,-0.0562,-0.1209
PK00055696,2021,4,0.0115,-0.0178,0.0090,0.0010
PK00055696,2022,9,-0.0178,-0.0217,-0.0061,-0.0301
PK00055696,2023,1,0.0172,0.0007,-0.0044,0.0062
PK00055696,2024,6,0.0000,0.0010,0.0158,0.0000
PK00055696,2025,7,0.0201,-0.0044,-0.0078,0.0197
PK00055696,2026,15,-0.0308,-0.0278,-0.0114,-0.0356
PK00055698,2018,5,-0.0353,-0.0904,-0.0155,-0.0548
PK00055698,2019,6,-0.0057,0.0000,-0.0012,-0.0136
PK00055698,2020,2,-0.1047,-0.0767,-0.0926,-0.1046
PK00055698,2021,4,0.0185,-0.0195,0.0000,0.0084
PK00055698,2022,9,-0.0189,-0.0342,-0.0271,-0.0299
PK00055698,2023,1,0.0306,0.0106,0.0285,0.0214
PK00055698,2024,6,0.0000,0.0036,0.0004,0.0000
PK00055698,2025,7,0.0082,-0.0233,-0.0030,-0.0074
PK00055698,2026,15,-0.0217,-0.0413,-0.0293,-0.0352
PK00055707,2018,5,-0.0180,-0.0810,-0.0315,-0.0253
PK00055707,2019,6,0.0040,-0.0238,0.0005,0.0043
PK00055707,2020,3,-0.0258,0.0061,-0.0338,-0.0274
PK00055707,2021,4,-0.0010,-0.0321,0.0000,-0.0019
PK00055707,2022,8,-0.0040,-0.0551,-0.0647,-0.0098
PK00055707,2023,1,0.0303,0.0792,0.0575,0.0314
PK00055707,2024,6,0.0000,0.0000,-0.0186,0.0000
PK00055707,2025,7,0.0371,-0.0279,-0.0162,0.0338
PK00055707,2026,15,-0.0162,-0.0524,-0.0660,-0.0221
PK00055729,2018,5,-0.0797,-0.0638,-0.0488,-0.0714
PK00055729,2019,6,0.0000,0.0000,0.0000,0.0000
PK00055729,2020,2,-0.1059,-0.0539,-0.0537,-0.0981
PK00055729,2021,4,0.0253,-0.0156,-0.0065,0.0187
PK00055729,2022,9,-0.0147,-0.0250,-0.0153,-0.0038
PK00055729,2023,1,0.0243,0.0149,0.0239,0.0188
PK00055729,2024,6,-0.0171,0.0068,0.0048,-0.0056
PK00055729,2025,7,0.0076,-0.0205,-0.0360,0.0081
PK00055729,2026,15,-0.0190,-0.0390,-0.0367,-0.0236
PK00055731,2018,5,-0.1372,-0.1244,-0.1036,-0.1397
PK00055731,2019,6,0.0000,-0.0104,-0.0280,0.0000
PK00055731,2020,2,-0.0463,-0.0655,-0.0678,-0.0462
PK00055731,2021,4,0.0128,0.0000,0.0265,0.0184
PK00055731,2022,9,-0.0229,-0.0693,-0.0574,-0.0276
PK00055731,2023,1,0.0042,0.0549,0.0551,0.0274
PK00055731,2024,6,-0.0444,0.0216,0.0000,-0.0104
PK00055731,2025,7,-0.0066,-0.0087,0.0114,-0.0053
PK00055731,2026,15,-0.0243,-0.0320,-0.0328,-0.0316
PK00055742,2018,5,-0.0175,-0.0390,-0.0557,-0.0750
PK00055742,2019,6,0.0000,-0.0116,0.0025,0.0000
PK00055742,2020,2,-0.0640,0.0223,-0.0346,-0.0731
PK00055742,2021,4,0.0194,0.0000,0.0116,0.0194
PK00055742,2022,8,-0.0353,0.0099,-0.0024,-0.0650
PK00055742,2023,1,0.0017,-0.0214,-0.0083,0.0015
PK00055742,2024,6,-0.0203,0.0117,0.0000,-0.0282
PK00055742,2025,7,0.0082,0.0233,0.0196,-0.0154
PK00055742,2026,15,-0.0256,0.0011,-0.0115,-0.0492
PK00055745,2018,5,-0.0718,-0.0161,-0.0105,-0.0820
PK00055745,2019,6,0.0000,0.0000,0.0000,0.0000
PK00055745,2020,2,-0.1116,-0.0513,-0.0533,-0.1030
PK00055745,2021,4,0.0287,-0.0094,-0.0107,0.0022
PK00055745,2022,9,-0.0186,-0.0108,-0.0383,-0.0153
PK00055745,2023,1,0.0355,0.0278,0.0188,0.0165
PK00055745,2024,6,-0.0404,0.0062,0.0202,-0.0156
PK00055745,2025,7,0.0335,-0.0002,-0.0139,-0.0023
PK00055745,2026,15,-0.0125,-0.0259,-0.0328,-0.0302
PK00055747,2018,5,-0.0663,-0.0641,-0.0369,-0.0549
PK00055747,2019,6,0.0013,0.0000,0.0010,0.0037
PK00055747,2020,2,-0.1037,-0.0640,-0.0754,-0.0940
PK00055747,2021,4,0.0000,-0.0262,0.0000,-0.0015
PK00055747,2022,8,-0.0196,-0.0252,-0.0300,-0.0176
PK00055747,2023,1,0.0159,0.0157,0.0025,0.0182
PK00055747,2024,6,-0.0062,0.0054,-0.0060,0.0000
PK00055747,2025,7,0.0116,-0.0324,-0.0196,0.0084
PK00055747,2026,15,-0.0210,-0.0402,-0.0532,-0.0295
PK00055748,2018,5,-0.1634,-0.0869,-0.0599,-0.1089
PK00055748,2019,6,0.0000,0.0015,0.0000,0.0000
PK00055748,2020,2,-0.1005,-0.0774,-0.0862,-0.0844
PK00055748,2021,4,0.0473,-0.0195,0.0073,0.0239
PK00055748,2022,8,-0.0550,-0.0517,-0.0612,-0.0339
PK00055748,2023,1,0.0087,0.0184,0.0036,0.0073
PK00055748,2024,6,-0.0342,0.0000,-0.0314,-0.0038
PK00055748,2025,7,-0.0009,-0.0514,-0.0634,-0.0078
PK00055748,2026,15,-0.0424,-0.0314,-0.0754,-0.0305
PK00055750,2018,5,-0.0665,-0.0590,-0.0592,-0.0967
PK00055750,2019,6,0.0272,0.0175,0.0000,0.0060
PK00055750,2020,2,-0.0368,0.0000,-0.0374,-0.0601
PK00055750,2021,4,0.0520,-0.0013,0.0033,0.0261
PK00055750,2022,8,0.0042,-0.0263,-0.0447,-0.0277
PK00055750,2023,1,0.0000,-0.0017,0.0183,0.0000
PK00055750,2024,6,-0.0141,0.0403,-0.0036,-0.0072
PK00055750,2025,7,0.0367,0.0174,-0.0023,-0.0081
PK00055750,2026,15,0.0063,-0.0001,-0.0182,-0.0365
PK00055752,2018,5,-0.0620,-0.1212,-0.0828,-0.0782
PK00055752,2019,6,0.0000,-0.0171,-0.0008,0.0000
PK00055752,2020,2,-0.0620,-0.0402,-0.0236,-0.0494
PK00055752,2021,4,0.0222,0.0228,0.0207,0.0166
PK00055752,2022,9,-0.0742,-0.0744,-0.0630,-0.0747
PK00055752,2023,1,0.0121,0.0123,0.0107,0.0234
PK00055752,2024,6,-0.0328,0.0000,0.0000,-0.0223
PK00055752,2025,7,-0.0071,-0.0346,-0.0282,-0.0147
PK00055752,2026,15,-0.0397,-0.0403,-0.0420,-0.0585
PK00055753,2018,5,-0.0224,-0.0403,-0.0670,-0.0650
PK00055753,2019,6,-0.0037,0.0000,-0.0214,-0.0136
PK00055753,2020,2,-0.0564,-0.0308,-0.0467,-0.0664
PK00055753,2021,4,0.0327,0.0008,0.0000,0.0174
PK00055753,2022,8,-0.0286,-0.0619,-0.0559,-0.0489
PK00055753,2023,1,0.0000,-0.0063,0.0124,0.0007
PK00055753,2024,6,0.0009,0.0122,0.0000,0.0000
PK00055753,2025,7,0.0323,0.0083,0.0193,-0.0022
PK00055753,2026,15,0.0043,0.0065,-0.0073,-0.0163
PK00055754,2018,5,-0.0905,-0.1164,-0.0600,-0.0945
PK00055754,2019,6,0.0130,-0.0338,0.0000,0.0000
PK00055754,2020,2,-0.0294,-0.0534,-0.0217,-0.0394
PK00055754,2021,4,0.0226,0.0186,0.0036,0.0146
PK00055754,2022,9,-0.0383,-0.0892,-0.0789,-0.0551
PK00055754,2023,1,-0.0347,0.0140,-0.0034,-0.0116
PK00055754,2024,6,0.0000,0.0000,0.0068,0.0114
PK00055754,2025,7,0.0098,-0.0526,-0.0433,0.0071
PK00055754,2026,15,-0.0091,-0.0675,-0.0665,-0.0196
PK00055755,2018,5,-0.0241,-0.0648,-0.0687,-0.0608
PK00055755,2019,6,0.0048,-0.0117,0.0023,0.0018
PK00055755,2020,2,-0.0541,0.0108,-0.0383,-0.0636
PK00055755,2021,4,0.0311,0.0000,0.0111,0.0301
PK00055755,2022,8,-0.0327,-0.0154,-0.0141,-0.0519
PK00055755,2023,1,0.0000,-0.0169,-0.0047,0.0000
PK00055755,2024,6,-0.0112,0.0045,0.0000,-0.0185
PK00055755,2025,7,0.0095,0.0059,0.0088,-0.0053
PK00055755,2026,15,-0.0291,-0.0178,-0.0275,-0.0436
PK00055756,2018,5,-0.0386,-0.0380,-0.0410,-0.0847
PK00055756,2019,6,0.0031,0.0000,0.0029,0.0000
PK00055756,2020,2,-0.0493,0.0054,-0.0278,-0.0600
PK00055756,2021,4,0.0241,-0.0049,0.0101,0.0277
PK00055756,2022,8,-0.0273,-0.0254,-0.0154,-0.0510
PK00055756,2023,1,0.0000,-0.0175,0.0000,0.0034
PK00055756,2024,6,-0.0152,0.0129,-0.0082,-0.0223
PK00055756,2025,7,0.0125,-0.0071,0.0100,-0.0098
PK00055756,2026,15,-0.0250,-0.0109,-0.0251,-0.0487
PK00055757,2018,5,-0.0618,-0.0428,-0.0402,-0.0855
PK00055757,2019,6,0.0000,0.0073,0.0000,0.0000
PK00055757,2020,2,-0.0572,0.0000,-0.0248,-0.0567
PK00055757,2021,4,0.0329,-0.0010,0.0124,0.0380
PK00055757,2022,8,-0.0284,-0.0397,-0.0194,-0.0403
PK00055757,2023,1,0.0127,-0.0049,0.0050,0.0175
PK00055757,2024,6,-0.0309,0.0209,-0.0150,-0.0242
PK00055757,2025,7,0.0031,-0.0238,-0.0018,-0.0055
PK00055757,2026,15,-0.0432,-0.0097,-0.0337,-0.0461
PK00055758,2018,5,-0.0447,-0.0363,-0.0232,-0.0882
PK00055758,2019,6,0.0000,0.0044,0.0020,0.0000
PK00055758,2020,2,-0.0593,0.0000,-0.0203,-0.0615
PK00055758,2021,4,0.0110,-0.0159,0.0088,0.0217
PK00055758,2022,8,-0.0272,-0.0340,-0.0139,-0.0466
PK00055758,2023,1,0.0233,-0.0228,0.0000,0.0286
PK00055758,2024,6,-0.0498,0.0075,-0.0205,-0.0366
PK00055758,2025,7,-0.0178,-0.0249,0.0040,-0.0251
PK00055758,2026,15,-0.0273,0.0029,-0.0290,-0.0565
PK00055761,2018,5,-0.0790,-0.1114,-0.1050,-0.1268
PK00055761,2019,6,0.0150,-0.0070,0.0000,0.0000
PK00055761,2020,2,-0.0253,-0.0485,-0.0164,-0.0462
PK00055761,2021,4,0.0217,0.0293,0.0592,0.0112
PK00055761,2022,8,0.0009,-0.0548,-0.0158,-0.0245
PK00055761,2023,1,0.0000,0.0156,0.0736,0.0079
PK00055761,2024,6,-0.0211,0.0000,-0.0047,-0.0168
PK00055761,2025,7,0.0036,0.0013,0.0329,-0.0134
PK00055761,2026,15,-0.0157,-0.0140,-0.0193,-0.0523
PK00055763,2018,5,-0.0595,-0.0672,-0.0520,-0.0736
PK00055763,2019,6,-0.0146,-0.0267,-0.0220,-0.0226
PK00055763,2020,2,-0.1355,-0.0933,-0.0962,-0.1359
PK00055763,2021,4,0.0184,0.0000,0.0000,0.0104
PK00055763,2022,9,-0.0282,-0.0469,-0.0386,-0.0391
PK00055763,2023,1,0.0182,0.0291,0.0360,0.0060
PK00055763,2024,6,0.0000,0.0140,0.0176,0.0000
PK00055763,2025,7,0.0096,-0.0376,-0.0071,0.0040
PK00055763,2026,15,-0.0229,-0.0604,-0.0431,-0.0367
PK00055792,2018,4,-0.1268,-0.1235,-0.0814,-0.1649
PK00055792,2019,6,0.0000,0.0000,0.0134,0.0000
PK00055792,2020,2,-0.1432,-0.0720,-0.1122,-0.1432
PK00055792,2021,4,0.0140,0.0021,0.0000,0.0150
PK00055792,2022,7,-0.0561,-0.0863,-0.0713,-0.0790
PK00055792,2023,2,0.0119,0.0160,0.0049,0.0171
PK00055792,2024,6,-0.0078,-0.0173,-0.0246,-0.0360
PK00055792,2025,7,0.0031,-0.0236,-0.0379,-0.0209
PK00055792,2026,15,-0.0751,-0.0939,-0.1005,-0.1023
PK00055830,2018,5,-0.0755,-0.0178,-0.0722,-0.0906
PK00055830,2019,5,-0.0101,0.0000,0.0474,-0.0090
PK00055830,2020,2,-0.2366,-0.1399,-0.1509,-0.2115
PK00055830,2021,3,0.1164,-0.0570,0.0028,0.1007
PK00055830,2022,8,0.0112,0.0364,0.0212,-0.0078
PK00055830,2023,1,0.0316,0.0430,0.0000,0.0312
PK00055830,2024,5,0.0000,0.0247,-0.0209,0.0000
PK00055830,2025,7,0.0555,0.0628,0.0669,0.0482
PK00055830,2026,16,0.0130,0.0240,0.0039,-0.0037
PK00055833,2018,4,0.0391,0.0403,-0.0145,-0.0201
PK00055833,2019,5,0.0000,0.0000,0.0098,0.0000
PK00055833,2020,2,-0.1720,-0.1773,-0.1801,-0.1586
PK00055833,2021,3,0.1549,-0.0298,0.0000,0.1213
PK00055833,2022,8,0.0664,0.1204,0.0231,0.0415
PK00055833,2023,1,0.0545,0.0906,0.0016,0.0532
PK00055833,2024,5,-0.0360,0.0125,-0.0406,-0.0250
PK00055833,2025,7,0.0891,0.1607,0.0697,0.0658
PK00055833,2026,16,0.0316,0.0519,-0.0191,0.0040
PK00055851,2018,5,-0.1906,0.0294,-0.0311,-0.1692
PK00055851,2019,5,0.0144,0.0000,0.0417,0.0141
PK00055851,2020,2,-0.2354,-0.0598,-0.0988,-0.1909
PK00055851,2021,4,0.0000,-0.0397,0.0000,0.0000
PK00055851,2022,8,-0.0107,0.0272,0.0212,-0.0092
PK00055851,2023,1,0.0015,0.0236,0.0691,0.0097
PK00055851,2024,5,-0.0999,0.0509,-0.0029,-0.0656
PK00055851,2025,7,-0.0165,0.0115,0.0229,-0.0060
PK00055851,2026,16,-0.0254,-0.0099,0.0386,-0.0170
PK00055870,2018,5,-0.1342,-0.1284,-0.1242,-0.1876
PK00055870,2019,6,0.0000,0.0035,0.0000,0.0000
PK00055870,2020,3,-0.0602,-0.0656,-0.0507,-0.0710
PK00055870,2021,3,0.0288,0.0000,0.0150,0.0368
PK00055870,2022,8,-0.0382,-0.0945,-0.0555,-0.0886
PK00055870,2023,2,0.0227,0.0616,0.0304,0.0257
PK00055870,2024,5,-0.0900,-0.0795,-0.0912,-0.1032
PK00055870,2025,7,-0.0303,-0.0173,-0.0481,-0.0605
PK00055870,2026,15,-0.0430,-0.0740,-0.0901,-0.1027
PK00055902,2018,5,-0.0730,-0.0974,-0.0848,-0.1994
PK00055902,2019,6,0.0127,0.0133,0.0000,0.0000
PK00055902,2020,3,-0.0985,-0.0904,-0.0572,-0.0608
PK00055902,2021,4,0.0343,0.0000,0.0016,0.0554
PK00055902,2022,8,0.0012,-0.0431,-0.0157,-0.0700
PK00055902,2023,2,0.0000,0.0388,0.0132,0.0323
PK00055902,2024,6,-0.0020,-0.0144,-0.0587,-0.0249
PK00055902,2025,7,0.0312,0.0071,-0.0032,-0.0359
PK00055902,2026,15,0.0385,-0.0319,-0.0575,-0.0666
PK00055906,2018,4,-0.0610,-0.2172,-0.1371,-0.1639
PK00055906,2019,6,0.0005,0.0071,-0.0059,0.0000
PK00055906,2020,3,-0.0315,0.0000,0.0000,-0.0261
PK00055906,2021,4,0.0430,-0.0005,0.0154,0.0296
PK00055906,2022,7,-0.0171,-0.1594,-0.1004,-0.0897
PK00055906,2023,2,0.0000,0.0806,0.0356,0.0263
PK00055906,2024,6,-0.0135,-0.0578,-0.0447,-0.0469
PK00055906,2025,7,0.0330,-0.0523,-0.0412,-0.0281
PK00055906,2026,15,-0.0362,-0.1355,-0.1245,-0.1298
PK00055912,2018,5,-0.2212,-0.0498,-0.0214,-0.2211
PK00055912,2019,6,-0.0086,0.0111,0.0000,-0.0007
PK00055912,2020,2,-0.1908,-0.0796,-0.0992,-0.1627
PK00055912,2021,4,0.0436,0.0000,-0.0112,0.0422
PK00055912,2022,8,-0.0295,0.0186,0.0062,-0.0494
PK00055912,2023,2,0.0275,0.0673,0.0644,0.0375
PK00055912,2024,6,0.0000,-0.0123,0.0033,0.0000
PK00055912,2025,7,0.0144,0.0416,-0.0052,-0.0069
PK00055912,2026,15,-0.0062,-0.0023,-0.0131,-0.0384
PK00055934,2018,5,-0.1019,-0.1765,-0.1071,-0.1505
PK00055934,2019,6,0.0064,0.0000,0.0000,0.0000
PK00055934,2020,3,-0.0916,-0.1015,-0.0284,-0.0873
PK00055934,2021,3,0.0479,0.0259,0.0393,0.0513
PK00055934,2022,8,-0.0245,-0.0905,-0.0285,-0.0504
PK00055934,2023,2,0.0000,0.0319,0.0475,0.0024
PK00055934,2024,5,-0.0614,-0.0278,-0.0565,-0.0824
PK00055934,2025,7,0.0014,-0.0156,-0.0371,-0.0173
PK00055934,2026,15,-0.0189,-0.0825,-0.0698,-0.0523
PK00056045,2018,5,-0.2827,-0.2390,-0.1912,-0.2655
PK00056045,2019,8,-0.0180,0.0119,0.0000,-0.0072
PK00056045,2020,3,-0.0383,-0.0020,-0.0073,-0.0377
PK00056045,2021,3,0.0249,0.0286,0.0257,0.0475
PK00056045,2022,6,-0.0369,-0.1598,-0.1104,-0.0935
PK00056045,2023,1,0.0034,-0.0124,0.0020,0.0216
PK00056045,2024,5,0.0000,0.0000,-0.0114,0.0000
PK00056045,2025,7,-0.0140,-0.1254,-0.0669,-0.0829
PK00056045,2026,17,0.0056,-0.0966,-0.0626,-0.0650
PK00056061,2018,6,-0.1303,-0.1776,-0.1501,-0.1467
PK00056061,2019,8,-0.0124,-0.0310,0.0000,0.0000
PK00056061,2020,4,0.0000,-0.0303,-0.0491,-0.0073
PK00056061,2021,3,0.0857,0.0231,0.0312,0.0748
PK00056061,2022,6,-0.0463,-0.1917,-0.1220,-0.0813
PK00056061,2023,2,-0.0310,0.0191,-0.0031,-0.0187
PK00056061,2024,5,0.0230,0.0000,0.0113,0.0152
PK00056061,2025,7,-0.0046,-0.0955,-0.0721,-0.0217
PK00056061,2026,17,-0.0186,-0.0893,-0.0735,-0.0375
PK00056121,2018,4,0.0496,0.0273,0.0306,-0.0670
PK00056121,2019,6,0.0096,0.0752,0.0000,0.0000
PK00056121,2020,3,-0.0504,-0.0136,-0.0320,-0.0928
PK00056121,2021,4,0.0110,0.0000,0.0088,0.0043
PK00056121,2022,6,0.0822,0.0654,0.0416,-0.0368
PK00056121,2023,1,0.0000,-0.0091,-0.0148,0.0091
PK00056121,2024,5,-0.0312,0.0094,0.0294,-0.0198
PK00056121,2025,6,0.0899,0.0925,0.0461,-0.0137
PK00056121,2026,16,0.1028,0.0947,0.0410,-0.0398
PK00056248,2018,3,-0.0209,-0.0128,0.0175,-0.0459
PK00056248,2019,6,0.0137,0.0144,-0.0070,0.0077
PK00056248,2020,3,-0.0582,-0.0067,-0.0496,-0.0832
PK00056248,2021,4,0.0069,-0.0327,0.0118,0.0062
PK00056248,2022,6,-0.0155,0.0067,0.0188,-0.0395
PK00056248,2023,1,-0.0057,0.0000,0.0171,-0.0062
PK00056248,2024,5,0.0000,0.0294,0.0000,0.0000
PK00056248,2025,6,0.0140,-0.0161,0.0098,-0.0025
PK00056248,2026,15,-0.0289,-0.0206,-0.0304,-0.0411
PK00056424,2018,4,0.1592,0.0241,0.0691,-0.0393
PK00056424,2019,6,0.0187,-0.0060,0.0029,0.0065
PK00056424,2020,3,-0.0624,-0.0167,-0.0620,-0.0861
PK00056424,2021,4,0.0549,0.0000,0.0125,0.0110
PK00056424,2022,5,0.1436,0.0432,0.0730,-0.0362
PK00056424,2023,1,-0.0322,0.0000,-0.0055,0.0000
PK00056424,2024,5,0.0000,0.0160,0.0000,-0.0070
PK00056424,2025,6,0.1996,0.0884,0.0728,-0.0038
PK00056424,2026,15,0.1718,0.0335,0.0594,-0.0198
PK00056501,2018,3,0.0339,0.0410,0.0161,-0.0297
PK00056501,2019,6,0.0000,0.0116,-0.0203,-0.0012
PK00056501,2020,3,-0.0387,0.0000,-0.0313,-0.0335
PK00056501,2021,3,0.0485,-0.0075,0.0000,0.0387
PK00056501,2022,7,0.0189,0.0383,-0.0006,-0.0299
PK00056501,2023,1,-0.0079,-0.0022,0.0132,0.0048
PK00056501,2024,5,0.0071,0.0560,0.0183,0.0000
PK00056501,2025,6,0.0399,0.0457,0.0028,-0.0208
PK00056501,2026,15,0.0122,0.0134,-0.0186,-0.0491
PK00056503,2018,4,-0.1494,-0.0694,-0.0332,-0.2046
PK00056503,2019,7,0.0175,0.0219,-0.0128,0.0000
PK00056503,2020,3,-0.0815,-0.0543,-0.0240,-0.1157
PK00056503,2021,3,0.0000,-0.0006,0.0019,0.0015
PK00056503,2022,7,-0.0179,-0.0348,-0.0308,-0.1375
PK00056503,2023,1,0.0195,0.0000,0.0451,0.0292
PK00056503,2024,6,-0.0105,0.0030,0.0000,-0.0311
PK00056503,2025,6,-0.0171,-0.0325,-0.0152,-0.1125
PK00056503,2026,16,-0.0267,-0.0495,-0.0499,-0.1327
PK00056505,2018,3,0.0267,-0.0202,0.0083,-0.0169
PK00056505,2019,6,0.0211,0.0565,0.0199,0.0107
PK00056505,2020,2,-0.1649,-0.0580,-0.1297,-0.1716
PK00056505,2021,2,0.0813,0.0473,0.0533,0.0715
PK00056505,2022,6,-0.0372,-0.0323,-0.0636,-0.0788
PK00056505,2023,1,0.0000,-0.0012,0.0000,0.0000
PK00056505,2024,6,-0.0643,0.0000,-0.0262,-0.0671
PK00056505,2025,6,-0.0309,-0.0621,-0.0444,-0.0659
PK00056505,2026,16,-0.0663,-0.0716,-0.0687,-0.1038
PK00056535,2018,3,0.0093,0.0250,0.0815,-0.0032
PK00056535,2019,6,0.0231,0.0656,0.0341,0.0192
PK00056535,2020,2,-0.1501,-0.0397,-0.1385,-0.1524
PK00056535,2021,2,0.0637,0.0260,0.0356,0.0613
PK00056535,2022,6,-0.0644,-0.0294,-0.0359,-0.0777
PK00056535,2023,1,0.0000,-0.0037,0.0000,0.0000
PK00056535,2024,6,-0.0687,0.0000,-0.0261,-0.0703
PK00056535,2025,6,-0.0444,-0.0538,-0.0395,-0.0560
PK00056535,2026,16,-0.0765,-0.0578,-0.0737,-0.0887
PK00056541,2018,4,0.0067,-0.0382,-0.0055,-0.0109
PK00056541,2019,6,0.0250,0.0178,0.0285,0.0246
PK00056541,2020,3,-0.0286,-0.0529,-0.0712,-0.0274
PK00056541,2021,2,0.0636,0.0101,0.0416,0.0653
PK00056541,2022,6,-0.0099,-0.0728,-0.0665,-0.0293
PK00056541,2024,6,-0.0250,-0.0101,-0.0285,-0.0246
PK00056541,2025,5,0.0003,-0.0676,-0.0572,-0.0176
PK00056541,2026,15,-0.0320,-0.0816,-0.0915,-0.0464
PK00056547,2018,5,-0.0277,-0.1683,-0.1002,-0.1619
PK00056547,2019,7,0.0224,0.0000,-0.0229,0.0000
PK00056547,2020,3,-0.0280,-0.0165,0.0000,-0.0308
PK00056547,2021,2,0.0329,0.0152,0.0284,0.0392
PK00056547,2022,6,0.0191,-0.1564,-0.0800,-0.1441
PK00056547,2023,1,0.0000,0.0114,0.0160,0.0333
PK00056547,2024,6,-0.0616,-0.0158,-0.0569,-0.0726
PK00056547,2025,6,0.0178,-0.1068,-0.0705,-0.1146
PK00056547,2026,16,0.0120,-0.1132,-0.1162,-0.1435
PK00056560,2018,4,-0.1236,-0.2309,-0.1634,-0.1804
PK00056560,2019,7,-0.0026,0.0000,0.0000,-0.0102
PK00056560,2020,3,0.0000,-0.0184,-0.0149,0.0000
PK00056560,2021,3,0.0648,0.0019,0.0233,0.0633
PK00056560,2022,6,-0.1059,-0.2450,-0.1495,-0.1632
PK00056560,2023,1,0.0222,0.0159,0.0553,0.0361
PK00056560,2024,6,-0.0469,-0.0764,-0.0479,-0.0534
PK00056560,2025,6,-0.0719,-0.2332,-0.1134,-0.1210
PK00056560,2026,16,-0.1625,-0.2377,-0.2047,-0.2025
PK00056563,2018,3,-0.0709,-0.1024,-0.0529,-0.1439
PK00056563,2019,6,0.0057,0.0030,0.0000,0.0000
PK00056563,2020,2,-0.1338,-0.0747,-0.0789,-0.0925
PK00056563,2021,2,0.0141,0.0000,0.0407,0.0502
PK00056563,2022,6,-0.0041,-0.1007,-0.0738,-0.1061
PK00056563,2023,1,0.0000,0.0046,0.0198,0.0462
PK00056563,2024,6,-0.0834,-0.0152,-0.0152,-0.0414
PK00056563,2025,6,0.0137,-0.0671,-0.0269,-0.0462
PK00056563,2026,16,-0.0239,-0.0714,-0.0697,-0.1066
PK00056573,2018,3,0.0461,-0.0343,-0.0070,-0.0121
PK00056573,2019,5,0.0691,0.0471,0.0152,0.0453
PK00056573,2020,2,-0.1250,-0.0542,-0.1228,-0.1343
PK00056573,2021,2,0.0538,0.0122,0.0004,0.0461
PK00056573,2022,6,-0.1007,-0.1479,-0.1297,-0.1497
PK00056573,2023,1,0.0000,0.0000,0.0000,0.0000
PK00056573,2024,6,-0.0473,-0.0365,-0.0573,-0.0593
PK00056573,2025,6,-0.0497,-0.1473,-0.1053,-0.0949
PK00056573,2026,16,-0.1003,-0.1329,-0.1575,-0.1450
PK00056575,2018,4,-0.0698,-0.1831,-0.1194,-0.1993
PK00056575,2019,6,0.0315,0.0000,0.0051,0.0008
PK00056575,2020,3,-0.0046,-0.0297,-0.0664,-0.0257
PK00056575,2021,3,0.0000,0.0115,0.0000,0.0000
PK00056575,2022,7,-0.0502,-0.2300,-0.1600,-0.1963
PK00056575,2023,1,0.0336,0.0808,0.0627,0.0351
PK00056575,2024,6,-0.0212,-0.0158,-0.0351,-0.0572
PK00056575,2025,6,-0.0371,-0.1824,-0.1235,-0.1574
PK00056575,2026,16,-0.1514,-0.1723,-0.1970,-0.2553
PK00056577,2018,4,-0.1462,-0.2219,-0.1541,-0.2552
PK00056577,2019,7,0.0034,0.0000,0.0000,0.0000
PK00056577,2020,3,-0.0100,-0.0075,-0.0139,-0.0145
PK00056577,2021,3,0.0000,0.0107,0.0228,0.0253
PK00056577,2022,7,-0.0329,-0.2051,-0.1337,-0.1846
PK00056577,2023,1,0.0517,0.1032,0.0788,0.0704
PK00056577,2024,6,-0.0227,-0.0187,-0.0221,-0.0318
PK00056577,2025,6,-0.0320,-0.2108,-0.1319,-0.1547
PK00056577,2026,16,-0.0975,-0.1918,-0.1901,-0.2209
PK00056665,2018,5,-0.1109,-0.1974,-0.0993,-0.1577
PK00056665,2019,6,0.0102,-0.0048,-0.0485,0.0000
PK00056665,2020,3,-0.0600,-0.0193,-0.0497,-0.0561
PK00056665,2021,3,0.0122,0.0000,0.0125,0.0199
PK00056665,2022,7,-0.0249,-0.0510,-0.0363,-0.0692
PK00056665,2023,1,0.0000,0.0143,0.0000,0.0118
PK00056665,2024,5,-0.0169,0.0140,0.0066,-0.0215
PK00056665,2025,6,-0.0193,-0.1060,-0.0887,-0.0813
PK00056665,2026,15,-0.0561,-0.1135,-0.0856,-0.1063
PK00056667,2018,5,-0.0515,-0.1005,-0.0702,-0.0773
PK00056667,2019,7,0.0000,-0.0036,-0.0047,0.0000
PK00056667,2020,3,-0.0593,0.0000,0.0000,-0.0630
PK00056667,2021,3,0.0078,0.0147,0.0277,0.0108
PK00056667,2022,7,-0.0153,-0.0103,-0.0238,-0.0423
PK00056667,2023,1,0.0068,-0.0059,0.0181,0.0110
PK00056667,2024,6,-0.0324,0.0205,-0.0043,-0.0352
PK00056667,2025,6,-0.0221,-0.0637,-0.0457,-0.0473
PK00056667,2026,16,-0.0244,-0.0673,-0.0583,-0.0522
PK00056675,2018,4,-0.0120,-0.0516,0.0009,-0.0346
PK00056675,2019,6,0.0000,0.0000,0.0000,0.0000
PK00056675,2020,3,-0.0468,-0.0365,-0.0218,-0.0557
PK00056675,2021,3,0.0661,0.0049,0.0526,0.0622
PK00056675,2022,7,-0.0102,-0.0314,0.0051,-0.0331
PK00056675,2023,1,0.0098,-0.0079,0.0228,0.0129
PK00056675,2024,6,-0.0305,0.0014,-0.0105,-0.0328
PK00056675,2025,6,0.0077,-0.0305,-0.0035,-0.0113
PK00056675,2026,15,-0.0088,-0.0465,-0.0329,-0.0328
PK00056701,2018,5,-0.0664,-0.1262,-0.0588,-0.1025
PK00056701,2019,7,0.0115,0.0000,0.0000,0.0000
PK00056701,2020,3,-0.0632,-0.0693,-0.0501,-0.0790
PK00056701,2021,3,0.0495,0.0280,0.0297,0.0400
PK00056701,2022,6,0.0085,-0.1143,-0.0473,-0.0579
PK00056701,2023,1,0.0000,0.0110,0.0249,0.0057
PK00056701,2024,6,-0.0442,-0.0423,-0.0324,-0.0341
PK00056701,2025,6,0.0164,-0.0702,-0.0140,-0.0299
PK00056701,2026,16,-0.0391,-0.1084,-0.0857,-0.0887
PK00056719,2018,5,-0.1412,-0.1518,-0.1341,-0.1577
PK00056719,2019,7,0.0119,0.0000,0.0000,0.0000
PK00056719,2020,3,-0.0816,-0.0150,-0.1116,-0.1467
PK00056719,2021,2,0.0119,-0.0122,-0.0374,0.0180
PK00056719,2022,6,-0.0074,-0.0653,-0.0460,-0.0816
PK00056719,2023,1,0.0000,0.0070,0.0046,0.0020
PK00056719,2024,5,-0.0527,0.0171,0.0208,-0.0348
PK00056719,2025,6,0.0310,0.0025,-0.0220,0.0010
PK00056719,2026,16,-0.0252,-0.0298,-0.0668,-0.0649
PK00056734,2018,5,-0.1114,-0.1085,-0.0927,-0.0882
PK00056734,2019,7,0.0000,-0.0527,0.0000,0.0000
PK00056734,2020,3,-0.0973,-0.0297,-0.0594,-0.0969
PK00056734,2021,3,0.0605,0.0344,0.0406,0.0903
PK00056734,2022,6,-0.0159,-0.1153,-0.0336,-0.0554
PK00056734,2023,1,0.0319,0.0099,0.0519,0.0475
PK00056734,2024,6,-0.0551,0.0000,-0.0407,-0.0247
PK00056734,2025,6,0.0364,-0.0714,-0.0175,0.0050
PK00056734,2026,17,-0.0178,-0.0921,-0.0547,-0.0704
PK00056861,2018,4,-0.0201,-0.0428,-0.0360,-0.0315
PK00056861,2019,6,0.0238,-0.0053,0.0016,0.0141
PK00056861,2020,3,-0.0695,-0.0492,-0.0829,-0.0837
PK00056861,2021,4,-0.0142,0.0053,-0.0016,-0.0141
PK00056861,2022,6,0.0076,-0.0161,-0.0236,-0.0075
PK00056861,2024,5,0.0142,0.0139,0.0021,0.0183
PK00056861,2025,6,0.0110,-0.0143,-0.0306,0.0051
PK00056861,2026,16,-0.0305,-0.0481,-0.0843,-0.0472
PK00056862,2018,3,-0.0042,-0.0495,-0.0129,-0.0257
PK00056862,2019,6,0.0133,-0.0227,0.0000,0.0000
PK00056862,2020,3,-0.0833,-0.0102,-0.0632,-0.0971
PK00056862,2021,4,-0.0065,0.0015,0.0435,-0.0057
PK00056862,2022,6,0.0015,-0.0823,-0.0454,-0.0358
PK00056862,2023,1,0.0116,0.0351,0.0235,0.0254
PK00056862,2024,5,0.0000,0.0000,-0.0203,0.0069
PK00056862,2025,6,0.0372,-0.0208,0.0095,0.0199
PK00056862,2026,16,-0.0042,-0.0510,-0.0544,-0.0333
PK00056917,2018,4,-0.0923,-0.0968,-0.0607,-0.1519
PK00056917,2019,9,0.0247,0.0247,0.0222,0.0283
PK00056917,2020,3,-0.0247,-0.0672,-0.0373,-0.0786
PK00056917,2021,3,0.0946,0.0136,0.0714,0.0935
PK00056917,2022,6,0.0222,-0.0496,0.0007,-0.0799
PK00056917,2024,5,-0.0316,-0.0136,-0.0222,-0.0283
PK00056917,2025,6,0.0306,-0.0306,-0.0089,-0.0539
PK00056917,2026,15,0.0155,-0.0337,-0.0473,-0.0749
PK00056971,2018,4,-0.0291,-0.0501,0.0007,-0.0489
PK00056971,2019,9,0.0052,0.0126,-0.0087,0.0044
PK00056971,2020,3,-0.0517,-0.0126,-0.0366,-0.0608
PK00056971,2021,4,-0.0052,-0.0240,0.0128,-0.0044
PK00056971,2022,6,0.0070,-0.0001,0.0103,-0.0098
PK00056971,2024,5,0.0090,0.0128,0.0087,0.0081
PK00056971,2025,6,-0.0098,0.0071,-0.0065,-0.0220
PK00056971,2026,15,-0.0415,-0.0201,-0.0294,-0.0518
PK00056975,2018,4,-0.0380,-0.0394,-0.0340,-0.0426
PK00056975,2019,7,0.0127,0.0368,0.0016,0.0116
PK00056975,2020,3,-0.0772,-0.0282,-0.0722,-0.0782
PK00056975,2021,4,0.0188,-0.0123,0.0081,0.0194
PK00056975,2022,6,-0.0183,0.0069,-0.0213,-0.0204
PK00056975,2024,5,-0.0127,0.0123,-0.0016,-0.0116
PK00056975,2025,6,-0.0105,0.0266,-0.0161,-0.0117
PK00056975,2026,15,-0.0202,-0.0013,-0.0498,-0.0205
PK00056986,2018,5,-0.0814,-0.0613,-0.0825,-0.0975
PK00056986,2019,6,0.0203,0.0220,0.0043,0.0178
PK00056986,2020,3,-0.0253,-0.0250,-0.0587,-0.0403
PK00056986,2021,3,0.0631,0.0000,0.0325,0.0731
PK00056986,2022,6,0.0072,-0.0342,-0.0334,-0.0205
PK00056986,2023,1,-0.0889,-0.0707,-0.1007,-0.0948
PK00056986,2024,5,0.0000,0.0268,0.0000,0.0000
PK00056986,2025,6,0.0151,0.0042,-0.0408,-0.0005
PK00056986,2026,15,-0.0376,-0.0359,-0.0877,-0.0431
PK00057001,2018,3,0.0313,0.0326,0.0642,0.0055
PK00057001,2019,8,0.0151,0.0429,0.0188,0.0212
PK00057001,2020,2,-0.2995,-0.0662,-0.2409,-0.2748
PK00057001,2021,4,0.0260,-0.0284,0.0173,0.0353
PK00057001,2022,6,0.0131,0.0262,-0.0102,-0.0137
PK00057001,2024,6,-0.0151,0.0284,-0.0173,-0.0212
PK00057001,2025,6,0.0591,0.0804,0.0225,0.0310
PK00057001,2026,16,0.0139,0.0365,-0.0318,-0.0199
PK00057006,2018,3,-0.0173,-0.0199,0.0139,-0.1247
PK00057006,2019,8,0.0005,-0.0038,-0.0100,0.0122
PK00057006,2020,2,-0.2482,-0.0443,-0.1876,-0.2338
PK00057006,2021,3,0.0794,0.0038,0.0477,0.0311
PK00057006,2022,6,0.0404,0.0570,0.0130,0.0091
PK00057006,2024,6,-0.0005,0.0411,0.0100,-0.0122
PK00057006,2025,6,0.0628,0.0766,0.0575,0.0269
PK00057006,2026,17,0.0150,0.0399,-0.0154,-0.0146
PK00057037,2018,5,-0.2494,-0.2154,-0.1097,-0.2590
PK00057037,2019,6,0.0633,0.0599,0.1176,0.0554
PK00057037,2020,2,-0.0984,-0.0211,-0.0134,-0.1018
PK00057037,2021,3,0.1110,0.0198,0.1399,0.1164
PK00057037,2022,6,0.0183,0.0017,0.0918,-0.0012
PK00057037,2023,1,-0.1248,-0.0303,-0.0660,-0.1219
PK00057037,2024,5,0.0000,0.0000,0.0000,0.0000
PK00057037,2025,6,0.0560,0.0409,0.0895,0.0459
PK00057037,2026,16,-0.0016,0.0126,0.0218,-0.0193
PK00057223,2018,4,-0.0999,-0.0868,-0.0820,-0.1419
PK00057223,2019,5,0.0238,0.0096,-0.0094,0.0128
PK00057223,2020,3,-0.1221,-0.0761,-0.0929,-0.1356
PK00057223,2021,4,0.0290,-0.0096,0.0094,0.0289
PK00057223,2022,6,-0.0393,-0.0580,-0.0401,-0.0842
PK00057223,2024,5,-0.0238,0.0140,0.0115,-0.0128
PK00057223,2025,6,-0.0206,-0.0211,-0.0376,-0.0519
PK00057223,2026,16,0.0017,-0.0220,-0.0497,-0.0587
PK00057316,2018,3,0.0047,-0.0848,-0.0770,-0.0520
PK00057316,2019,9,-0.0391,-0.0146,-0.0129,-0.0327
PK00057316,2020,2,-0.0899,-0.0571,-0.0957,-0.1072
PK00057316,2021,2,0.0765,0.0234,0.0493,0.0384
PK00057316,2022,9,0.0422,-0.0369,-0.0286,-0.0066
PK00057316,2023,1,0.0000,0.0291,0.0376,0.0000
PK00057316,2024,6,0.0288,0.0000,0.0000,0.0158
PK00057316,2025,7,0.0327,0.0007,0.0005,0.0086
PK00057316,2026,17,0.0047,-0.0090,-0.0132,-0.0027
PK00057332,2018,3,0.0490,-0.0504,0.0362,-0.0684
PK00057332,2019,9,-0.0013,-0.0125,-0.0153,0.0000
PK00057332,2020,2,-0.0880,-0.0779,-0.1094,-0.0690
PK00057332,2021,2,0.1008,0.0065,0.0530,0.1148
PK00057332,2022,9,0.0042,-0.0855,-0.0428,-0.0649
PK00057332,2023,1,0.0109,0.0003,0.0224,0.0306
PK00057332,2024,6,0.0000,0.0000,0.0000,-0.0033
PK00057332,2025,6,0.0481,-0.0648,-0.0132,-0.0380
PK00057332,2026,16,0.0188,-0.0468,-0.0328,-0.0670
PK00057374,2018,3,-0.0180,-0.0784,-0.0505,-0.1146
PK00057374,2019,8,0.0013,-0.0579,-0.0760,-0.0134
PK00057374,2020,2,-0.0720,-0.0396,-0.0772,-0.0674
PK00057374,2021,2,0.0786,0.0032,0.0266,0.0912
PK00057374,2022,9,-0.0322,-0.0675,-0.0676,-0.0902
PK00057374,2023,1,-0.0102,0.0196,0.0369,0.0064
PK00057374,2024,6,0.0000,0.0000,0.0000,0.0000
PK00057374,2025,6,0.0387,-0.0195,-0.0186,-0.0289
PK00057374,2026,16,0.0131,-0.0319,-0.0398,-0.0577
PK00057448,2018,4,-0.0049,-0.0917,-0.0359,-0.0110
PK00057448,2019,9,0.0571,0.0383,0.0272,0.0637
PK00057448,2020,2,-0.0024,0.0184,0.0000,0.0000
PK00057448,2021,3,0.1635,0.0000,0.0874,0.1487
PK00057448,2022,9,0.0148,-0.0898,-0.0476,0.0035
PK00057448,2023,1,-0.0156,-0.0289,-0.0433,-0.0011
PK00057448,2024,6,0.0000,-0.0273,-0.0106,-0.0021
PK00057448,2025,6,0.0078,-0.0386,0.0077,0.0215
PK00057448,2026,17,0.0177,-0.0300,-0.0156,0.0166
PK00057463,2018,3,-0.0515,-0.0228,-0.0095,-0.0551
PK00057463,2019,9,0.0000,0.0501,0.0309,0.0027
PK00057463,2020,2,-0.0546,0.0269,0.0000,-0.0493
PK00057463,2021,3,0.0558,0.0000,0.0782,0.0564
PK00057463,2022,9,-0.0579,-0.0564,-0.0459,-0.0482
PK00057463,2023,1,-0.0550,-0.0137,-0.0173,-0.0469
PK00057463,2024,6,0.0016,-0.0045,-0.0011,0.0000
PK00057463,2025,6,-0.0205,-0.0200,0.0137,-0.0176
PK00057463,2026,17,-0.0547,-0.0127,-0.0108,-0.0479
PK00057465,2018,4,0.0069,-0.0511,-0.0044,0.0005
PK00057465,2019,9,0.0273,0.0320,0.0129,0.0270
PK00057465,2020,2,-0.0304,0.0154,-0.0237,-0.0310
PK00057465,2021,3,0.0952,-0.0195,0.0815,0.0926
PK00057465,2022,9,0.0243,-0.0647,-0.0508,0.0191
PK00057465,2023,1,0.0000,0.0000,0.0000,-0.0014
PK00057465,2024,6,-0.0018,-0.0419,-0.0350,0.0000
PK00057465,2025,6,0.0316,-0.0370,-0.0128,0.0289
PK00057465,2026,18,0.0089,-0.0380,-0.0209,0.0058
PK00057466,2018,3,0.0049,-0.0514,-0.0393,-0.0082
PK00057466,2019,9,0.0193,0.0074,-0.0028,0.0157
PK00057466,2020,2,-0.0460,-0.0099,-0.0298,-0.0491
PK00057466,2021,3,0.0612,0.0082,0.0322,0.0522
PK00057466,2022,9,0.0015,-0.0346,-0.0239,-0.0074
PK00057466,2023,1,-0.0232,0.0000,0.0026,-0.0276
PK00057466,2024,6,0.0000,-0.0088,0.0000,0.0000
PK00057466,2025,6,0.0167,-0.0383,-0.0267,0.0079
PK00057466,2026,17,-0.0090,-0.0340,-0.0215,-0.0162
PK00057483,2018,2,-0.0327,-0.0319,-0.0095,-0.0369
PK00057483,2019,8,-0.0199,-0.0027,-0.0137,-0.0199
PK00057483,2020,2,-0.0651,-0.0027,-0.0205,-0.0656
PK00057483,2021,3,0.0429,0.0088,0.0580,0.0409
PK00057483,2022,9,0.0003,0.0143,0.0137,-0.0009
PK00057483,2024,6,0.0199,0.0027,0.0137,0.0199
PK00057483,2025,6,0.0163,-0.0020,-0.0029,0.0115
PK00057483,2026,17,-0.0084,-0.0210,-0.0206,-0.0100
PK00057484,2018,3,-0.0233,-0.0227,-0.0114,-0.0317
PK00057484,2019,8,-0.0186,-0.0236,-0.0292,-0.0111
PK00057484,2020,2,-0.0590,0.0000,-0.0450,-0.0549
PK00057484,2021,3,0.0907,0.0184,0.0664,0.0771
PK00057484,2022,9,0.0014,-0.0022,-0.0066,0.0082
PK00057484,2023,1,0.0000,0.0172,0.0197,0.0000
PK00057484,2024,6,0.0113,-0.0051,0.0000,0.0305
PK00057484,2025,6,0.0242,0.0011,0.0051,0.0247
PK00057484,2026,17,0.0062,-0.0418,-0.0302,0.0102
PK00057486,2018,2,0.0218,-0.0514,-0.0153,-0.0082
PK00057486,2019,8,-0.0019,-0.0136,-0.0278,-0.0070
PK00057486,2020,2,-0.0592,-0.0025,-0.0544,-0.0644
PK00057486,2021,3,0.0883,0.0006,0.0243,0.0750
PK00057486,2022,9,-0.0053,-0.0372,-0.0262,0.0026
PK00057486,2023,1,0.0097,0.0021,0.0048,0.0000
PK00057486,2024,6,0.0000,0.0000,0.0000,0.0025
PK00057486,2025,6,0.0260,-0.0299,-0.0332,0.0067
PK00057486,2026,17,0.0000,-0.0465,-0.0494,-0.0154
PK00057488,2018,3,-0.0468,-0.0116,-0.0210,-0.0671
PK00057488,2019,9,0.0000,0.0050,-0.0144,0.0000
PK00057488,2020,2,-0.0402,0.0000,-0.0687,-0.0434
PK00057488,2021,3,0.0623,0.0382,0.0445,0.0411
PK00057488,2022,9,0.0163,-0.0132,-0.0312,0.0186
PK00057488,2023,1,-0.0118,-0.0083,0.0000,-0.0126
PK00057488,2024,6,0.0422,-0.0021,0.0034,0.0470
PK00057488,2025,6,0.0355,0.0087,-0.0204,0.0236
PK00057488,2026,17,0.0045,-0.0216,-0.0573,0.0082
PK00057489,2018,3,0.0042,-0.0526,-0.0072,-0.0093
PK00057489,2019,8,0.0000,-0.0467,-0.0126,0.0000
PK00057489,2020,2,-0.0564,0.0000,-0.0451,-0.0564
PK00057489,2021,3,0.0998,0.0433,0.0254,0.0864
PK00057489,2022,9,-0.0078,-0.0566,-0.0455,-0.0040
PK00057489,2023,1,0.0070,0.0290,0.0193,0.0017
PK00057489,2024,6,-0.0019,-0.0129,0.0000,-0.0014
PK00057489,2025,6,0.0239,-0.0743,-0.0562,0.0117
PK00057489,2026,17,-0.0089,-0.0667,-0.0572,-0.0181
PK00057490,2018,2,-0.0340,-0.0505,-0.0358,-0.0403
PK00057490,2019,9,0.0022,-0.0163,-0.0087,0.0000
PK00057490,2020,2,-0.0450,0.0000,-0.0376,-0.0436
PK00057490,2021,3,0.0629,0.0245,0.0101,0.0532
PK00057490,2022,9,0.0060,-0.0114,-0.0148,-0.0037
PK00057490,2023,1,-0.0247,-0.0083,0.0000,-0.0263
PK00057490,2024,6,0.0000,0.0065,0.0112,0.0066
PK00057490,2025,6,0.0162,-0.0170,-0.0225,0.0118
PK00057490,2026,18,-0.0117,-0.0264,-0.0393,-0.0142
PK00057491,2018,4,-0.0060,-0.0071,-0.0251,-0.0163
PK00057491,2019,9,0.0000,-0.0034,-0.0208,0.0034
PK00057491,2020,2,-0.0573,-0.0034,-0.0502,-0.0544
PK00057491,2021,3,0.0708,0.0377,0.0040,0.0730
PK00057491,2022,9,0.0062,0.0067,-0.0211,-0.0021
PK00057491,2023,1,-0.0186,0.0295,0.0000,-0.0163
PK00057491,2024,6,0.0011,0.0000,0.0004,0.0000
PK00057491,2025,6,0.0185,-0.0281,-0.0350,0.0103
PK00057491,2026,18,-0.0094,-0.0322,-0.0412,-0.0156
PK00057492,2018,4,-0.0402,-0.0363,-0.0311,-0.0521
PK00057492,2019,9,0.0162,0.0000,-0.0063,0.0203
PK00057492,2020,2,-0.0479,-0.0365,-0.0411,-0.0476
PK00057492,2021,3,0.0708,0.0045,0.0378,0.0598
PK00057492,2022,9,-0.0142,-0.0149,-0.0204,-0.0127
PK00057492,2023,1,-0.0061,0.0298,0.0145,-0.0093
PK00057492,2024,6,0.0000,-0.0268,0.0000,0.0000
PK00057492,2025,6,-0.0039,-0.0479,-0.0332,-0.0105
PK00057492,2026,18,-0.0110,-0.0445,-0.0315,-0.0149
PK00057495,2018,5,0.0196,-0.0645,0.0368,-0.0493
PK00057495,2019,8,0.0260,0.0409,0.0677,0.0312
PK00057495,2020,3,-0.0655,-0.0645,0.0025,-0.0501
PK00057495,2021,2,0.0627,0.0010,-0.0265,0.0596
PK00057495,2022,7,0.0102,-0.0811,-0.0488,-0.0501
PK00057495,2024,6,-0.0260,-0.0010,-0.0025,-0.0312
PK00057495,2025,6,0.0169,-0.0175,-0.0157,-0.0227
PK00057495,2026,17,-0.0988,-0.0634,-0.0498,-0.1197
PK00057504,2018,4,-0.1018,-0.1195,-0.0471,-0.1098
PK00057504,2019,7,0.0195,0.0196,0.0259,0.0216
PK00057504,2020,2,-0.3074,-0.1467,-0.2327,-0.3123
PK00057504,2021,2,0.0964,-0.0020,0.0749,0.1009
PK00057504,2022,7,-0.1261,-0.1224,-0.0578,-0.1212
PK00057504,2023,1,0.0000,0.0314,0.0000,0.0000
PK00057504,2024,7,-0.0400,0.0000,-0.0214,-0.0596
PK00057504,2025,6,0.0006,-0.0545,-0.0233,-0.0429
PK00057504,2026,17,0.0164,-0.0269,-0.0382,-0.0305
PK00057518,2018,4,-0.1899,-0.2084,-0.1758,-0.2226
PK00057518,2019,7,0.0359,0.0185,0.0197,0.0383
PK00057518,2020,4,-0.0952,-0.0543,-0.0838,-0.1018
PK00057518,2021,2,0.1014,0.0851,0.0833,0.1078
PK00057518,2022,8,-0.0510,-0.2018,-0.1240,-0.0936
PK00057518,2024,7,-0.0359,-0.0185,-0.0197,-0.0383
PK00057518,2025,6,0.0016,-0.1741,-0.1059,-0.0484
PK00057518,2026,17,-0.0200,-0.1474,-0.1261,-0.0824
PK00057519,2018,4,-0.1186,-0.1633,-0.1132,-0.1606
PK00057519,2019,7,0.0344,0.0151,0.0295,0.0422
PK00057519,2020,4,-0.0878,-0.0821,-0.0959,-0.0955
PK00057519,2021,2,0.0986,0.0451,0.0649,0.1103
PK00057519,2022,8,-0.0137,-0.1347,-0.0521,-0.0489
PK00057519,2024,7,-0.0344,-0.0151,-0.0295,-0.0422
PK00057519,2025,6,0.0275,-0.0845,-0.0455,-0.0258
PK00057519,2026,17,0.0037,-0.1273,-0.0694,-0.0574
PK00057523,2018,4,-0.1797,-0.2894,-0.1898,-0.2199
PK00057523,2019,8,0.0260,-0.0134,0.0325,0.0352
PK00057523,2020,3,-0.0282,0.0233,-0.0356,-0.0352
PK00057523,2021,2,0.0857,0.0134,0.0908,0.0964
PK00057523,2022,8,-0.0609,-0.3133,-0.1453,-0.1250
PK00057523,2024,7,-0.0260,-0.0398,-0.0325,-0.0417
PK00057523,2025,6,-0.0732,-0.2418,-0.1335,-0.1285
PK00057523,2026,17,-0.1084,-0.2853,-0.1838,-0.1752
PK00057526,2018,4,-0.1208,-0.1620,-0.1184,-0.1558
PK00057526,2019,8,0.0266,0.0148,0.0254,0.0312
PK00057526,2020,3,-0.0266,-0.0672,-0.0254,-0.0312
PK00057526,2021,2,0.0818,0.0709,0.0671,0.0940
PK00057526,2022,7,-0.0409,-0.1592,-0.0998,-0.0820
PK00057526,2024,7,-0.0581,-0.0148,-0.0411,-0.0536
PK00057526,2025,6,-0.0165,-0.1313,-0.1018,-0.0601
PK00057526,2026,17,-0.0270,-0.1253,-0.1158,-0.0807
PK00057527,2018,4,0.0184,-0.1213,-0.0350,-0.0509
PK00057527,2019,8,0.0645,0.0000,0.0373,0.0643
PK00057527,2020,3,0.0000,-0.0276,-0.0094,0.0000
PK00057527,2021,2,0.1319,0.0136,0.0625,0.1448
PK00057527,2022,7,0.0208,-0.1207,-0.0808,-0.0379
PK00057527,2023,1,-0.1780,0.0011,-0.0494,-0.1063
PK00057527,2024,7,-0.0433,-0.0318,0.0000,-0.0424
PK00057527,2025,6,0.0519,-0.1243,-0.0627,0.0072
PK00057527,2026,17,0.0421,-0.1030,-0.0514,-0.0007
PK00057528,2018,4,0.0410,-0.1270,-0.0344,-0.0419
PK00057528,2019,8,0.0571,0.0002,0.0326,0.0610
PK00057528,2020,3,0.0000,-0.0215,-0.0218,0.0000
PK00057528,2021,2,0.1212,0.0164,0.0595,0.1349
PK00057528,2022,7,-0.0022,-0.1197,-0.0796,-0.0392
PK00057528,2023,1,-0.1071,0.0000,-0.0639,-0.0415
PK00057528,2024,7,-0.0605,-0.0305,0.0000,-0.0485
PK00057528,2025,6,0.0323,-0.1240,-0.0644,-0.0243
PK00057528,2026,17,0.0022,-0.1004,-0.0461,-0.0629
PK00057529,2018,4,0.0360,-0.0420,0.0083,0.0008
PK00057529,2019,8,0.0419,0.0184,0.0321,0.0436
PK00057529,2020,2,-0.3281,-0.1637,-0.2381,-0.3178
PK00057529,2021,2,0.0952,0.0010,0.0827,0.1025
PK00057529,2022,7,0.0475,0.0023,0.0204,0.0121
PK00057529,2024,7,-0.0419,-0.0010,-0.0321,-0.0436
PK00057529,2025,6,0.0636,0.0095,0.0145,0.0301
PK00057529,2026,17,0.0434,-0.0061,0.0014,0.0069
PK00057530,2018,4,0.0148,-0.1318,-0.0555,0.0107
PK00057530,2019,8,0.0563,0.0000,0.0284,0.0569
PK00057530,2020,3,0.0000,-0.0518,0.0000,0.0000
PK00057530,2021,2,0.1027,0.0107,0.0436,0.1037
PK00057530,2022,7,0.0077,-0.1255,-0.0672,0.0046
PK00057530,2023,1,-0.0705,0.0002,-0.0492,-0.0680
PK00057530,2024,7,-0.0133,-0.0281,-0.0255,-0.0137
PK00057530,2025,6,0.0382,-0.0953,-0.0554,0.0347
PK00057530,2026,17,-0.0030,-0.0966,-0.0672,-0.0045
PK00057537,2018,4,0.0292,-0.0842,-0.0126,-0.0262
PK00057537,2019,8,0.0304,0.0148,0.0482,0.0310
PK00057537,2020,3,-0.0082,-0.0513,0.0000,-0.0120
PK00057537,2021,2,0.0771,0.0217,0.0587,0.0860
PK00057537,2022,7,0.0111,-0.0846,-0.0018,-0.0111
PK00057537,2023,1,0.0000,0.0000,-0.0501,0.0000
PK00057537,2024,7,-0.0188,-0.0071,-0.0088,-0.0345
PK00057537,2025,6,0.0292,-0.0426,-0.0093,0.0047
PK00057537,2026,17,-0.0007,-0.0815,-0.0193,-0.0371
PK00057549,2018,5,-0.0427,-0.0885,-0.0675,-0.0806
PK00057549,2019,7,0.0089,0.0173,-0.0042,0.0046
PK00057549,2020,3,-0.0389,-0.0412,-0.0688,-0.0541
PK00057549,2021,2,0.0788,-0.0096,0.0283,0.0817
PK00057549,2022,7,-0.0173,-0.0574,-0.0141,-0.0624
PK00057549,2024,5,-0.0089,0.0096,0.0042,-0.0046
PK00057549,2025,7,-0.0357,-0.0468,-0.0789,-0.0733
PK00057549,2026,17,-0.0201,-0.0531,-0.0997,-0.0600
PK00057559,2018,5,-0.0785,-0.1239,-0.0832,-0.1079
PK00057559,2019,8,0.0163,-0.0097,-0.0009,0.0150
PK00057559,2020,3,-0.0332,-0.0325,0.0009,-0.0324
PK00057559,2021,2,0.0931,0.0632,0.0650,0.0996
PK00057559,2022,7,-0.0251,-0.1280,-0.0977,-0.0730
PK00057559,2024,6,-0.0163,0.0097,-0.0214,-0.0150
PK00057559,2025,6,-0.0277,-0.0990,-0.0985,-0.0680
PK00057559,2026,17,-0.0492,-0.1018,-0.1204,-0.1169
PK00057564,2018,5,-0.0913,-0.1115,-0.0516,-0.0674
PK00057564,2019,8,0.0000,0.0000,0.0485,0.0506
PK00057564,2020,4,-0.3411,-0.1376,-0.1776,-0.2825
PK00057564,2021,2,0.0612,0.0057,0.0291,0.1060
PK00057564,2022,7,-0.0432,-0.0764,-0.0572,-0.0481
PK00057564,2023,1,0.0047,0.0285,0.0000,0.0000
PK00057564,2024,6,-0.0478,-0.0089,-0.0327,-0.0302
PK00057564,2025,6,0.0175,-0.0205,-0.0116,0.0101
PK00057564,2026,17,-0.0143,-0.0314,-0.0210,-0.0203
PK00057571,2018,5,-0.0476,-0.0721,-0.0314,-0.0635
PK00057571,2019,8,0.0218,0.0216,0.0271,0.0221
PK00057571,2020,3,-0.0218,-0.0079,-0.0311,-0.0221
PK00057571,2021,2,0.0671,-0.0031,0.0824,0.0799
PK00057571,2022,7,0.0190,-0.0048,0.0213,-0.0252
PK00057571,2024,7,-0.0366,0.0031,-0.0271,-0.0532
PK00057571,2025,6,0.0109,0.0173,0.0043,-0.0247
PK00057571,2026,17,-0.0024,-0.0122,-0.0061,-0.0373
PK00057592,2018,5,-0.0081,-0.0527,-0.0608,-0.0549
PK00057592,2019,7,0.0063,-0.0128,0.0039,0.0029
PK00057592,2020,4,-0.1326,-0.0554,-0.1039,-0.1388
PK00057592,2021,2,0.0764,0.0298,0.0927,0.0850
PK00057592,2022,7,-0.0540,-0.1187,-0.0906,-0.0906
PK00057592,2024,5,-0.0063,0.0128,-0.0039,-0.0029
PK00057592,2025,7,0.0201,-0.0335,-0.0735,-0.0230
PK00057592,2026,17,-0.0124,-0.0405,-0.0560,-0.0428
PK00057594,2018,5,-0.0030,-0.0126,0.0159,-0.0275
PK00057594,2019,7,0.0050,0.0012,0.0037,0.0005
PK00057594,2020,4,-0.2112,-0.1502,-0.1906,-0.2041
PK00057594,2021,2,0.0437,0.0081,0.0222,0.0532
PK00057594,2022,7,-0.0324,-0.0472,-0.0500,-0.0610
PK00057594,2024,5,-0.0050,-0.0012,-0.0037,-0.0005
PK00057594,2025,7,-0.0041,-0.0043,-0.0417,-0.0247
PK00057594,2026,17,-0.0205,-0.0163,-0.0219,-0.0341
PK00057598,2018,3,-0.0976,-0.0881,-0.0654,-0.0959
PK00057598,2019,7,0.0181,0.0147,0.0100,0.0168
PK00057598,2020,3,-0.0249,-0.0515,-0.0198,-0.0329
PK00057598,2021,2,0.0898,-0.0023,0.0394,0.0843
PK00057598,2022,8,-0.0115,-0.0403,-0.0211,-0.0225
PK00057598,2024,7,-0.0181,0.0023,-0.0100,-0.0168
PK00057598,2025,6,0.0171,-0.0601,-0.0482,-0.0107
PK00057598,2026,17,-0.0037,-0.0632,-0.0635,-0.0330
PK00057601,2018,3,-0.0072,-0.0566,0.0247,-0.0054
PK00057601,2019,6,0.0312,0.0139,0.0283,0.0216
PK00057601,2020,2,-0.0312,-0.0207,-0.0289,-0.0216
PK00057601,2021,2,0.0947,-0.0059,0.0514,0.0808
PK00057601,2022,7,-0.0636,-0.0127,0.0056,-0.0574
PK00057601,2024,7,-0.0656,0.0059,-0.0283,-0.0486
PK00057601,2025,6,0.0034,-0.0070,0.0164,0.0075
PK00057601,2026,17,-0.0185,-0.0002,-0.0039,-0.0094
PK00057602,2018,3,-0.0094,-0.0422,0.0340,-0.0137
PK00057602,2019,6,0.0178,0.0251,0.0273,0.0196
PK00057602,2020,2,-0.0178,-0.0149,-0.0328,-0.0196
PK00057602,2021,2,0.0850,-0.0004,0.0488,0.0833
PK00057602,2022,7,-0.0275,-0.0047,0.0216,-0.0318
PK00057602,2024,7,-0.0320,0.0004,-0.0273,-0.0350
PK00057602,2025,6,0.0164,-0.0108,0.0141,0.0152
PK00057602,2026,17,-0.0033,0.0080,-0.0059,-0.0061
PK00057603,2018,3,-0.0378,-0.0675,-0.0360,-0.0548
PK00057603,2019,5,0.0254,-0.0047,0.0173,0.0234
PK00057603,2020,2,-0.0254,-0.0019,-0.0173,-0.0234
PK00057603,2021,2,0.1024,0.0098,0.0457,0.0962
PK00057603,2022,7,0.0144,-0.0270,-0.0284,-0.0076
PK00057603,2024,7,-0.0264,0.0019,-0.0401,-0.0355
PK00057603,2025,6,0.0580,-0.0064,-0.0304,0.0269
PK00057603,2026,17,0.0145,-0.0471,-0.0426,-0.0043
PK00057605,2018,3,-0.0159,-0.0215,-0.0010,-0.0233
PK00057605,2019,5,0.0248,0.0045,0.0140,0.0239
PK00057605,2020,2,-0.0248,-0.0045,-0.0140,-0.0239
PK00057605,2021,2,0.0651,0.0126,0.0423,0.0667
PK00057605,2022,7,0.0025,-0.0065,-0.0321,-0.0035
PK00057605,2024,7,-0.0372,-0.0071,-0.0421,-0.0390
PK00057605,2025,6,0.0130,-0.0133,-0.0356,0.0078
PK00057605,2026,17,-0.0063,-0.0175,-0.0340,-0.0088
PK00057608,2018,3,-0.1753,-0.1599,-0.1844,-0.1463
PK00057608,2019,6,0.0407,0.0023,0.0125,0.0334
PK00057608,2020,3,-0.0407,-0.0023,-0.0125,-0.0334
PK00057608,2021,2,0.1277,0.0056,0.0736,0.1095
PK00057608,2022,8,-0.1024,-0.1472,-0.1727,-0.0900
PK00057608,2024,7,-0.1000,-0.0712,-0.1084,-0.0879
PK00057608,2025,6,-0.0372,-0.1128,-0.1081,-0.0360
PK00057608,2026,17,-0.0754,-0.1066,-0.1298,-0.0738
PK00057609,2018,4,-0.1636,-0.0977,-0.0670,-0.1567
PK00057609,2019,6,0.0065,0.0052,0.0143,0.0043
PK00057609,2020,2,-0.0234,-0.0044,-0.0143,-0.0224
PK00057609,2021,2,0.1395,-0.0163,0.0438,0.1263
PK00057609,2022,7,-0.0294,-0.0483,-0.0394,-0.0283
PK00057609,2024,7,-0.0065,0.0044,-0.0488,-0.0043
PK00057609,2025,6,0.0235,-0.0181,-0.0097,0.0200
PK00057609,2026,17,-0.0158,-0.0220,-0.0283,-0.0050
PK00057615,2018,3,-0.0934,-0.0580,-0.0713,-0.1016
PK00057615,2019,6,0.0319,0.0302,0.0219,0.0315
PK00057615,2020,3,-0.0474,-0.0227,-0.0219,-0.0462
PK00057615,2021,2,0.1063,0.0006,0.0384,0.0955
PK00057615,2022,7,-0.0160,-0.0432,-0.0325,-0.0350
PK00057615,2024,7,-0.0319,-0.0006,-0.0379,-0.0315
PK00057615,2025,6,0.0338,-0.0113,-0.0366,-0.0062
PK00057615,2026,17,0.0086,-0.0280,-0.0545,-0.0126
PK00057622,2018,4,-0.0435,-0.0754,-0.0387,-0.0462
PK00057622,2019,6,0.0246,0.0093,0.0182,0.0197
PK00057622,2020,2,-0.0246,-0.0067,-0.0182,-0.0197
PK00057622,2021,2,0.0920,-0.0020,0.0439,0.0941
PK00057622,2022,7,-0.0113,-0.0248,-0.0407,-0.0103
PK00057622,2024,7,-0.0417,0.0020,-0.0553,-0.0377
PK00057622,2025,6,0.0255,-0.0219,-0.0250,0.0214
PK00057622,2026,17,-0.0103,-0.0226,-0.0468,-0.0081
PK00057623,2018,5,-0.1709,-0.2190,-0.1602,-0.1799
PK00057623,2019,8,0.0267,0.0035,0.0207,0.0314
PK00057623,2020,3,-0.0267,-0.0035,-0.0207,-0.0359
PK00057623,2021,2,0.1000,0.0203,0.0595,0.0893
PK00057623,2022,8,-0.0900,-0.1884,-0.1577,-0.1151
PK00057623,2024,7,-0.0384,-0.0409,-0.0443,-0.0314
PK00057623,2025,6,-0.0018,-0.1833,-0.1074,-0.0545
PK00057623,2026,17,-0.0704,-0.1653,-0.1264,-0.1042
PK00057629,2018,4,-0.2240,-0.1001,-0.1291,-0.1627
PK00057629,2019,8,0.0587,0.0706,0.0414,0.0496
PK00057629,2020,3,-0.0587,-0.0199,-0.0674,-0.0496
PK00057629,2021,2,0.1294,0.0052,0.0758,0.0940
PK00057629,2022,7,-0.1122,-0.0528,-0.0728,-0.0909
PK00057629,2024,7,-0.1229,-0.0052,-0.0414,-0.0527
PK00057629,2025,6,-0.1290,-0.0716,-0.0853,-0.1033
PK00057629,2026,17,-0.1370,-0.0549,-0.1001,-0.1095
PK00057631,2018,4,-0.0785,-0.1265,-0.0889,-0.0899
PK00057631,2019,8,0.0240,0.0104,0.0150,0.0271
PK00057631,2020,3,-0.0240,-0.0262,-0.0150,-0.0271
PK00057631,2021,2,0.1007,0.0150,0.0341,0.0902
PK00057631,2022,7,-0.0544,-0.0762,-0.0494,-0.0414
PK00057631,2024,7,-0.0730,-0.0104,-0.0206,-0.0472
PK00057631,2025,6,0.0174,-0.0701,-0.0615,-0.0131
PK00057631,2026,17,-0.0095,-0.0632,-0.0583,-0.0408
PK00057638,2018,3,-0.1373,-0.2216,-0.1652,-0.1730
PK00057638,2019,8,0.0240,0.0120,0.0149,0.0289
PK00057638,2020,3,-0.0240,-0.0120,-0.0149,-0.0289
PK00057638,2021,2,0.0726,0.0283,0.0494,0.0715
PK00057638,2022,8,-0.0771,-0.1578,-0.1401,-0.1158
PK00057638,2024,7,-0.0372,-0.0779,-0.0662,-0.0368
PK00057638,2025,6,-0.0533,-0.1514,-0.1125,-0.1043
PK00057638,2026,17,-0.0991,-0.1350,-0.1352,-0.1379
PK00057639,2018,3,-0.0670,-0.1987,-0.1427,-0.0717
PK00057639,2019,8,0.0175,0.0102,0.0166,0.0171
PK00057639,2020,3,-0.0175,-0.0102,-0.0166,-0.0171
PK00057639,2021,2,0.0880,0.0298,0.0490,0.0850
PK00057639,2022,8,-0.0490,-0.1392,-0.1345,-0.0528
PK00057639,2024,7,-0.0505,-0.0711,-0.0593,-0.0448
PK00057639,2025,6,-0.0104,-0.1367,-0.1026,-0.0185
PK00057639,2026,17,-0.0133,-0.1336,-0.1182,-0.0207
PK00057643,2018,4,-0.1134,-0.1699,-0.1517,-0.1259
PK00057643,2019,7,0.0240,0.0252,0.0326,0.0241
PK00057643,2020,3,-0.0324,-0.0481,-0.0326,-0.0318
PK00057643,2021,2,0.0572,0.0498,0.0436,0.0561
PK00057643,2022,8,-0.0628,-0.1252,-0.1142,-0.0711
PK00057643,2024,7,-0.0240,-0.0252,-0.0455,-0.0241
PK00057643,2025,6,-0.0380,-0.1412,-0.1402,-0.0603
PK00057643,2026,17,-0.0613,-0.1061,-0.1424,-0.0834
PK00057647,2018,4,-0.2294,-0.1281,-0.1364,-0.1963
PK00057647,2019,6,0.0219,0.0625,0.0310,0.0192
PK00057647,2020,3,-0.0219,-0.0154,-0.0310,-0.0192
PK00057647,2021,2,0.0934,0.0113,0.0769,0.0791
PK00057647,2022,8,-0.0932,-0.0774,-0.1029,-0.0915
PK00057647,2024,7,-0.1173,-0.0113,-0.0867,-0.0942
PK00057647,2025,6,-0.1687,-0.0988,-0.1311,-0.1418
PK00057647,2026,17,-0.2597,-0.0734,-0.1533,-0.2146
PK00057648,2018,4,-0.0318,-0.1614,-0.1296,-0.0649
PK00057648,2019,8,0.0204,0.0031,0.0216,0.0307
PK00057648,2020,3,-0.0204,0.0117,-0.0216,-0.0307
PK00057648,2021,2,0.0927,-0.0031,0.0413,0.0820
PK00057648,2022,8,-0.0260,-0.1401,-0.1034,-0.0459
PK00057648,2024,7,-0.0724,-0.0447,-0.0481,-0.0500
PK00057648,2025,6,0.0067,-0.1202,-0.1037,-0.0272
PK00057648,2026,17,-0.0254,-0.1223,-0.1134,-0.0550
PK00057649,2018,4,-0.1281,-0.1383,-0.0962,-0.1402
PK00057649,2019,7,0.0186,-0.0043,0.0176,0.0174
PK00057649,2020,4,-0.2215,-0.0774,-0.1037,-0.2006
PK00057649,2021,2,0.0869,0.0192,0.0668,0.0918
PK00057649,2022,8,-0.0142,-0.0906,-0.0500,-0.0263
PK00057649,2024,7,-0.0186,0.0043,-0.0176,-0.0174
PK00057649,2025,6,0.0130,-0.0722,-0.0464,0.0008
PK00057649,2026,17,0.0080,-0.0710,-0.0463,-0.0037
PK00057650,2018,3,-0.1164,-0.0382,-0.0407,-0.1274
PK00057650,2019,6,-0.0053,0.0051,0.0019,-0.0022
PK00057650,2020,3,-0.0391,-0.0432,-0.0324,-0.0455
PK00057650,2021,2,0.0855,0.0001,0.0338,0.0769
PK00057650,2022,7,-0.0159,-0.0274,-0.0221,-0.0313
PK00057650,2024,7,0.0053,-0.0001,-0.0019,0.0022
PK00057650,2025,6,0.0331,-0.0311,-0.0148,0.0103
PK00057650,2026,17,0.0261,-0.0303,-0.0266,0.0044
PK00057661,2018,5,-0.0790,-0.0055,-0.0476,-0.1172
PK00057661,2019,7,0.0237,0.0413,-0.0015,0.0249
PK00057661,2020,4,-0.1968,-0.0307,-0.1203,-0.1572
PK00057661,2021,2,0.0921,-0.0266,0.0434,0.0959
PK00057661,2022,8,0.0283,-0.0069,-0.0305,-0.0174
PK00057661,2024,7,-0.0237,0.0266,0.0015,-0.0249
PK00057661,2025,6,0.0731,-0.0119,-0.0405,0.0247
PK00057661,2026,17,0.0714,0.0249,0.0072,0.0256
PK00057663,2018,5,-0.1631,-0.2044,-0.1277,-0.1863
PK00057663,2019,7,0.0330,0.0388,0.0299,0.0359
PK00057663,2020,4,-0.2236,-0.1366,-0.1681,-0.1948
PK00057663,2021,2,0.0838,0.0276,0.0808,0.1052
PK00057663,2022,8,-0.0026,-0.0214,0.0122,-0.0441
PK00057663,2024,7,-0.0330,-0.0276,-0.0299,-0.0359
PK00057663,2025,6,0.0461,-0.0148,-0.0047,0.0019
PK00057663,2026,17,0.0203,-0.0372,0.0230,-0.0085
PK00057664,2018,6,-0.1132,-0.2079,-0.0935,-0.1315
PK00057664,2019,7,0.0308,0.0082,0.0248,0.0315
PK00057664,2020,4,-0.1622,-0.1194,-0.1357,-0.1552
PK00057664,2021,2,0.0898,0.0288,0.0629,0.0975
PK00057664,2022,8,-0.0131,-0.1047,-0.0539,-0.0319
PK00057664,2024,7,-0.0308,-0.0082,-0.0248,-0.0315
PK00057664,2025,6,0.0133,-0.0681,-0.0409,-0.0106
PK00057664,2026,17,0.0100,-0.0951,-0.0301,-0.0252
PK00057667,2018,5,0.0120,-0.1222,-0.0515,-0.0158
PK00057667,2019,7,0.0214,0.0249,0.0272,0.0289
PK00057667,2020,3,-0.1106,-0.0737,-0.0955,-0.1315
PK00057667,2021,2,0.0707,0.0030,0.0627,0.0798
PK00057667,2022,8,0.0048,-0.0559,0.0111,-0.0209
PK00057667,2024,6,-0.0214,-0.0030,-0.0272,-0.0289
PK00057667,2025,6,0.0256,-0.0403,0.0060,0.0051
PK00057667,2026,17,0.0154,-0.0581,-0.0228,-0.0125
PK00057668,2018,4,-0.1090,-0.1097,-0.0360,-0.1200
PK00057668,2019,6,0.0090,0.0384,0.0136,0.0193
PK00057668,2020,3,-0.2527,-0.1330,-0.1745,-0.2498
PK00057668,2021,2,0.0654,-0.0186,0.0219,0.0771
PK00057668,2022,6,-0.0233,-0.0457,-0.0135,-0.0564
PK00057668,2024,4,-0.0090,0.0186,-0.0136,-0.0193
PK00057668,2025,6,0.0226,-0.0017,-0.0106,-0.0150
PK00057668,2026,15,-0.0085,-0.0200,-0.0267,-0.0480
PK00057669,2018,5,-0.0690,-0.0577,0.0144,-0.0708
PK00057669,2019,6,0.0207,0.0409,0.0182,0.0239
PK00057669,2020,3,-0.3007,-0.1363,-0.1728,-0.2960
PK00057669,2021,2,0.0733,-0.0137,0.0101,0.0764
PK00057669,2022,6,-0.0098,-0.0277,-0.0631,-0.0185
PK00057669,2024,4,-0.0207,0.0137,-0.0101,-0.0239
PK00057669,2025,6,0.0136,0.0033,-0.0241,0.0034
PK00057669,2026,15,-0.0118,-0.0145,-0.0531,-0.0220
PK00057672,2018,4,-0.1176,-0.2073,-0.0925,-0.1360
PK00057672,2019,6,0.0243,0.0148,0.0485,0.0394
PK00057672,2020,3,-0.2737,-0.0816,-0.1393,-0.2265
PK00057672,2021,2,0.0840,0.0089,0.0836,0.1069
PK00057672,2022,6,-0.0404,-0.0927,-0.0302,-0.0916
PK00057672,2024,4,-0.0243,-0.0089,-0.0485,-0.0394
PK00057672,2025,6,0.0095,-0.0588,-0.0188,-0.0441
PK00057672,2026,15,-0.0248,-0.0745,-0.0334,-0.0695
PK00057678,2018,4,-0.1243,-0.0570,-0.0379,-0.1142
PK00057678,2019,6,0.0166,-0.0010,0.0209,0.0141
PK00057678,2020,2,-0.0166,-0.0241,-0.0209,-0.0141
PK00057678,2021,2,0.1386,0.0151,0.0402,0.1148
PK00057678,2022,7,-0.0243,-0.0137,-0.0339,-0.0244
PK00057678,2024,7,-0.0587,0.0010,-0.0333,-0.0545
PK00057678,2025,6,0.0267,-0.0272,-0.0516,0.0162
PK00057678,2026,17,0.0362,-0.0414,-0.0511,0.0169
PK00057680,2018,4,-0.0501,-0.0615,-0.0342,-0.0586
PK00057680,2019,5,0.0262,0.0179,0.0239,0.0242
PK00057680,2020,2,-0.0262,-0.0074,-0.0239,-0.0242
PK00057680,2021,2,0.0743,0.0074,0.0409,0.0741
PK00057680,2022,7,0.0008,-0.0279,-0.0207,-0.0071
PK00057680,2024,7,-0.0436,-0.0094,-0.0723,-0.0431
PK00057680,2025,6,0.0112,-0.0378,-0.0512,0.0001
PK00057680,2026,17,-0.0209,-0.0254,-0.0429,-0.0311
PK00057681,2018,3,-0.0092,-0.0350,0.0429,-0.0209
PK00057681,2019,6,0.0208,0.0425,0.0216,0.0251
PK00057681,2020,2,-0.0208,-0.0018,-0.0233,-0.0251
PK00057681,2021,2,0.0784,0.0002,0.0613,0.0740
PK00057681,2022,7,-0.0034,0.0217,0.0368,-0.0129
PK00057681,2024,7,-0.0338,-0.0002,-0.0216,-0.0402
PK00057681,2025,6,0.0115,0.0160,0.0160,0.0017
PK00057681,2026,17,-0.0074,0.0203,-0.0053,-0.0185
PK00057717,2018,3,-0.0924,-0.1026,-0.1154,-0.0700
PK00057717,2019,7,0.0622,0.0760,0.0624,0.0589
PK00057717,2020,3,0.0000,0.0000,0.0000,0.0000
PK00057717,2021,2,0.0602,0.0508,0.0710,0.0954
PK00057717,2022,8,0.0114,-0.0423,-0.0199,0.0029
PK00057717,2023,1,-0.3543,-0.1060,-0.2260,-0.2650
PK00057717,2024,7,-0.1682,-0.0457,-0.0747,-0.0805
PK00057717,2025,6,-0.0484,-0.1123,-0.1276,-0.0331
PK00057717,2026,17,-0.1206,-0.0952,-0.2298,-0.0681
PK00057736,2018,5,-0.1071,-0.2131,-0.2033,-0.1525
PK00057736,2019,7,0.0432,0.0013,-0.0087,0.0327
PK00057736,2020,3,-0.0432,-0.0398,0.0087,-0.0327
PK00057736,2021,2,0.1006,0.0066,0.0470,0.1097
PK00057736,2022,8,-0.0112,-0.1597,-0.0773,-0.0374
PK00057736,2024,7,-0.0438,-0.0013,-0.0348,-0.0363
PK00057736,2025,6,0.0433,-0.1208,-0.0716,-0.0048
PK00057736,2026,17,0.0247,-0.1215,-0.1081,-0.0357
PK00057738,2018,4,-0.0526,-0.1606,-0.0899,-0.1144
PK00057738,2019,8,0.0296,0.0226,0.0254,0.0275
PK00057738,2020,3,-0.0296,-0.0837,-0.0279,-0.0275
PK00057738,2021,2,0.0961,0.0244,0.0852,0.0982
PK00057738,2022,8,-0.0012,-0.1628,-0.0775,-0.0507
PK00057738,2024,7,-0.0349,-0.0226,-0.0254,-0.0435
PK00057738,2025,6,0.0109,-0.0864,-0.0631,-0.0475
PK00057738,2026,17,-0.0122,-0.1315,-0.0873,-0.1111
PK00057746,2018,4,-0.1663,-0.1706,-0.1534,-0.1817
PK00057746,2019,7,0.0319,-0.0031,0.0133,0.0278
PK00057746,2020,3,-0.0319,-0.0418,-0.0133,-0.0278
PK00057746,2021,2,0.0996,0.0542,0.0634,0.1077
PK00057746,2022,8,-0.0178,-0.0977,-0.0659,-0.0380
PK00057746,2024,7,-0.0377,0.0031,-0.0297,-0.0356
PK00057746,2025,6,0.0033,-0.0711,-0.0578,-0.0275
PK00057746,2026,17,-0.0108,-0.1001,-0.0964,-0.0511
PK00057747,2018,5,-0.0543,-0.0810,-0.0674,-0.0817
PK00057747,2019,8,0.0236,0.0060,-0.0001,0.0223
PK00057747,2020,3,-0.0236,-0.0212,0.0001,-0.0223
PK00057747,2021,2,0.0830,0.0514,0.0498,0.0840
PK00057747,2022,8,-0.0209,-0.0679,-0.0555,-0.0322
PK00057747,2024,7,-0.0419,-0.0060,-0.0196,-0.0396
PK00057747,2025,6,0.0174,-0.0548,-0.0475,-0.0160
PK00057747,2026,17,-0.0084,-0.0732,-0.0687,-0.0481
PK00057748,2018,3,0.0537,-0.0506,0.0009,0.0057
PK00057748,2019,8,0.0280,0.0169,0.0134,0.0266
PK00057748,2020,3,-0.0280,-0.0206,-0.0134,-0.0266
PK00057748,2021,2,0.0860,0.0166,0.0496,0.0956
PK00057748,2022,8,0.0149,-0.0306,-0.0385,-0.0240
PK00057748,2024,7,-0.0467,-0.0166,-0.0253,-0.0544
PK00057748,2025,6,0.0606,-0.0232,-0.0160,0.0187
PK00057748,2026,17,0.0351,-0.0338,-0.0281,-0.0099
PK00057845,2018,5,-0.0064,-0.0289,0.0045,-0.0474
PK00057845,2019,7,-0.0174,-0.0014,-0.0229,-0.0222
PK00057845,2020,3,-0.0537,-0.0186,-0.0330,-0.0484
PK00057845,2021,2,0.0563,0.0091,0.0264,0.0504
PK00057845,2022,7,-0.0019,-0.0330,-0.0484,-0.0544
PK00057845,2023,1,0.0056,0.0226,0.0185,0.0066
PK00057845,2024,5,0.0000,0.0000,0.0000,0.0000
PK00057845,2025,7,0.0357,-0.0071,-0.0311,-0.0004
PK00057845,2026,17,0.0045,-0.0156,-0.0255,-0.0236
PK00057850,2018,4,0.0091,0.0166,0.0204,-0.0026
PK00057850,2019,7,-0.0018,0.0002,-0.0001,-0.0023
PK00057850,2020,4,-0.2679,-0.1633,-0.2133,-0.2655
PK00057850,2021,2,0.0547,-0.0002,0.0279,0.0553
PK00057850,2022,7,-0.0249,-0.0184,-0.0341,-0.0397
PK00057850,2024,5,0.0018,0.0020,0.0001,0.0023
PK00057850,2025,7,0.0095,0.0132,-0.0342,0.0014
PK00057850,2026,17,-0.0029,-0.0076,-0.0106,-0.0089
PK00057854,2018,4,-0.0052,0.0111,0.0325,-0.0182
PK00057854,2019,7,-0.0011,-0.0157,-0.0014,-0.0069
PK00057854,2020,4,-0.1815,-0.1201,-0.1630,-0.1821
PK00057854,2021,2,0.0710,0.0157,0.0109,0.0447
PK00057854,2022,7,-0.0534,-0.0352,-0.0788,-0.0576
PK00057854,2024,5,0.0011,0.0283,0.0014,0.0069
PK00057854,2025,7,0.0002,0.0088,-0.0243,0.0079
PK00057854,2026,17,-0.0189,-0.0187,-0.0150,-0.0165
PK00057855,2018,5,-0.0152,-0.0304,-0.0103,-0.0428
PK00057855,2019,8,-0.0171,-0.0344,-0.0239,-0.0222
PK00057855,2020,3,-0.0349,-0.0362,-0.0181,-0.0339
PK00057855,2021,2,0.0510,0.0000,0.0257,0.0536
PK00057855,2022,7,-0.0229,-0.0271,-0.0548,-0.0381
PK00057855,2023,1,0.0000,0.0014,0.0128,0.0000
PK00057855,2024,5,0.0163,0.0040,0.0000,0.0077
PK00057855,2025,7,0.0283,-0.0242,-0.0263,0.0122
PK00057855,2026,17,-0.0099,-0.0241,-0.0370,-0.0258
PK00057864,2018,4,-0.1178,-0.0998,-0.0832,-0.1216
PK00057864,2019,8,0.0226,-0.0174,-0.0182,-0.0107
PK00057864,2020,3,-0.0627,-0.0504,-0.0330,-0.0419
PK00057864,2021,2,0.0910,0.0174,0.0182,0.0650
PK00057864,2022,7,-0.0219,-0.0417,-0.0347,-0.0556
PK00057864,2024,6,-0.0226,0.0319,0.0236,0.0107
PK00057864,2025,8,-0.0330,-0.0563,-0.0494,-0.0363
PK00057864,2026,17,-0.0425,-0.0245,-0.0535,-0.0505
PK00057866,2018,4,0.0362,-0.0284,-0.0229,-0.0370
PK00057866,2019,8,0.0234,-0.0234,-0.0148,0.0029
PK00057866,2020,3,-0.0421,-0.0111,0.0031,-0.0363
PK00057866,2021,2,0.0583,0.0118,0.0365,0.0617
PK00057866,2022,7,0.0344,-0.0290,-0.0561,-0.0260
PK00057866,2024,6,-0.0234,0.0111,-0.0031,-0.0029
PK00057866,2025,7,0.0421,-0.0127,-0.0519,-0.0029
PK00057866,2026,17,0.0324,-0.0015,-0.0266,-0.0206
PK00057870,2018,4,-0.0126,-0.0123,0.0046,-0.0195
PK00057870,2019,7,0.0006,-0.0004,-0.0209,-0.0025
PK00057870,2020,4,-0.1616,-0.0787,-0.1041,-0.1575
PK00057870,2021,2,0.0526,0.0004,0.0388,0.0559
PK00057870,2022,7,-0.0547,-0.0175,-0.0337,-0.0523
PK00057870,2024,5,-0.0006,0.0153,0.0209,0.0025
PK00057870,2025,7,-0.0011,0.0210,-0.0069,0.0040
PK00057870,2026,17,-0.0287,0.0046,0.0155,-0.0191
PK00057906,2018,4,-0.0627,-0.0661,-0.0447,-0.0368
PK00057906,2019,8,0.0463,-0.0089,-0.0031,0.0330
PK00057906,2020,4,-0.1825,-0.0693,-0.1294,-0.1520
PK00057906,2021,2,0.1126,0.0089,0.0286,0.0938
PK00057906,2022,7,-0.0378,-0.0220,-0.0248,0.0041
PK00057906,2024,7,-0.0463,0.0146,0.0031,-0.0330
PK00057906,2025,7,0.0366,0.0243,-0.0163,0.0161
PK00057906,2026,17,-0.0021,-0.0238,-0.0104,-0.0198
PK00057930,2018,4,0.0149,-0.0180,0.0061,0.0004
PK00057930,2019,8,0.0000,0.0027,0.0000,0.0000
PK00057930,2020,4,-0.0545,-0.0006,-0.0196,-0.0671
PK00057930,2021,2,0.0750,0.0170,0.0446,0.0769
PK00057930,2022,7,-0.0221,-0.0374,-0.0231,-0.0318
PK00057930,2023,1,0.0031,0.0000,0.0291,0.0019
PK00057930,2024,7,-0.0464,-0.0071,-0.0269,-0.0525
PK00057930,2025,7,0.0286,-0.0068,-0.0143,0.0186
PK00057930,2026,17,-0.0109,-0.0329,-0.0268,-0.0184
PK00057934,2018,4,0.0117,-0.0073,0.0147,-0.0118
PK00057934,2019,8,0.0048,0.0000,0.0000,0.0029
PK00057934,2020,4,-0.0799,-0.0223,-0.0340,-0.0948
PK00057934,2021,2,0.0919,0.0036,0.0432,0.0926
PK00057934,2022,7,-0.0295,-0.0172,-0.0259,-0.0391
PK00057934,2023,1,0.0000,0.0032,0.0320,0.0000
PK00057934,2024,7,-0.0615,-0.0027,-0.0160,-0.0667
PK00057934,2025,7,0.0399,-0.0023,-0.0314,0.0277
PK00057934,2026,17,0.0122,-0.0156,-0.0201,-0.0182
PK00057935,2018,4,0.0759,-0.0299,0.0143,-0.0205
PK00057935,2019,8,0.0004,0.0156,0.0000,0.0000
PK00057935,2020,4,-0.1563,-0.1024,-0.1860,-0.1635
PK00057935,2021,2,0.0561,0.0000,0.0236,0.0762
PK00057935,2022,8,0.0189,0.0006,-0.0219,-0.0348
PK00057935,2023,1,0.0000,0.0302,0.0039,0.0122
PK00057935,2024,7,-0.0581,-0.0176,-0.0741,-0.0691
PK00057935,2025,6,0.0580,0.0409,-0.0108,-0.0090
PK00057935,2026,17,0.0519,-0.0126,-0.0269,-0.0462
PK00057942,2018,5,-0.0004,-0.0053,0.0135,-0.0073
PK00057942,2019,7,0.0000,0.0000,-0.0117,0.0000
PK00057942,2020,4,-0.1875,-0.1053,-0.1147,-0.2025
PK00057942,2021,2,0.0567,0.0152,0.0400,0.0661
PK00057942,2022,7,-0.0132,0.0058,-0.0206,-0.0384
PK00057942,2023,1,0.0147,0.0172,0.0452,0.0146
PK00057942,2024,6,-0.0079,-0.0022,0.0000,-0.0239
PK00057942,2025,7,0.0286,-0.0004,-0.0128,0.0220
PK00057942,2026,17,-0.0053,-0.0202,-0.0106,-0.0161
PK00057955,2018,4,0.0491,-0.1250,-0.0834,-0.0165
PK00057955,2019,8,0.0506,0.0319,0.0153,0.0396
PK00057955,2020,3,-0.0966,-0.0473,-0.0412,-0.0425
PK00057955,2021,2,0.1226,-0.0015,0.0510,0.1033
PK00057955,2022,8,-0.0052,-0.1155,-0.0561,-0.0404
PK00057955,2024,7,-0.0506,0.0015,-0.0153,-0.0396
PK00057955,2025,6,0.1026,-0.0677,-0.0653,0.0238
PK00057955,2026,17,0.0352,-0.1009,-0.0899,-0.0038
PK00057956,2018,3,-0.1207,-0.2164,-0.1859,-0.1638
PK00057956,2019,8,0.0203,-0.0034,0.0199,0.0204
PK00057956,2020,4,-0.0203,-0.0191,-0.0199,-0.0204
PK00057956,2021,2,0.0903,0.0412,0.0475,0.0933
PK00057956,2022,8,-0.0899,-0.1819,-0.1307,-0.1124
PK00057956,2024,7,-0.0679,0.0034,-0.0465,-0.0595
PK00057956,2025,6,-0.0779,-0.1469,-0.1721,-0.1202
PK00057956,2026,17,-0.1021,-0.1708,-0.1898,-0.1662
PK00057962,2018,5,-0.0252,-0.0232,0.0060,-0.0400
PK00057962,2019,7,0.0138,0.0268,0.0028,0.0060
PK00057962,2020,3,-0.0523,-0.0172,-0.0125,-0.0527
PK00057962,2021,2,0.0565,0.0064,0.0410,0.0452
PK00057962,2022,7,-0.0443,-0.0208,-0.0534,-0.0454
PK00057962,2024,5,-0.0138,-0.0064,-0.0028,-0.0060
PK00057962,2025,7,0.0223,0.0091,-0.0330,-0.0147
PK00057962,2026,17,-0.0352,-0.0023,-0.0195,-0.0447
PK00057963,2018,5,-0.0023,0.0017,0.0099,-0.0169
PK00057963,2019,7,0.0119,0.0109,0.0034,0.0081
PK00057963,2020,4,-0.1101,-0.0928,-0.1211,-0.1333
PK00057963,2021,2,0.0690,0.0172,0.0419,0.0672
PK00057963,2022,7,-0.0385,-0.0246,-0.0777,-0.0564
PK00057963,2024,5,-0.0119,-0.0109,-0.0034,-0.0081
PK00057963,2025,7,0.0080,-0.0039,-0.0647,-0.0058
PK00057963,2026,17,-0.0205,-0.0129,-0.0383,-0.0273
PK00057964,2018,5,-0.0081,0.0171,0.0184,-0.0223
PK00057964,2019,7,-0.0044,0.0070,0.0006,-0.0023
PK00057964,2020,4,-0.1804,-0.1084,-0.1332,-0.1886
PK00057964,2021,2,0.0681,0.0206,0.0558,0.0693
PK00057964,2022,7,-0.0401,-0.0392,-0.0788,-0.0616
PK00057964,2024,5,0.0044,-0.0070,-0.0006,0.0023
PK00057964,2025,7,-0.0111,-0.0005,-0.0618,-0.0204
PK00057964,2026,17,-0.0222,-0.0154,-0.0352,-0.0269
PK00057969,2018,5,0.0021,-0.0079,0.0097,-0.0146
PK00057969,2019,7,-0.0158,-0.0051,-0.0088,-0.0143
PK00057969,2020,4,-0.2693,-0.1151,-0.1530,-0.2613
PK00057969,2021,2,0.0653,0.0321,0.0403,0.0647
PK00057969,2022,7,0.0013,-0.0239,-0.0608,-0.0267
PK00057969,2024,5,0.0158,0.0051,0.0088,0.0143
PK00057969,2025,8,0.0289,0.0116,-0.0166,0.0130
PK00057969,2026,17,0.0028,-0.0007,-0.0195,-0.0030
PK00057970,2018,5,-0.0020,-0.0040,0.0142,-0.0260
PK00057970,2019,7,-0.0136,-0.0042,-0.0087,-0.0085
PK00057970,2020,4,-0.2241,-0.1179,-0.1569,-0.2237
PK00057970,2021,2,0.0696,0.0294,0.0391,0.0668
PK00057970,2022,7,-0.0037,-0.0230,-0.0615,-0.0418
PK00057970,2024,5,0.0136,0.0042,0.0087,0.0085
PK00057970,2025,8,0.0233,0.0161,-0.0164,0.0081
PK00057970,2026,17,0.0030,0.0010,-0.0245,-0.0129
PK00057974,2018,5,0.0072,-0.0200,0.0143,-0.0120
PK00057974,2019,7,-0.0129,0.0000,-0.0121,-0.0029
PK00057974,2020,4,-0.2405,-0.1317,-0.1899,-0.2330
PK00057974,2021,2,0.0707,0.0041,0.0280,0.0731
PK00057974,2022,7,0.0004,-0.0289,-0.0409,-0.0228
PK00057974,2023,1,0.0085,0.0147,0.0092,0.0146
PK00057974,2024,5,0.0000,-0.0029,0.0000,0.0000
PK00057974,2025,7,0.0330,0.0019,-0.0412,0.0228
PK00057974,2026,17,-0.0065,-0.0124,-0.0240,-0.0164
PK00057978,2018,4,-0.0114,-0.0768,-0.0228,-0.0440
PK00057978,2019,8,0.0165,0.0081,0.0137,0.0162
PK00057978,2020,3,-0.0165,-0.0399,-0.0137,-0.0162
PK00057978,2021,2,0.0655,0.0254,0.0582,0.0694
PK00057978,2022,8,0.0048,-0.0585,-0.0357,-0.0177
PK00057978,2024,7,-0.0536,-0.0081,-0.0215,-0.0573
PK00057978,2025,6,0.0353,-0.0492,-0.0244,-0.0040
PK00057978,2026,17,0.0077,-0.0692,-0.0465,-0.0387
PK00057979,2018,4,0.0029,-0.0954,-0.0408,-0.0441
PK00057979,2019,8,0.0213,0.0120,0.0108,0.0217
PK00057979,2020,3,-0.0213,-0.0232,-0.0108,-0.0217
PK00057979,2021,2,0.0708,0.0411,0.0618,0.0798
PK00057979,2022,8,0.0234,-0.0688,-0.0476,-0.0108
PK00057979,2024,7,-0.0286,-0.0120,-0.0158,-0.0511
PK00057979,2025,6,0.0690,-0.0861,-0.0471,0.0118
PK00057979,2026,17,0.0512,-0.0815,-0.0661,-0.0214
PK00057981,2018,5,0.0240,-0.0990,-0.0331,-0.0725
PK00057981,2019,8,0.0154,0.0147,0.0000,0.0093
PK00057981,2020,3,-0.0152,-0.0009,-0.0322,-0.0237
PK00057981,2021,2,0.0636,0.0000,0.0206,0.0655
PK00057981,2022,8,0.0601,-0.0281,-0.0257,-0.0198
PK00057981,2023,1,0.0000,0.0260,0.0295,0.0000
PK00057981,2024,7,-0.0465,-0.0204,-0.0546,-0.0685
PK00057981,2025,6,0.0981,0.0004,-0.0048,-0.0020
PK00057981,2026,17,0.0881,-0.0200,-0.0416,-0.0262
PK00058005,2018,5,-0.0008,-0.0016,0.0230,-0.0309
PK00058005,2019,7,0.0221,-0.0008,0.0087,0.0038
PK00058005,2020,4,-0.1327,-0.0618,-0.0717,-0.1518
PK00058005,2021,2,0.1017,0.0769,0.0936,0.1002
PK00058005,2022,7,-0.0069,-0.0100,-0.0191,-0.0653
PK00058005,2023,1,0.0000,0.0000,0.0000,0.0000
PK00058005,2024,6,-0.0548,0.0401,-0.0020,-0.0608
PK00058005,2025,7,0.0404,0.0425,0.0218,0.0112
PK00058005,2026,17,0.0000,0.0007,-0.0230,-0.0223
PK00058019,2018,5,-0.0518,-0.0687,-0.0205,-0.0729
PK00058019,2019,8,0.0430,0.0175,0.0000,0.0397
PK00058019,2020,3,-0.0343,-0.0113,0.0390,-0.0329
PK00058019,2021,2,0.1230,0.0279,0.0827,0.1200
PK00058019,2022,7,-0.0296,-0.0593,-0.0118,-0.0421
PK00058019,2023,1,0.0000,0.0000,-0.0568,0.0000
PK00058019,2024,7,-0.0732,-0.0057,-0.0050,-0.0776
PK00058019,2025,6,0.0229,-0.0309,0.0004,-0.0024
PK00058019,2026,17,-0.1544,-0.0984,-0.1028,-0.1519
PK00058030,2018,5,0.0029,-0.0039,0.0186,-0.0121
PK00058030,2019,7,0.0215,-0.0269,-0.0187,0.0160
PK00058030,2020,4,-0.1489,-0.0904,-0.1098,-0.1605
PK00058030,2021,2,0.0768,0.0296,0.0442,0.0763
PK00058030,2022,7,-0.0204,-0.0425,-0.0375,-0.0308
PK00058030,2023,1,0.0000,0.0000,0.0033,0.0000
PK00058030,2024,6,-0.0197,0.0061,0.0000,-0.0233
PK00058030,2025,7,0.0332,-0.0066,0.0025,0.0193
PK00058030,2026,17,-0.0122,-0.0157,-0.0233,-0.0259
PK00058042,2018,5,0.0187,-0.0025,-0.0056,-0.0094
PK00058042,2019,7,0.0967,0.0311,0.0164,0.0986
PK00058042,2020,4,-0.0720,-0.0521,-0.1116,-0.0956
PK00058042,2021,2,0.1930,-0.0497,0.0476,0.1820
PK00058042,2022,7,0.0916,0.0484,0.0349,0.0598
PK00058042,2023,1,0.0000,0.0158,0.0000,0.0000
PK00058042,2024,7,-0.0120,0.0000,-0.0333,-0.0267
PK00058042,2025,7,0.1240,0.0150,0.0011,0.0844
PK00058042,2026,17,0.0890,0.0305,-0.0111,0.0595
PK00058044,2018,4,0.0142,-0.0052,0.0190,-0.0266
PK00058044,2019,8,0.0048,0.0218,0.0173,0.0007
PK00058044,2020,4,-0.1169,-0.0744,-0.0930,-0.1572
PK00058044,2021,2,0.0954,0.0099,0.0537,0.0918
PK00058044,2022,7,0.0014,0.0019,-0.0338,-0.0514
PK00058044,2023,1,0.0000,-0.0162,0.0000,0.0000
PK00058044,2024,7,-0.0746,0.0000,-0.0262,-0.0794
PK00058044,2025,7,0.0520,0.0103,0.0013,0.0169
PK00058044,2026,17,0.0078,0.0122,-0.0074,-0.0198
PK00058045,2018,4,0.0314,-0.0190,0.0212,-0.0240
PK00058045,2019,8,0.0143,0.0000,0.0000,0.0069
PK00058045,2020,4,-0.1351,-0.0421,-0.0496,-0.1424
PK00058045,2021,2,0.0740,0.0008,0.0429,0.0816
PK00058045,2022,7,0.0088,-0.0089,0.0086,-0.0427
PK00058045,2023,1,0.0000,-0.0041,0.0346,0.0000
PK00058045,2024,7,-0.0418,0.0053,-0.0076,-0.0595
PK00058045,2025,7,0.0471,0.0350,-0.0279,0.0090
PK00058045,2026,17,0.0333,0.0006,-0.0059,-0.0220
PK00058048,2018,5,0.0124,-0.0098,-0.0258,-0.0081
PK00058048,2019,8,0.0135,0.0043,0.0000,0.0205
PK00058048,2020,4,-0.1445,-0.0439,-0.0789,-0.1377
PK00058048,2021,2,0.0717,0.0027,0.0505,0.0820
PK00058048,2022,7,0.0023,0.0003,-0.0387,-0.0225
PK00058048,2023,1,0.0000,0.0000,0.0133,0.0000
PK00058048,2024,7,-0.0376,-0.0117,-0.0377,-0.0458
PK00058048,2025,7,0.0339,0.0136,-0.0103,0.0209
PK00058048,2026,17,-0.0053,-0.0045,-0.0261,-0.0229
PK00058050,2018,4,-0.0504,-0.1072,-0.0059,-0.0928
PK00058050,2019,8,0.0081,0.0095,-0.0308,0.0037
PK00058050,2020,4,-0.1405,-0.0629,-0.0991,-0.1428
PK00058050,2021,2,0.0766,-0.0210,0.0263,0.0722
PK00058050,2022,7,-0.0113,-0.0618,-0.0136,-0.0588
PK00058050,2023,1,0.0000,0.0198,0.0288,0.0000
PK00058050,2024,7,-0.0674,0.0000,0.0000,-0.0751
PK00058050,2025,7,0.0320,-0.0321,-0.0396,-0.0046
PK00058050,2026,17,0.0143,-0.0053,-0.0241,-0.0327
PK00058055,2018,4,0.0303,-0.0081,0.0162,0.0142
PK00058055,2019,7,0.0392,0.0190,0.0339,0.0347
PK00058055,2020,4,-0.1192,-0.0697,-0.1077,-0.1318
PK00058055,2021,2,0.1148,0.0205,0.0826,0.1106
PK00058055,2022,7,0.0255,-0.0223,0.0129,0.0111
PK00058055,2023,1,0.0000,-0.0053,0.0000,0.0000
PK00058055,2024,6,-0.0186,0.0000,-0.0099,-0.0214
PK00058055,2025,7,0.0692,0.0085,-0.0081,0.0549
PK00058055,2026,17,0.0076,-0.0266,-0.0304,-0.0114
PK00058056,2018,4,0.0007,-0.0634,-0.0276,-0.0078
PK00058056,2019,8,0.0010,0.0040,0.0000,0.0004
PK00058056,2020,4,-0.1372,-0.0604,-0.0915,-0.1419
PK00058056,2021,2,0.0572,0.0000,0.0330,0.0597
PK00058056,2022,7,-0.0134,-0.0423,-0.0542,-0.0213
PK00058056,2023,1,0.0000,0.0148,0.0075,0.0000
PK00058056,2024,7,-0.0575,-0.0196,-0.0547,-0.0600
PK00058056,2025,7,0.0215,-0.0329,-0.0577,0.0160
PK00058056,2026,17,-0.0189,-0.0350,-0.0417,-0.0230
PK00058061,2018,5,0.0602,0.0083,0.0388,0.0118
PK00058061,2019,8,0.0073,-0.0037,0.0000,0.0226
PK00058061,2020,4,-0.0023,-0.0262,-0.0467,-0.0391
PK00058061,2021,2,0.0666,0.0015,0.0313,0.0956
PK00058061,2022,8,0.0065,0.0020,-0.0273,-0.0142
PK00058061,2023,1,-0.0227,0.0000,-0.0031,0.0000
PK00058061,2024,7,0.0000,0.0249,0.0136,-0.0116
PK00058061,2025,7,0.0764,0.0329,0.0099,0.0509
PK00058061,2026,17,0.0609,0.0402,0.0362,0.0077
PK00058072,2018,5,-0.0305,-0.0266,-0.0230,-0.0233
PK00058072,2019,8,0.0485,0.0245,0.0017,0.0224
PK00058072,2020,3,-0.0116,-0.0253,-0.0419,-0.0335
PK00058072,2021,2,0.1228,0.0000,0.0000,0.0781
PK00058072,2022,8,-0.0112,-0.0228,-0.0166,-0.0188
PK00058072,2023,1,-0.3794,-0.1353,-0.2275,-0.3351
PK00058072,2024,7,0.0000,0.0412,0.0236,0.0000
PK00058072,2025,7,0.0314,0.0257,-0.0194,0.0267
PK00058072,2026,16,0.0140,0.0111,-0.0106,0.0097
PK00058082,2018,5,0.0458,0.0503,0.0491,-0.0046
PK00058082,2019,8,-0.0235,-0.0304,-0.0377,-0.0084
PK00058082,2020,3,-0.0383,-0.0123,-0.0380,-0.0233
PK00058082,2021,2,0.0428,0.0182,0.0108,0.0630
PK00058082,2022,7,0.0144,0.0223,-0.0215,-0.0239
PK00058082,2023,1,0.0000,0.0000,0.0000,0.0156
PK00058082,2024,6,0.0039,0.0249,0.0229,0.0000
PK00058082,2025,7,0.0456,0.0414,-0.0169,0.0284
PK00058082,2026,17,0.0055,0.0096,-0.0050,-0.0073
PK00058087,2018,3,0.0412,-0.0082,0.0150,0.0226
PK00058087,2019,8,0.0403,0.0011,0.0192,0.0373
PK00058087,2020,4,-0.0681,-0.0911,-0.0840,-0.0788
PK00058087,2021,2,0.0861,0.0000,0.0211,0.0922
PK00058087,2022,8,0.0172,-0.0406,-0.0389,0.0014
PK00058087,2023,1,-0.1619,-0.0566,-0.0742,-0.2357
PK00058087,2024,7,0.0000,0.0025,0.0000,0.0000
PK00058087,2025,7,0.0501,-0.0112,-0.0141,0.0564
PK00058087,2026,17,0.0276,-0.0063,-0.0119,0.0240
PK00058090,2018,5,0.0130,0.0132,0.0208,-0.0024
PK00058090,2019,8,0.0000,0.0000,0.0000,0.0000
PK00058090,2020,3,-0.0245,-0.0418,-0.0182,-0.0252
PK00058090,2021,2,0.0666,0.0367,0.0500,0.0718
PK00058090,2022,7,-0.0296,0.0041,-0.0144,-0.0357
PK00058090,2023,1,0.0082,-0.0032,0.0114,0.0084
PK00058090,2024,7,-0.0106,0.0291,-0.0085,-0.0204
PK00058090,2025,7,0.0430,0.0212,0.0024,0.0317
PK00058090,2026,17,-0.0082,-0.0231,-0.0351,-0.0161
PK00058106,2018,4,0.0692,0.0137,0.0442,0.0172
PK00058106,2019,8,-0.0004,0.0000,0.0000,0.0000
PK00058106,2020,4,0.0000,0.0079,-0.0166,-0.0440
PK00058106,2021,2,0.0831,0.0216,0.0497,0.0959
PK00058106,2022,8,0.0107,0.0001,-0.0183,-0.0174
PK00058106,2023,1,0.0387,-0.0001,0.0449,0.0332
PK00058106,2024,7,-0.0141,-0.0101,-0.0107,-0.0314
PK00058106,2025,7,0.0563,0.0300,0.0103,0.0399
PK00058106,2026,17,0.0361,-0.0167,-0.0003,-0.0075
PK00058111,2018,4,0.0677,0.0509,0.0516,0.0047
PK00058111,2019,8,0.0011,0.0075,-0.0021,0.0000
PK00058111,2020,3,-0.0368,-0.0067,-0.0220,-0.0341
PK00058111,2021,2,0.0557,0.0000,0.0296,0.0655
PK00058111,2022,7,0.0191,0.0273,-0.0300,-0.0436
PK00058111,2023,1,-0.0033,-0.0065,0.0137,0.0023
PK00058111,2024,6,0.0000,0.0108,0.0000,-0.0130
PK00058111,2025,7,0.0575,0.0157,-0.0047,0.0293
PK00058111,2026,17,0.0220,-0.0051,-0.0164,-0.0080
PK00058113,2018,4,0.0497,0.0375,0.0354,0.0067
PK00058113,2019,8,-0.0040,0.0119,0.0000,0.0000
PK00058113,2020,3,-0.0407,0.0000,-0.0176,-0.0341
PK00058113,2021,2,0.0575,-0.0014,0.0425,0.0651
PK00058113,2022,7,-0.0008,0.0328,-0.0387,-0.0413
PK00058113,2023,1,0.0023,-0.0112,0.0078,0.0083
PK00058113,2024,6,0.0000,0.0026,-0.0095,-0.0061
PK00058113,2025,7,0.0552,0.0121,-0.0038,0.0294
PK00058113,2026,17,0.0067,-0.0134,-0.0155,-0.0068
PK00058117,2018,5,0.0401,0.0387,0.0364,-0.0148
PK00058117,2019,7,0.0081,0.0000,-0.0246,0.0000
PK00058117,2020,4,-0.1048,-0.0854,-0.0941,-0.1553
PK00058117,2021,2,0.0628,0.0109,0.0275,0.0680
PK00058117,2022,7,0.0001,0.0339,-0.0183,-0.0632
PK00058117,2023,1,0.0000,0.0065,0.0490,0.0023
PK00058117,2024,6,-0.0154,-0.0033,0.0000,-0.0272
PK00058117,2025,7,0.0572,0.0249,-0.0109,0.0234
PK00058117,2026,17,0.0161,-0.0064,-0.0078,-0.0180
PK00058121,2018,4,0.0230,-0.0395,0.0089,-0.0118
PK00058121,2019,8,0.0361,0.0421,0.0425,0.0593
PK00058121,2020,3,-0.0073,-0.0132,-0.0097,0.0000
PK00058121,2021,2,0.0862,0.0172,0.0643,0.1222
PK00058121,2022,8,0.0189,-0.0279,-0.0319,0.0123
PK00058121,2023,1,-0.1823,-0.1207,-0.1491,-0.1192
PK00058121,2024,7,0.0000,0.0000,0.0000,-0.0040
PK00058121,2025,7,0.0454,0.0043,0.0136,0.0589
PK00058121,2026,17,0.0356,-0.0031,0.0187,0.0248
PK00058122,2018,4,-0.0012,-0.0706,-0.0213,0.0060
PK00058122,2019,8,0.0004,0.0432,0.0195,0.0532
PK00058122,2020,3,-0.0560,-0.0107,-0.0439,-0.0028
PK00058122,2021,2,0.0546,0.0093,0.0407,0.1182
PK00058122,2022,8,-0.0102,-0.0297,-0.0474,0.0142
PK00058122,2023,1,-0.1208,-0.1233,-0.1779,-0.0430
PK00058122,2024,7,0.0000,0.0000,0.0000,0.0000
PK00058122,2025,7,0.0420,-0.0045,-0.0038,0.0702
PK00058122,2026,17,0.0234,-0.0058,-0.0007,0.0380
PK00058124,2018,4,0.0640,0.0107,0.0522,-0.0044
PK00058124,2019,8,0.0000,-0.0221,0.0000,0.0000
PK00058124,2020,4,-0.0166,0.0242,0.0000,-0.0735
PK00058124,2021,2,0.0803,0.0203,0.0851,0.0806
PK00058124,2022,8,0.0046,-0.0044,-0.0104,-0.0394
PK00058124,2023,1,0.0335,0.0000,0.0613,0.0151
PK00058124,2024,7,-0.0190,-0.0089,-0.0009,-0.0504
PK00058124,2025,7,0.0480,0.0024,-0.0190,0.0183
PK00058124,2026,17,0.0467,-0.0086,0.0070,-0.0244
PK00058128,2018,5,0.0524,0.0235,0.0202,0.0540
PK00058128,2019,8,0.0396,0.0517,0.0098,0.0637
PK00058128,2020,4,-0.1038,-0.0438,-0.1007,-0.1022
PK00058128,2021,2,0.0808,0.0280,0.0598,0.1196
PK00058128,2022,8,0.0307,0.0234,-0.0244,0.0379
PK00058128,2023,1,-0.0591,-0.0212,-0.0402,-0.0230
PK00058128,2024,7,0.0000,0.0000,0.0000,0.0000
PK00058128,2025,7,0.0711,0.0446,0.0053,0.0836
PK00058128,2026,17,0.0477,0.0278,0.0017,0.0502
PK00058146,2018,3,0.0570,-0.0741,-0.1221,0.0077
PK00058146,2019,5,0.0000,0.0574,0.0136,0.0000
PK00058146,2020,2,-0.0833,0.0000,-0.0399,-0.0742
PK00058146,2021,4,0.0684,-0.0172,0.0000,0.0247
PK00058146,2022,9,-0.0095,-0.1042,-0.1392,0.0055
PK00058146,2023,1,0.0728,0.1238,0.0102,0.0483
PK00058146,2024,5,-0.1231,-0.1389,-0.1297,-0.1027
PK00058146,2025,7,0.0703,-0.0486,-0.0582,0.0482
PK00058146,2026,14,0.0194,-0.0631,-0.1020,-0.0120
PK00058159,2018,4,-0.0560,-0.1415,-0.1301,-0.1691
PK00058159,2019,5,0.0000,0.0000,0.0156,0.0000
PK00058159,2020,2,-0.0255,-0.0353,-0.0641,-0.0425
PK00058159,2021,4,0.0409,0.0040,0.0000,0.0218
PK00058159,2022,9,-0.0086,-0.0564,-0.0687,-0.0851
PK00058159,2023,1,0.0124,0.0788,0.0195,0.0317
PK00058159,2024,6,-0.0405,-0.0542,-0.0050,-0.0774
PK00058159,2025,7,0.0292,-0.0550,-0.0124,-0.0243
PK00058159,2026,14,-0.0409,-0.0697,-0.0774,-0.1345
PK00058209,2018,4,-0.0686,-0.2716,-0.1571,-0.1688
PK00058209,2019,7,0.0223,0.0000,0.0000,0.0000
PK00058209,2020,3,-0.0210,-0.0162,-0.0331,-0.0280
PK00058209,2021,4,0.0185,0.0674,0.0461,0.0280
PK00058209,2022,8,-0.0146,-0.2644,-0.1688,-0.1343
PK00058209,2023,1,0.0000,0.1175,0.0417,0.0303
PK00058209,2024,7,-0.0442,-0.0568,-0.0196,-0.0541
PK00058209,2025,9,-0.0240,-0.2284,-0.1701,-0.1352
PK00058209,2026,15,-0.0798,-0.1819,-0.2065,-0.1827
PK00058236,2018,5,-0.1096,-0.2435,-0.1910,-0.2026
PK00058236,2019,6,0.0172,0.0000,-0.0204,0.0000
PK00058236,2020,4,-0.0762,-0.0395,-0.0794,-0.0973
PK00058236,2021,4,0.0326,0.0495,0.0225,0.0229
PK00058236,2022,8,-0.0331,-0.2230,-0.1104,-0.0976
PK00058236,2023,1,0.0000,0.1200,0.1029,0.0008
PK00058236,2024,6,-0.0040,-0.0206,0.0000,-0.0328
PK00058236,2025,8,-0.0443,-0.1970,-0.1653,-0.1144
PK00058236,2026,14,-0.0460,-0.2056,-0.1847,-0.1343
PK00058248,2018,5,-0.0429,-0.1897,-0.0875,-0.0865
PK00058248,2019,6,0.0546,0.0000,0.0000,0.0264
PK00058248,2020,3,-0.0112,-0.1219,-0.0422,-0.0373
PK00058248,2021,4,0.0565,0.0071,0.0180,0.0431
PK00058248,2022,8,0.0490,-0.1172,-0.0468,-0.0391
PK00058248,2023,1,0.0000,0.1403,0.1008,0.0000
PK00058248,2024,7,-0.0375,-0.1065,-0.1018,-0.1091
PK00058248,2025,9,0.0403,-0.1136,-0.0942,-0.0564
PK00058248,2026,15,0.0113,-0.0913,-0.0782,-0.0611
PK00058251,2018,5,0.0423,-0.1794,-0.1194,-0.0722
PK00058251,2019,6,0.0441,0.0000,0.0000,0.0000
PK00058251,2020,3,-0.0025,-0.1221,-0.0498,-0.0470
PK00058251,2021,4,0.0654,0.0004,0.0158,0.0309
PK00058251,2022,8,0.1061,-0.1172,-0.0603,-0.0410
PK00058251,2023,1,0.0000,0.1387,0.0815,0.0075
PK00058251,2024,7,-0.0692,-0.1113,-0.0821,-0.1264
PK00058251,2025,9,0.0721,-0.1249,-0.1043,-0.0405
PK00058251,2026,15,0.0489,-0.1012,-0.1049,-0.0642
PK00058274,2018,3,-0.0123,-0.0675,-0.0934,-0.1132
PK00058274,2019,6,0.0231,0.0257,0.0000,0.0000
PK00058274,2020,4,-0.0163,-0.0696,-0.0215,-0.0429
PK00058274,2021,3,0.1129,0.0000,0.0451,0.0816
PK00058274,2022,8,0.0986,-0.0936,-0.0323,-0.0431
PK00058274,2023,1,0.0000,0.1200,0.0578,0.0004
PK00058274,2024,6,-0.0350,-0.0048,-0.0756,-0.0580
PK00058274,2025,7,0.0426,-0.0163,-0.0103,-0.0613
PK00058274,2026,14,0.0275,-0.0337,-0.0249,-0.1103
PK00058288,2018,4,-0.1966,-0.1021,-0.1604,-0.1527
PK00058288,2019,6,0.0000,0.0183,0.0000,0.0000
PK00058288,2020,4,-0.1269,-0.0982,-0.1018,-0.1029
PK00058288,2021,4,0.0582,0.0000,0.0311,0.0327
PK00058288,2022,8,0.0405,-0.0181,0.0139,-0.0105
PK00058288,2023,1,0.0295,0.0830,0.0632,0.0078
PK00058288,2024,6,-0.0362,-0.0760,-0.0679,-0.0191
PK00058288,2025,7,0.0547,0.0488,-0.0139,0.0141
PK00058288,2026,14,0.0538,-0.0258,-0.0056,0.0124
PK00058290,2018,4,-0.1799,-0.0664,-0.0964,-0.1262
PK00058290,2019,6,0.0000,0.0270,0.0000,0.0098
PK00058290,2020,4,-0.0905,-0.0707,-0.0540,-0.0521
PK00058290,2021,4,0.0453,0.0000,0.0082,0.0420
PK00058290,2022,8,0.0246,-0.0213,-0.0061,0.0087
PK00058290,2023,1,0.0112,0.0272,0.0090,0.0000
PK00058290,2024,6,-0.0232,-0.0516,-0.0537,-0.0092
PK00058290,2025,7,0.0451,0.0184,-0.0211,0.0256
PK00058290,2026,14,0.0209,-0.0131,-0.0331,0.0203
PK00058291,2018,4,-0.1717,-0.1069,-0.1335,-0.1916
PK00058291,2019,6,0.0000,0.0021,0.0000,0.0000
PK00058291,2020,4,-0.0723,-0.1123,-0.0345,-0.0680
PK00058291,2021,4,0.0553,0.0000,0.0131,0.0504
PK00058291,2022,8,0.0455,-0.0379,-0.0135,-0.0160
PK00058291,2023,1,0.0161,0.0658,0.0425,0.0057
PK00058291,2024,6,-0.0870,-0.0985,-0.1011,-0.0942
PK00058291,2025,7,0.0548,0.0300,-0.0245,-0.0021
PK00058291,2026,14,0.0292,-0.0479,-0.0410,-0.0448
PK00058302,2018,4,-0.1845,0.0048,-0.0921,-0.1279
PK00058302,2019,6,0.0001,0.0683,0.0058,0.0128
PK00058302,2020,4,-0.0449,-0.0710,-0.0480,-0.0238
PK00058302,2021,4,0.0513,0.0287,0.0130,0.0482
PK00058302,2022,8,0.0008,0.0643,0.0262,0.0016
PK00058302,2023,1,0.0000,0.0000,0.0000,0.0000
PK00058302,2024,6,-0.0517,-0.0941,-0.0623,-0.0205
PK00058302,2025,7,0.0120,0.0829,-0.0026,0.0060
PK00058302,2026,15,-0.0049,0.0648,-0.0293,0.0024
PK00058330,2018,4,-0.1228,-0.1399,-0.1452,-0.1642
PK00058330,2019,7,0.0219,0.0221,0.0025,0.0041
PK00058330,2020,3,0.0000,0.0204,0.0000,0.0000
PK00058330,2021,4,0.0329,0.0000,0.0211,0.0226
PK00058330,2022,8,0.0333,-0.1733,-0.0778,-0.0390
PK00058330,2023,1,-0.1125,-0.0358,-0.1893,-0.1837
PK00058330,2024,5,-0.0727,-0.0505,-0.0355,-0.0414
PK00058330,2025,7,0.0430,-0.1150,-0.0870,-0.0440
PK00058330,2026,14,0.0164,-0.1378,-0.1879,-0.1009
PK00058357,2018,5,0.0232,-0.0821,-0.0546,-0.0190
PK00058357,2019,6,0.0000,0.0261,0.0046,0.0000
PK00058357,2020,3,-0.0475,-0.0100,-0.0165,-0.0452
PK00058357,2021,4,0.0454,0.0176,0.0043,0.0356
PK00058357,2022,8,0.0280,-0.0141,-0.0143,0.0057
PK00058357,2023,2,0.0382,0.0000,-0.0033,0.0137
PK00058357,2024,6,-0.0228,-0.0076,0.0000,-0.0304
PK00058357,2025,7,0.0521,0.0187,0.0047,0.0318
PK00058357,2026,14,0.0219,-0.0214,-0.0369,-0.0037
PK00058361,2018,3,-0.0297,-0.0509,0.0350,-0.0373
PK00058361,2019,6,0.0193,-0.0144,-0.0019,0.0180
PK00058361,2020,3,-0.0526,-0.0338,-0.0263,-0.0513
PK00058361,2021,4,0.0514,0.0126,0.0236,0.0522
PK00058361,2022,8,0.0213,-0.0069,0.0074,0.0192
PK00058361,2023,1,0.0000,0.0282,0.0078,0.0000
PK00058361,2024,6,-0.0092,0.0000,0.0000,-0.0093
PK00058361,2025,7,0.0469,0.0082,0.0250,0.0440
PK00058361,2026,15,0.0246,-0.0144,0.0131,0.0204
PK00058402,2018,5,-0.0048,-0.0676,-0.0349,-0.0321
PK00058402,2019,6,0.0090,0.0000,0.0000,0.0067
PK00058402,2020,4,-0.2432,-0.1403,-0.1824,-0.2492
PK00058402,2021,3,0.0552,0.0122,0.0266,0.0594
PK00058402,2022,8,0.0269,0.0004,-0.0040,0.0153
PK00058402,2023,2,0.0000,0.0319,0.0319,0.0000
PK00058402,2024,6,-0.0250,-0.0131,-0.0165,-0.0257
PK00058402,2025,8,0.0133,0.0126,-0.0117,0.0073
PK00058402,2026,15,0.0044,-0.0050,-0.0292,0.0034
PK00058423,2018,3,-0.0061,-0.0320,0.0028,-0.0057
PK00058423,2019,6,0.0070,-0.0060,-0.0010,0.0068
PK00058423,2020,3,-0.0391,-0.0291,-0.0102,-0.0378
PK00058423,2021,4,0.0368,0.0211,0.0217,0.0370
PK00058423,2022,8,0.0147,-0.0018,0.0123,0.0139
PK00058423,2023,1,0.0000,0.0000,0.0011,-0.0028
PK00058423,2024,6,-0.0017,0.0075,0.0000,0.0000
PK00058423,2025,7,0.0299,0.0058,0.0096,0.0276
PK00058423,2026,15,0.0128,-0.0211,0.0067,0.0093
PK00058438,2018,4,0.0068,-0.0089,0.0084,-0.0049
PK00058438,2019,6,0.0000,-0.0011,-0.0264,0.0016
PK00058438,2020,3,-0.0418,0.0000,-0.0475,-0.0431
PK00058438,2021,4,0.0359,0.0122,0.0000,0.0420
PK00058438,2022,8,0.0208,0.0175,-0.0300,0.0160
PK00058438,2023,2,-0.0533,-0.0073,0.0041,-0.0689
PK00058438,2024,6,0.0013,0.0167,0.0056,0.0000
PK00058438,2025,7,0.0581,0.0387,0.0226,0.0403
PK00058438,2026,15,0.0274,0.0148,-0.0211,0.0101
PK00058439,2018,4,0.0114,-0.0123,0.0150,-0.0031
PK00058439,2019,6,0.0243,-0.0019,0.0000,0.0391
PK00058439,2020,3,-0.0462,-0.0063,-0.0248,-0.0372
PK00058439,2021,4,0.0737,0.0098,0.0195,0.0752
PK00058439,2022,7,0.0329,0.0102,0.0030,0.0324
PK00058439,2023,2,-0.0602,0.0000,-0.0181,-0.0447
PK00058439,2024,6,0.0000,0.0168,0.0135,0.0000
PK00058439,2025,7,0.0865,0.0424,0.0183,0.0809
PK00058439,2026,15,0.0405,0.0364,0.0105,0.0575
PK00058441,2018,4,0.0051,-0.0065,0.0263,0.0056
PK00058441,2019,6,0.0045,0.0000,0.0000,0.0087
PK00058441,2020,3,-0.0383,-0.0017,-0.0244,-0.0356
PK00058441,2021,4,0.0368,0.0120,0.0184,0.0422
PK00058441,2022,8,0.0229,0.0072,0.0031,0.0265
PK00058441,2023,2,-0.1307,-0.0120,-0.0217,-0.1240
PK00058441,2024,6,0.0000,0.0176,0.0178,0.0000
PK00058441,2025,7,0.0410,0.0410,0.0237,0.0374
PK00058441,2026,15,0.0132,0.0343,0.0072,0.0157
PK00058443,2018,4,0.0131,-0.0069,0.0422,0.0088
PK00058443,2019,6,0.0000,0.0085,0.0000,0.0051
PK00058443,2020,3,-0.0372,-0.0153,-0.0086,-0.0326
PK00058443,2021,4,0.0328,0.0000,0.0103,0.0440
PK00058443,2022,8,0.0227,-0.0006,0.0007,0.0281
PK00058443,2023,2,-0.1645,-0.0468,-0.0659,-0.1557
PK00058443,2024,6,0.0046,0.0048,0.0212,0.0000
PK00058443,2025,7,0.0464,0.0264,0.0284,0.0434
PK00058443,2026,15,0.0159,0.0238,0.0098,0.0123
PK00058447,2018,4,0.0153,-0.0227,-0.0071,0.0068
PK00058447,2019,6,0.0000,0.0000,0.0000,0.0000
PK00058447,2020,3,-0.0283,-0.0113,-0.0226,-0.0294
PK00058447,2021,4,0.0382,0.0103,0.0123,0.0393
PK00058447,2022,8,0.0233,0.0099,-0.0114,0.0181
PK00058447,2023,2,-0.0211,-0.0076,-0.0216,-0.0342
PK00058447,2024,6,0.0035,0.0159,0.0007,0.0017
PK00058447,2025,7,0.0581,0.0463,0.0280,0.0477
PK00058447,2026,15,0.0247,0.0118,-0.0054,0.0132
PK00058448,2018,4,0.0282,0.0139,0.0514,0.0026
PK00058448,2019,6,0.0000,0.0153,-0.0017,0.0009
PK00058448,2020,3,-0.0211,-0.0090,0.0000,-0.0356
PK00058448,2021,4,0.0257,0.0000,0.0102,0.0342
PK00058448,2022,8,0.0286,0.0083,-0.0111,0.0203
PK00058448,2023,2,-0.1752,-0.0550,-0.0794,-0.1663
PK00058448,2024,6,0.0076,0.0119,0.0336,0.0000
PK00058448,2025,7,0.0425,0.0403,0.0343,0.0286
PK00058448,2026,15,0.0147,0.0293,0.0059,0.0004
PK00058449,2018,4,0.0133,-0.0267,0.0199,0.0096
PK00058449,2019,6,0.0132,0.0000,0.0000,0.0114
PK00058449,2020,3,-0.0336,-0.0180,-0.0129,-0.0323
PK00058449,2021,4,0.0318,0.0026,0.0222,0.0329
PK00058449,2022,8,0.0278,-0.0023,-0.0021,0.0272
PK00058449,2023,2,-0.1513,-0.0585,-0.0895,-0.1541
PK00058449,2024,6,0.0000,0.0053,0.0104,0.0000
PK00058449,2025,7,0.0406,0.0219,0.0254,0.0391
PK00058449,2026,15,0.0130,0.0177,0.0085,0.0109
PK00058450,2018,4,0.0437,-0.0114,0.0233,0.0535
PK00058450,2019,6,0.0208,0.0028,0.0000,0.0704
PK00058450,2020,3,-0.0489,-0.0139,-0.0358,0.0000
PK00058450,2021,4,0.0563,0.0000,0.0303,0.1042
PK00058450,2022,8,0.0230,0.0215,0.0024,0.0553
PK00058450,2023,2,-0.1846,-0.0720,-0.1253,-0.1350
PK00058450,2024,6,0.0000,0.0026,0.0114,-0.0016
PK00058450,2025,7,0.1078,0.0393,0.0441,0.0969
PK00058450,2026,15,0.0712,0.0354,0.0272,0.0825
PK00058453,2018,4,-0.0071,-0.0576,-0.0190,-0.0015
PK00058453,2019,6,0.0072,-0.0078,0.0154,0.0377
PK00058453,2020,2,-0.0367,0.0368,0.0000,-0.0015
PK00058453,2021,4,0.0273,0.0366,0.0138,0.0634
PK00058453,2022,8,-0.0030,0.0069,-0.0149,0.0205
PK00058453,2023,2,-0.1532,-0.0277,-0.0886,-0.1196
PK00058453,2024,6,0.0000,0.0000,-0.0090,0.0000
PK00058453,2025,7,0.0582,-0.0062,-0.0020,0.0550
PK00058453,2026,15,0.0444,-0.0029,-0.0500,0.0389
PK00058454,2018,4,-0.0095,-0.0391,0.0079,-0.0102
PK00058454,2019,6,0.0076,0.0000,0.0000,0.0076
PK00058454,2020,4,-0.0472,-0.0327,-0.0248,-0.0467
PK00058454,2021,4,0.0311,0.0057,0.0230,0.0315
PK00058454,2022,8,0.0100,-0.0205,-0.0168,0.0101
PK00058454,2023,2,-0.1664,-0.0925,-0.1315,-0.1662
PK00058454,2024,6,0.0000,0.0079,0.0090,0.0000
PK00058454,2025,7,0.0209,0.0086,0.0226,0.0212
PK00058454,2026,15,0.0158,0.0064,-0.0029,0.0154
PK00058457,2018,3,0.0837,-0.0503,-0.0483,-0.0350
PK00058457,2019,6,0.0000,-0.0401,-0.0258,0.0000
PK00058457,2020,3,-0.0525,-0.0599,-0.0460,-0.0380
PK00058457,2021,4,0.0757,0.0510,0.0369,0.0661
PK00058457,2022,8,0.0434,-0.0199,-0.0160,0.0094
PK00058457,2023,1,0.0297,0.0688,0.0617,0.0058
PK00058457,2024,6,-0.0526,0.0000,0.0000,-0.0303
PK00058457,2025,7,0.0578,0.0112,0.0029,0.0292
PK00058457,2026,15,0.0446,0.0472,0.0286,0.0148
PK00058458,2018,4,0.0453,-0.0264,0.0099,0.0472
PK00058458,2019,6,0.0444,0.0000,0.0096,0.0686
PK00058458,2020,3,-0.0277,-0.0058,-0.0165,-0.0014
PK00058458,2021,4,0.0746,0.0141,0.0388,0.0997
PK00058458,2022,8,0.0467,-0.0027,0.0104,0.0617
PK00058458,2023,2,-0.1473,-0.0300,-0.0741,-0.1111
PK00058458,2024,6,0.0000,0.0226,0.0000,0.0000
PK00058458,2025,6,0.1186,0.0211,0.0124,0.0929
PK00058458,2026,14,0.0696,0.0285,-0.0006,0.0822
PK00058459,2018,4,-0.1028,-0.0423,-0.0441,-0.0783
PK00058459,2019,5,0.0000,-0.0640,-0.0533,0.0000
PK00058459,2020,2,-0.0594,-0.0094,-0.0073,-0.0207
PK00058459,2021,4,0.0551,0.0000,0.0580,0.0827
PK00058459,2022,6,-0.0029,-0.0302,0.0012,0.0384
PK00058459,2023,2,0.0208,0.0029,0.0314,0.0549
PK00058459,2024,5,-0.1041,0.0210,0.0000,-0.0468
PK00058459,2025,6,0.0544,-0.0035,0.0264,0.0895
PK00058459,2026,14,0.0082,0.0049,0.0218,0.0571
PK00058466,2018,4,-0.0297,-0.0138,0.0011,-0.0406
PK00058466,2019,6,0.0179,0.0000,0.0000,0.0102
PK00058466,2020,3,-0.0056,-0.0195,-0.0213,-0.0161
PK00058466,2021,4,0.0842,0.0284,0.0236,0.0681
PK00058466,2022,6,0.0615,0.0048,0.0089,0.0511
PK00058466,2023,2,0.0000,-0.0131,-0.0134,0.0000
PK00058466,2024,6,-0.0026,0.0079,0.0056,-0.0084
PK00058466,2025,7,0.0712,0.0303,0.0058,0.0614
PK00058466,2026,14,0.0428,0.0085,0.0094,0.0354
PK00058469,2018,4,-0.0112,-0.0348,-0.0155,-0.0153
PK00058469,2019,6,0.0326,-0.0100,0.0110,0.0341
PK00058469,2020,3,-0.0488,-0.0257,-0.0329,-0.0478
PK00058469,2021,4,0.0675,0.0007,0.0109,0.0650
PK00058469,2022,8,0.0196,0.0127,-0.0037,0.0187
PK00058469,2023,2,-0.0374,0.0000,-0.0105,-0.0357
PK00058469,2024,6,0.0000,0.0170,0.0000,0.0000
PK00058469,2025,7,0.0849,0.0433,0.0361,0.0808
PK00058469,2026,15,0.0509,0.0057,-0.0065,0.0542
PK00058470,2018,4,0.0039,-0.0277,-0.0009,-0.0044
PK00058470,2019,6,-0.0033,-0.0040,0.0068,-0.0025
PK00058470,2020,3,-0.0315,0.0000,-0.0278,-0.0326
PK00058470,2021,4,0.0352,0.0043,-0.0148,0.0379
PK00058470,2022,8,0.0202,0.0120,-0.0437,0.0197
PK00058470,2023,2,0.0234,0.0184,0.0182,0.0196
PK00058470,2024,6,0.0000,-0.0135,0.0000,0.0000
PK00058470,2025,7,0.0421,0.0170,0.0085,0.0444
PK00058470,2026,14,0.0186,0.0046,-0.0358,0.0171
PK00058472,2018,4,-0.0085,-0.0373,-0.0047,-0.0123
PK00058472,2019,6,0.0000,-0.0034,0.0000,0.0000
PK00058472,2020,3,-0.0342,0.0000,-0.0054,-0.0327
PK00058472,2021,4,0.0371,0.0039,0.0253,0.0385
PK00058472,2022,7,0.0174,-0.0071,0.0040,0.0181
PK00058472,2023,2,0.0156,0.0166,0.0300,0.0167
PK00058472,2024,5,-0.0211,-0.0008,-0.0117,-0.0201
PK00058472,2025,6,0.0505,0.0300,0.0368,0.0518
PK00058472,2026,14,0.0134,0.0053,0.0073,0.0129
PK00058473,2018,4,0.0237,-0.0037,0.0295,-0.0080
PK00058473,2019,6,0.0118,-0.0118,-0.0157,0.0000
PK00058473,2020,3,-0.0044,-0.0052,-0.0116,-0.0088
PK00058473,2021,4,0.0427,0.0179,0.0120,0.0420
PK00058473,2022,8,0.0273,-0.0173,-0.0221,0.0094
PK00058473,2023,2,-0.0123,0.0037,0.0040,-0.0266
PK00058473,2024,6,0.0000,0.0000,0.0000,0.0001
PK00058473,2025,7,0.0411,0.0352,0.0142,0.0275
PK00058473,2026,14,0.0234,-0.0160,-0.0154,-0.0014
PK00058476,2018,4,-0.0269,-0.0298,-0.0093,-0.0323
PK00058476,2019,6,0.0188,-0.0023,0.0035,0.0241
PK00058476,2020,3,-0.0053,0.0000,0.0000,0.0000
PK00058476,2021,4,0.0701,0.0291,0.0498,0.0720
PK00058476,2022,7,0.0375,-0.0078,0.0170,0.0391
PK00058476,2023,2,-0.0292,-0.0033,-0.0062,-0.0202
PK00058476,2024,6,0.0000,0.0123,-0.0013,-0.0023
PK00058476,2025,6,0.0794,0.0426,0.0414,0.0832
PK00058476,2026,15,0.0230,0.0044,0.0079,0.0263
PK00058478,2018,4,-0.0113,-0.0380,-0.0154,-0.0161
PK00058478,2019,6,0.0229,-0.0115,0.0000,0.0295
PK00058478,2020,3,-0.0125,0.0000,0.0001,-0.0053
PK00058478,2021,4,0.0652,0.0176,0.0431,0.0722
PK00058478,2022,7,0.0360,-0.0141,0.0202,0.0427
PK00058478,2023,2,-0.0388,-0.0090,-0.0081,-0.0290
PK00058478,2024,6,0.0000,0.0125,-0.0009,0.0000
PK00058478,2025,6,0.0749,0.0378,0.0410,0.0839
PK00058478,2026,15,0.0276,0.0044,0.0089,0.0377
PK00058479,2018,4,0.0155,-0.0139,0.0246,0.0033
PK00058479,2019,6,0.0000,0.0000,-0.0061,0.0000
PK00058479,2020,3,-0.0047,-0.0059,0.0000,-0.0087
PK00058479,2021,4,0.0404,0.0190,0.0267,0.0433
PK00058479,2022,8,0.0340,0.0166,-0.0060,0.0233
PK00058479,2023,2,-0.0451,-0.0166,-0.0248,-0.0631
PK00058479,2024,6,0.0039,0.0172,0.0170,0.0022
PK00058479,2025,7,0.0508,0.0469,0.0310,0.0396
PK00058479,2026,15,0.0216,0.0038,-0.0124,0.0020
PK00058481,2018,4,-0.0193,-0.0463,-0.0459,-0.0277
PK00058481,2019,6,0.0338,-0.0273,0.0050,0.0360
PK00058481,2020,3,-0.0212,-0.0005,-0.0168,-0.0204
PK00058481,2021,4,0.0721,0.0000,0.0056,0.0757
PK00058481,2022,7,0.0401,0.0217,-0.0140,0.0421
PK00058481,2023,2,-0.0097,0.0046,-0.0170,-0.0086
PK00058481,2024,6,0.0000,0.0296,0.0000,0.0000
PK00058481,2025,6,0.0819,0.0404,0.0431,0.0862
PK00058481,2026,15,0.0399,0.0221,0.0054,0.0487
PK00058482,2018,4,-0.0544,-0.0316,0.0169,-0.0657
PK00058482,2019,6,0.0000,-0.0167,0.0104,0.0000
PK00058482,2020,3,-0.0576,-0.0256,-0.0444,-0.0520
PK00058482,2021,4,0.0573,0.0209,0.0000,0.0546
PK00058482,2022,7,0.0200,0.0488,-0.0046,0.0194
PK00058482,2023,2,0.0131,0.0246,0.0218,0.0229
PK00058482,2024,6,-0.0376,0.0000,-0.0027,-0.0232
PK00058482,2025,7,0.0437,0.0394,0.0328,0.0552
PK00058482,2026,14,0.0198,0.0096,-0.0260,0.0319
PK00058484,2018,4,-0.0197,-0.0608,-0.0153,-0.0348
PK00058484,2019,6,0.0133,0.0000,0.0316,0.0205
PK00058484,2020,2,-0.0192,0.0213,0.0124,-0.0007
PK00058484,2021,4,0.0289,0.0445,0.0000,0.0468
PK00058484,2022,8,0.0020,-0.0479,-0.0380,0.0076
PK00058484,2023,2,-0.1687,-0.0589,-0.0813,-0.1362
PK00058484,2024,6,0.0000,-0.0062,-0.0053,0.0000
PK00058484,2025,7,0.0395,-0.0218,-0.0071,0.0242
PK00058484,2026,15,0.0306,-0.0125,-0.0311,0.0119
PK00058490,2018,3,-0.0437,-0.0390,-0.0095,-0.0167
PK00058490,2019,6,0.0000,0.0236,0.0000,0.0030
PK00058490,2020,3,-0.0619,-0.0406,-0.0348,-0.0584
PK00058490,2021,4,0.0315,0.0000,0.0028,0.0198
PK00058490,2022,8,0.0006,0.0218,0.0037,0.0019
PK00058490,2023,1,0.0005,0.0466,0.0238,-0.0141
PK00058490,2024,6,-0.0193,-0.0056,-0.0108,0.0000
PK00058490,2025,7,0.0156,0.0365,-0.0153,0.0082
PK00058490,2026,15,0.0101,0.0207,-0.0236,0.0030
PK00058498,2018,3,0.0034,0.0218,0.0078,-0.0158
PK00058498,2019,6,0.0475,0.0561,0.0342,0.0433
PK00058498,2020,3,0.0000,-0.0276,0.0000,0.0000
PK00058498,2021,4,0.1108,0.0115,0.0272,0.1026
PK00058498,2022,8,0.1104,0.0535,0.0435,0.0661
PK00058498,2023,2,-0.1698,-0.0399,-0.1531,-0.1701
PK00058498,2024,6,-0.0048,0.0000,-0.0098,-0.0045
PK00058498,2025,7,0.1148,0.1046,0.0479,0.0840
PK00058498,2026,14,0.1009,0.0654,0.0245,0.0590
PK00058504,2018,3,-0.0513,-0.0347,-0.0050,-0.0539
PK00058504,2019,6,0.0000,0.0121,0.0066,0.0000
PK00058504,2020,3,-0.0515,-0.0579,-0.0221,-0.0489
PK00058504,2021,4,0.0578,0.0000,0.0074,0.0514
PK00058504,2022,8,0.0235,-0.0136,0.0022,0.0170
PK00058504,2023,1,0.0019,0.0209,0.0000,0.0006
PK00058504,2024,6,-0.0275,-0.0189,-0.0200,-0.0269
PK00058504,2025,7,0.0505,0.0309,0.0222,0.0351
PK00058504,2026,14,0.0198,-0.0076,-0.0068,0.0028
PK00058506,2018,4,-0.0163,-0.0839,-0.0055,-0.0165
PK00058506,2019,6,0.0026,-0.0175,-0.0069,0.0025
PK00058506,2020,3,-0.0387,0.0000,-0.0138,-0.0387
PK00058506,2021,4,0.0385,0.0059,0.0276,0.0385
PK00058506,2022,8,0.0063,-0.0090,-0.0139,0.0062
PK00058506,2023,1,0.0000,0.0102,0.0106,0.0000
PK00058506,2024,6,-0.0124,-0.0264,0.0000,-0.0125
PK00058506,2025,7,0.0294,-0.0317,-0.0167,0.0293
PK00058506,2026,14,-0.0179,-0.0513,-0.0291,-0.0181
PK00058507,2018,4,-0.0163,-0.0686,-0.0336,-0.0288
PK00058507,2019,6,0.0000,0.0089,0.0000,0.0000
PK00058507,2020,3,-0.0402,-0.0257,-0.0117,-0.0414
PK00058507,2021,4,0.0287,0.0000,0.0213,0.0529
PK00058507,2022,8,0.0472,0.0113,0.0221,0.0214
PK00058507,2023,1,0.0093,0.0488,0.0250,0.0272
PK00058507,2024,6,-0.0571,-0.0045,-0.0113,-0.0406
PK00058507,2025,7,0.0500,0.0255,0.0002,0.0289
PK00058507,2026,15,0.0380,0.0097,-0.0171,0.0087
PK00058532,2018,4,-0.0525,-0.1793,-0.0682,-0.0800
PK00058532,2019,7,0.0038,0.0002,-0.0065,0.0000
PK00058532,2020,2,-0.1435,-0.0740,-0.0692,-0.1339
PK00058532,2021,3,0.0009,-0.0389,0.0237,0.0017
PK00058532,2022,8,-0.0043,-0.1372,-0.0335,-0.0249
PK00058532,2023,1,0.0000,0.0576,0.0548,0.0107
PK00058532,2024,7,-0.0621,0.0000,0.0000,-0.0539
PK00058532,2025,8,-0.0243,-0.1448,-0.0738,-0.0513
PK00058532,2026,15,-0.0233,-0.1086,-0.0743,-0.0482
PK00058533,2018,4,-0.2184,-0.1426,-0.1329,-0.2033
PK00058533,2019,6,0.0218,-0.0046,0.0238,0.0000
PK00058533,2020,3,-0.0177,-0.0295,-0.0364,0.0020
PK00058533,2021,4,0.0062,0.0000,-0.0292,-0.0097
PK00058533,2022,8,-0.1036,-0.0864,-0.0735,-0.1071
PK00058533,2023,1,0.0000,0.0193,0.0625,0.0021
PK00058533,2024,6,-0.0159,0.0489,0.0000,-0.0109
PK00058533,2025,7,-0.0464,-0.1015,-0.0425,-0.0926
PK00058533,2026,15,-0.1301,-0.1200,-0.0983,-0.1325
PK00058537,2018,4,-0.0391,-0.1280,-0.0777,-0.1094
PK00058537,2019,7,0.0000,0.0000,0.0000,0.0000
PK00058537,2020,3,-0.0781,0.0245,-0.0443,-0.0764
PK00058537,2021,3,0.0594,-0.0321,0.0163,0.0358
PK00058537,2022,8,0.0177,-0.0997,-0.0500,-0.0613
PK00058537,2023,1,0.0083,0.0235,0.0589,0.0319
PK00058537,2024,7,-0.0115,-0.0143,-0.0265,-0.0229
PK00058537,2025,8,-0.0162,-0.1125,-0.0503,-0.0885
PK00058537,2026,15,-0.0029,-0.0896,-0.0613,-0.0939
PK00058538,2018,4,-0.1166,-0.2234,-0.1392,-0.1367
PK00058538,2019,7,0.0000,-0.0379,-0.0117,0.0000
PK00058538,2020,3,-0.0902,0.0124,-0.0292,-0.0556
PK00058538,2021,3,0.0349,-0.0355,0.0243,0.0390
PK00058538,2022,8,-0.0407,-0.1859,-0.0946,-0.0685
PK00058538,2023,1,0.0083,0.0401,0.0725,0.0369
PK00058538,2024,7,-0.0460,0.0000,0.0000,-0.0494
PK00058538,2025,8,-0.0599,-0.1924,-0.1082,-0.0801
PK00058538,2026,15,-0.0392,-0.1384,-0.1136,-0.0777
PK00058539,2018,4,-0.0991,-0.2305,-0.1494,-0.1460
PK00058539,2019,7,0.0000,-0.0414,-0.0081,0.0000
PK00058539,2020,3,-0.0169,0.0333,0.0000,-0.0052
PK00058539,2021,3,0.0387,0.0000,0.0266,0.0382
PK00058539,2022,8,-0.0068,-0.1970,-0.0780,-0.0488
PK00058539,2023,1,0.0231,0.0529,0.0618,0.0396
PK00058539,2024,7,-0.0255,-0.0138,-0.0105,-0.0309
PK00058539,2025,8,-0.0192,-0.1505,-0.0656,-0.0648
PK00058539,2026,15,-0.0402,-0.1204,-0.1200,-0.0737
PK00058541,2018,4,-0.0538,-0.2176,-0.1271,-0.0997
PK00058541,2019,7,0.0240,-0.0010,0.0000,0.0067
PK00058541,2020,3,-0.0476,0.0450,-0.0225,-0.0652
PK00058541,2021,3,0.0199,-0.0038,0.0115,0.0008
PK00058541,2022,8,0.0031,-0.1148,-0.0655,-0.0316
PK00058541,2023,1,0.0000,0.0412,0.0346,0.0000
PK00058541,2024,7,-0.0183,0.0000,-0.0377,-0.0367
PK00058541,2025,8,-0.0173,-0.1262,-0.0765,-0.0605
PK00058541,2026,15,-0.0249,-0.1132,-0.1263,-0.0549
PK00058546,2018,4,-0.0872,-0.0898,-0.0279,-0.1283
PK00058546,2019,7,0.0164,0.0000,0.0000,0.0000
PK00058546,2020,3,-0.0503,-0.0150,-0.0662,-0.0548
PK00058546,2021,3,0.0582,-0.0211,-0.0067,0.0385
PK00058546,2022,8,-0.0237,-0.0801,-0.0228,-0.0656
PK00058546,2023,1,0.0000,0.0520,0.0554,0.0086
PK00058546,2024,7,-0.0435,0.0106,0.0042,-0.0440
PK00058546,2025,8,-0.0343,-0.0938,-0.0572,-0.0967
PK00058546,2026,15,-0.0127,-0.0574,-0.0239,-0.0901
PK00058547,2018,4,-0.1119,-0.0857,-0.0704,-0.1353
PK00058547,2019,7,0.0000,0.0018,0.0044,0.0000
PK00058547,2020,2,-0.0302,-0.0312,0.0000,-0.0320
PK00058547,2021,3,0.0539,-0.0521,-0.0149,0.0481
PK00058547,2022,8,-0.0175,-0.0301,-0.0230,-0.0477
PK00058547,2023,1,0.0099,0.0000,0.0191,0.0168
PK00058547,2024,6,-0.0053,0.0311,-0.0195,-0.0146
PK00058547,2025,9,-0.0294,-0.0599,-0.0609,-0.0698
PK00058547,2026,15,-0.0385,-0.0375,-0.0380,-0.0808
PK00058548,2018,4,-0.0626,-0.0590,-0.0584,-0.0728
PK00058548,2019,7,0.0000,0.0299,0.0000,0.0000
PK00058548,2020,2,-0.0394,0.0000,-0.0218,-0.0295
PK00058548,2021,3,0.0091,-0.0122,0.0169,0.0167
PK00058548,2022,8,-0.0091,-0.0057,-0.0239,-0.0215
PK00058548,2023,1,0.0004,-0.0181,0.0029,0.0069
PK00058548,2024,6,-0.0439,0.0313,-0.0356,-0.0378
PK00058548,2025,9,-0.0177,-0.0448,-0.0354,-0.0469
PK00058548,2026,15,-0.0256,-0.0453,-0.0933,-0.0654
PK00058550,2018,4,-0.0299,-0.0343,-0.0450,-0.0490
PK00058550,2019,7,0.0100,0.0228,0.0000,0.0030
PK00058550,2020,3,-0.0310,0.0000,-0.0259,-0.0196
PK00058550,2021,4,-0.0032,-0.0113,0.0037,0.0000
PK00058550,2022,8,0.0319,0.0302,0.0027,0.0075
PK00058550,2023,1,0.0444,-0.0008,0.0281,0.0345
PK00058550,2024,6,0.0000,0.0327,-0.0075,-0.0156
PK00058550,2025,9,-0.0020,-0.0070,-0.0361,-0.0528
PK00058550,2026,15,-0.0083,-0.0312,-0.0615,-0.0394
PK00058551,2018,3,-0.1057,-0.1297,-0.0895,-0.0970
PK00058551,2019,7,-0.0187,-0.0531,0.0000,-0.0152
PK00058551,2020,3,-0.0021,0.0000,0.0179,0.0000
PK00058551,2021,3,0.0245,0.0106,-0.0126,0.0212
PK00058551,2022,8,-0.0671,-0.1115,-0.0688,-0.0573
PK00058551,2023,1,0.0082,0.0073,0.0325,0.0159
PK00058551,2024,6,0.0000,-0.0229,-0.0210,-0.0106
PK00058551,2025,9,-0.0845,-0.1260,-0.0991,-0.0864
PK00058551,2026,15,-0.0542,-0.0794,-0.0445,-0.0595
PK00058552,2018,4,-0.1652,-0.1980,-0.1326,-0.1565
PK00058552,2019,7,0.0188,-0.0116,0.0351,0.0000
PK00058552,2020,3,-0.0177,-0.0021,-0.0182,-0.0201
PK00058552,2021,4,0.0139,0.0043,0.0039,0.0053
PK00058552,2022,8,-0.0740,-0.1380,-0.0844,-0.0871
PK00058552,2023,1,0.0000,0.0370,0.0000,0.0116
PK00058552,2024,6,-0.0039,0.0000,-0.0117,-0.0145
PK00058552,2025,7,-0.0628,-0.1404,-0.0867,-0.0945
PK00058552,2026,15,-0.0817,-0.0969,-0.0977,-0.0974
PK00058553,2018,4,-0.1775,-0.1972,-0.1018,-0.1771
PK00058553,2019,7,0.0199,-0.0202,-0.0019,0.0072
PK00058553,2020,3,-0.0384,0.0000,-0.0277,-0.0064
PK00058553,2021,4,0.0000,-0.0139,0.0042,0.0000
PK00058553,2022,8,-0.0756,-0.1728,-0.0597,-0.1066
PK00058553,2023,1,0.0155,0.0308,0.0621,0.0321
PK00058553,2024,6,-0.0248,0.0046,0.0000,-0.0094
PK00058553,2025,7,-0.0599,-0.1533,-0.0803,-0.1179
PK00058553,2026,15,-0.0678,-0.1269,-0.0926,-0.1051
PK00058555,2018,4,-0.1147,-0.1817,-0.1332,-0.1209
PK00058555,2019,7,0.0000,-0.0217,-0.0101,0.0000
PK00058555,2020,4,-0.1713,-0.0347,-0.0995,-0.1281
PK00058555,2021,3,0.0554,0.0000,0.0027,0.0516
PK00058555,2022,8,-0.0457,-0.1429,-0.0800,-0.0451
PK00058555,2023,1,0.0110,0.1067,0.0699,0.0411
PK00058555,2024,7,-0.0659,0.0375,0.0000,-0.0209
PK00058555,2025,8,-0.0766,-0.1760,-0.1169,-0.0755
PK00058555,2026,15,-0.0786,-0.0844,-0.0889,-0.0802
PK00058568,2018,4,-0.2972,-0.1858,-0.2221,-0.2519
PK00058568,2019,6,0.0039,-0.0203,-0.0236,-0.0100
PK00058568,2020,3,-0.0185,0.0544,-0.0052,-0.0135
PK00058568,2021,4,0.0046,0.0000,0.0002,0.0000
PK00058568,2022,8,-0.0786,-0.1068,-0.0845,-0.0796
PK00058568,2023,1,0.0000,0.1134,0.0692,0.0150
PK00058568,2024,5,-0.0040,-0.0073,0.0000,0.0376
PK00058568,2025,7,-0.0905,-0.1111,-0.0594,-0.0964
PK00058568,2026,15,-0.1023,-0.0676,-0.0990,-0.1032
PK00058581,2018,4,-0.1318,-0.1234,-0.0636,-0.1587
PK00058581,2019,7,0.0314,-0.0134,-0.0041,0.0072
PK00058581,2020,3,-0.0252,-0.0220,0.0000,0.0027
PK00058581,2021,4,-0.0020,0.0000,-0.0149,-0.0182
PK00058581,2022,8,-0.0411,-0.0871,-0.0165,-0.0837
PK00058581,2023,1,0.0000,0.0755,0.0805,-0.0152
PK00058581,2024,6,0.0062,0.0256,0.0235,0.0000
PK00058581,2025,7,0.0026,-0.0691,-0.0398,-0.0759
PK00058581,2026,15,-0.0191,-0.0526,-0.0261,-0.0793
PK00058584,2018,4,-0.0621,-0.0485,-0.0088,-0.0843
PK00058584,2019,7,0.0000,0.0000,0.0000,0.0000
PK00058584,2020,4,-0.1228,-0.0354,-0.0427,-0.1135
PK00058584,2021,3,0.0505,0.0604,0.0537,0.0726
PK00058584,2022,8,-0.0031,-0.0700,-0.0129,-0.0467
PK00058584,2023,2,0.0272,0.0892,0.0690,0.0504
PK00058584,2024,6,-0.1144,-0.0502,-0.0235,-0.0805
PK00058584,2025,8,-0.0093,0.0053,-0.0269,-0.0432
PK00058584,2026,15,-0.0003,-0.0153,-0.0166,-0.0342
PK00058586,2018,4,-0.0663,-0.1050,-0.0502,-0.0838
PK00058586,2019,7,0.0078,0.0000,-0.0061,0.0000
PK00058586,2020,3,-0.0532,-0.0805,0.0000,-0.0180
PK00058586,2021,3,0.0391,0.0248,0.0413,0.0716
PK00058586,2022,8,-0.0268,-0.0667,-0.0403,-0.0540
PK00058586,2023,2,0.0000,0.0587,0.0545,0.0358
PK00058586,2024,7,-0.1196,-0.0777,-0.0640,-0.0975
PK00058586,2025,8,-0.0040,-0.0601,-0.0465,-0.0305
PK00058586,2026,15,-0.0126,-0.0433,-0.0436,-0.0394
PK00058588,2018,4,-0.0223,-0.0956,-0.0385,-0.0472
PK00058588,2019,7,0.0000,0.0000,0.0000,0.0000
PK00058588,2020,4,-0.0959,-0.1107,-0.0774,-0.0855
PK00058588,2021,3,0.0518,0.0077,0.0498,0.0650
PK00058588,2022,8,0.0078,-0.0492,-0.0190,-0.0330
PK00058588,2023,2,0.0047,0.0417,0.0518,0.0327
PK00058588,2024,7,-0.1489,-0.1115,-0.0907,-0.1155
PK00058588,2025,8,-0.0187,-0.0367,-0.0209,-0.0496
PK00058588,2026,15,-0.0282,-0.0312,-0.0198,-0.0725
PK00058599,2018,5,0.0161,-0.0661,0.0013,-0.0728
PK00058599,2019,6,0.0520,0.0356,0.0479,0.0550
PK00058599,2020,3,0.0000,-0.0606,-0.0116,0.0000
PK00058599,2021,4,0.0274,0.0078,0.0425,0.0792
PK00058599,2022,8,0.0700,-0.0953,-0.0199,-0.0207
PK00058599,2023,2,-0.2042,0.0000,-0.1245,-0.1239
PK00058599,2024,7,-0.1158,-0.0545,0.0000,-0.0477
PK00058599,2025,9,0.0732,-0.0747,-0.0422,-0.0472
PK00058599,2026,15,0.0363,-0.0418,-0.0297,-0.0474
PK00058617,2018,4,0.0495,-0.1413,-0.0629,-0.0168
PK00058617,2019,5,0.0815,0.0000,0.0320,0.0757
PK00058617,2020,4,-0.2082,-0.1007,-0.1390,-0.1738
PK00058617,2021,3,0.1397,0.0177,0.0661,0.1347
PK00058617,2022,8,0.0869,-0.0956,-0.0368,0.0121
PK00058617,2023,2,-0.0747,0.0300,0.0000,-0.0386
PK00058617,2024,6,0.0000,-0.0284,-0.0192,0.0000
PK00058617,2025,8,0.0916,-0.0635,-0.0323,0.0278
PK00058617,2026,15,0.0695,-0.0685,-0.0456,0.0225
PK00058632,2018,4,-0.0621,-0.0990,-0.0817,-0.0936
PK00058632,2019,5,0.0186,0.0000,0.0000,0.0000
PK00058632,2020,3,-0.0700,-0.0530,-0.0266,-0.0411
PK00058632,2021,3,0.0437,0.0131,0.0330,0.0771
PK00058632,2022,8,-0.0151,-0.0562,-0.0303,-0.0440
PK00058632,2023,2,0.0000,0.0482,0.0170,0.0309
PK00058632,2024,6,-0.1121,-0.0639,-0.0589,-0.0799
PK00058632,2025,8,0.0176,-0.0330,-0.0280,-0.0294
PK00058632,2026,16,-0.0290,-0.0703,-0.0891,-0.0729
PK00058637,2018,4,-0.0716,-0.0282,-0.0478,-0.1160
PK00058637,2019,5,0.0285,0.0490,0.0000,0.0006
PK00058637,2020,4,-0.1187,-0.0122,-0.0618,-0.1270
PK00058637,2021,3,0.0594,0.0000,0.0164,0.0476
PK00058637,2022,8,-0.0148,0.0299,-0.0176,-0.0449
PK00058637,2023,2,0.0000,0.0759,0.0164,0.0000
PK00058637,2024,6,-0.0916,-0.0754,-0.1012,-0.0944
PK00058637,2025,8,-0.0153,0.0490,-0.0001,-0.0451
PK00058637,2026,16,-0.0387,0.0058,-0.0553,-0.0749
PK00058638,2018,4,-0.0800,-0.1328,-0.0832,-0.0986
PK00058638,2019,5,0.0000,0.0000,0.0000,0.0000
PK00058638,2020,3,-0.1034,-0.1224,-0.0525,-0.0806
PK00058638,2021,3,0.0830,0.0405,0.0830,0.0911
PK00058638,2022,8,-0.0650,-0.0957,-0.0178,-0.0584
PK00058638,2023,2,0.0025,0.0047,0.0676,0.0220
PK00058638,2024,6,-0.0566,-0.0263,-0.0326,-0.0432
PK00058638,2025,8,-0.0197,-0.0277,0.0149,-0.0240
PK00058638,2026,16,-0.0723,-0.1180,-0.0746,-0.0775
PK00058642,2018,4,-0.0318,-0.0667,-0.0745,-0.0959
PK00058642,2019,5,0.0149,0.0686,0.0000,0.0000
PK00058642,2020,4,-0.1291,-0.0529,-0.0916,-0.1319
PK00058642,2021,3,0.0680,0.0000,0.0304,0.0576
PK00058642,2022,8,0.0215,0.0115,-0.0128,-0.0421
PK00058642,2023,2,0.0000,0.0300,0.0224,0.0071
PK00058642,2024,6,-0.0751,-0.1149,-0.0978,-0.0920
PK00058642,2025,8,0.0434,0.0030,-0.0095,-0.0292
PK00058642,2026,16,0.0072,-0.0318,-0.0617,-0.0664
PK00058647,2018,4,-0.0212,-0.0853,-0.0431,-0.0311
PK00058647,2019,6,0.0000,0.0039,0.0000,0.0000
PK00058647,2020,3,-0.0441,-0.0917,-0.0322,-0.0267
PK00058647,2021,3,0.0506,0.0000,0.0069,0.0599
PK00058647,2022,8,-0.0007,-0.0355,-0.0244,-0.0106
PK00058647,2023,2,0.0122,0.0170,0.0192,0.0268
PK00058647,2024,6,-0.1248,-0.1627,-0.1317,-0.1089
PK00058647,2025,8,-0.0154,-0.0155,-0.0458,-0.0227
PK00058647,2026,16,-0.0304,-0.0507,-0.0715,-0.0376
PK00058650,2018,4,-0.0380,-0.0833,-0.0348,-0.0685
PK00058650,2019,6,0.0222,0.0179,0.0183,0.0007
PK00058650,2020,4,-0.1850,-0.1239,-0.1262,-0.1880
PK00058650,2021,3,0.0538,0.0011,0.0063,0.0564
PK00058650,2022,8,-0.0126,-0.0356,-0.0111,-0.0381
PK00058650,2023,2,0.0000,0.0000,0.0000,0.0000
PK00058650,2024,6,-0.0720,-0.1491,-0.0809,-0.0801
PK00058650,2025,8,0.0015,-0.0278,-0.0264,-0.0319
PK00058650,2026,16,-0.0221,-0.0426,-0.0437,-0.0501
PK00058656,2018,5,-0.0335,-0.0592,-0.0609,-0.0365
PK00058656,2019,6,0.0000,0.0079,0.0068,0.0000
PK00058656,2020,3,-0.2808,-0.1532,-0.1891,-0.2871
PK00058656,2021,3,0.0487,0.0144,0.0401,0.0542
PK00058656,2022,8,0.0150,-0.0130,0.0153,0.0097
PK00058656,2023,2,0.0130,0.0000,0.0000,0.0208
PK00058656,2024,6,-0.0102,-0.0436,-0.0091,-0.0080
PK00058656,2025,7,0.0293,0.0008,-0.0009,0.0213
PK00058656,2026,15,0.0141,-0.0225,-0.0401,0.0091
PK00058663,2018,4,0.0158,-0.0769,-0.0400,-0.0402
PK00058663,2019,6,0.0330,-0.0080,0.0000,0.0000
PK00058663,2020,3,-0.0536,-0.0746,-0.0288,-0.0597
PK00058663,2021,3,0.0060,0.0200,0.0588,0.0664
PK00058663,2022,8,0.0132,-0.0169,-0.0031,-0.0005
PK00058663,2023,2,0.0000,0.0425,0.0347,0.0285
PK00058663,2024,6,-0.0135,0.0000,-0.0098,-0.0124
PK00058663,2025,8,0.0317,0.0072,0.0113,0.0098
PK00058663,2026,15,0.0554,-0.0236,-0.0151,0.0186
PK00058665,2018,4,0.0170,-0.0371,0.0037,-0.0231
PK00058665,2019,6,0.0233,0.0177,0.0242,0.0000
PK00058665,2020,3,-0.0404,-0.0438,-0.0281,-0.0556
PK00058665,2021,3,0.0851,0.0053,0.0394,0.0794
PK00058665,2022,8,-0.0016,-0.0133,0.0066,-0.0228
PK00058665,2023,2,0.0000,0.0000,0.0000,0.0061
PK00058665,2024,6,-0.0544,-0.0321,-0.0214,-0.0645
PK00058665,2025,8,0.0091,0.0361,0.0088,-0.0170
PK00058665,2026,16,-0.0062,-0.0114,-0.0230,-0.0229
PK00058686,2018,4,-0.0161,-0.0915,-0.0557,-0.0360
PK00058686,2019,6,0.0190,0.0101,0.0000,0.0000
PK00058686,2020,4,-0.1769,-0.1131,-0.1285,-0.1598
PK00058686,2021,3,0.0539,0.0000,0.0102,0.0670
PK00058686,2022,8,0.0121,-0.0647,-0.0359,-0.0266
PK00058686,2023,2,0.0000,0.0068,0.0040,0.0311
PK00058686,2024,6,-0.1041,-0.1354,-0.0844,-0.0885
PK00058686,2025,8,-0.0061,-0.0397,-0.0530,-0.0270
PK00058686,2026,16,-0.0465,-0.0655,-0.0703,-0.0670
PK00058716,2018,4,-0.0904,-0.1440,-0.1159,-0.0984
PK00058716,2019,7,-0.0040,0.0000,-0.0020,-0.0001
PK00058716,2020,3,-0.0390,-0.0002,0.0194,-0.0363
PK00058716,2021,3,0.0601,-0.0244,0.0000,0.0594
PK00058716,2022,8,-0.0241,-0.0813,-0.0587,-0.0276
PK00058716,2023,2,0.0017,0.0244,0.0089,0.0053
PK00058716,2024,6,0.0000,0.0152,-0.0146,0.0000
PK00058716,2025,8,-0.0129,-0.0699,-0.0494,-0.0169
PK00058716,2026,16,-0.0225,-0.0835,-0.1061,-0.0277
PK00058718,2018,4,-0.0727,-0.0886,-0.0506,-0.0809
PK00058718,2019,6,0.0350,0.0000,0.0000,0.0000
PK00058718,2020,3,-0.0649,-0.0687,-0.0529,-0.0714
PK00058718,2021,3,0.1310,0.0057,0.0398,0.1020
PK00058718,2022,8,0.0292,-0.0180,0.0027,-0.0113
PK00058718,2023,2,0.0000,0.0127,0.0340,0.0053
PK00058718,2024,6,-0.0264,-0.0257,-0.0092,-0.0206
PK00058718,2025,8,0.0274,0.0164,0.0247,0.0038
PK00058718,2026,16,-0.0005,-0.0215,-0.0073,-0.0142
PK00058724,2018,4,-0.0309,-0.0993,-0.0538,-0.0784
PK00058724,2019,6,0.0292,0.0068,0.0037,0.0000
PK00058724,2020,4,-0.1887,-0.1228,-0.1278,-0.1920
PK00058724,2021,3,0.0649,0.0000,0.0062,0.0606
PK00058724,2022,8,-0.0177,-0.0681,-0.0357,-0.0587
PK00058724,2023,2,0.0000,0.0007,0.0000,0.0022
PK00058724,2024,6,-0.0656,-0.1367,-0.0768,-0.0736
PK00058724,2025,8,-0.0111,-0.0535,-0.0548,-0.0563
PK00058724,2026,16,-0.0228,-0.0677,-0.0625,-0.0787
PK00058761,2018,3,0.1593,0.0886,0.0505,0.0925
PK00058761,2019,9,-0.1034,-0.1246,-0.1513,-0.0717
PK00058761,2020,4,0.0182,0.0000,0.0177,0.0000
PK00058761,2021,3,0.1678,0.0511,0.0352,0.1080
PK00058761,2022,9,0.0994,0.0635,0.0592,0.0553
PK00058761,2023,1,-0.0417,-0.0814,-0.0591,-0.0241
PK00058761,2024,7,0.0000,0.0216,0.0000,0.0066
PK00058761,2025,8,0.0803,0.1126,-0.0033,0.0381
PK00058761,2026,15,0.0891,0.1159,0.0105,0.0529
PK00058768,2018,8,-0.1830,-0.0517,-0.0238,-0.1359
PK00058768,2019,10,0.0013,0.0019,-0.0051,0.0077
PK00058768,2020,4,-0.0013,0.0288,0.0091,-0.0077
PK00058768,2021,3,0.0410,-0.0281,-0.0026,0.0384
PK00058768,2022,7,0.0080,0.0310,0.0238,-0.0150
PK00058768,2024,6,-0.0596,-0.0019,0.0026,-0.0204
PK00058768,2025,6,-0.0016,0.0102,0.0101,-0.0122
PK00058768,2026,17,0.0091,-0.0127,-0.0092,0.0037
PK00058801,2018,8,-0.1646,-0.0963,-0.0617,-0.1427
PK00058801,2019,10,-0.0121,-0.0038,0.0014,-0.0212
PK00058801,2020,4,-0.0165,-0.0709,-0.0469,-0.0182
PK00058801,2021,3,0.0664,0.0038,0.0507,0.0562
PK00058801,2022,7,-0.0013,-0.0537,-0.0301,-0.0222
PK00058801,2024,6,0.0121,0.0059,-0.0014,0.0182
PK00058801,2025,6,0.0003,-0.0398,-0.0155,-0.0206
PK00058801,2026,17,0.0021,-0.0300,-0.0327,-0.0090
PK00058831,2018,1,0.0150,-0.0660,0.0188,0.0132
PK00058831,2019,6,0.0122,-0.0411,-0.0419,0.0000
PK00058831,2020,3,-0.0303,-0.0733,-0.0414,-0.0317
PK00058831,2021,3,0.0057,0.0170,0.0000,0.0037
PK00058831,2022,8,0.0257,-0.0001,-0.0036,0.0290
PK00058831,2023,1,0.0000,0.0567,0.0369,0.0042
PK00058831,2024,7,-0.0225,0.0000,0.0115,-0.0230
PK00058831,2025,8,0.0370,0.0181,0.0004,0.0416
PK00058831,2026,14,0.0154,-0.0115,-0.0249,0.0178
PK00058833,2018,1,0.0053,0.0275,-0.0020,-0.0082
PK00058833,2019,5,0.0080,0.0000,0.0000,0.0000
PK00058833,2020,3,-0.0402,-0.0501,-0.0488,-0.0334
PK00058833,2021,3,0.0081,0.0178,0.0281,0.0022
PK00058833,2022,8,-0.0077,0.0391,-0.0330,0.0188
PK00058833,2023,1,0.0000,0.0770,0.0614,0.0087
PK00058833,2024,6,-0.0639,-0.0147,-0.0484,-0.0251
PK00058833,2025,8,0.0118,0.0538,0.0005,0.0290
PK00058833,2026,14,-0.0132,0.0268,-0.0192,0.0033
PK00058834,2018,1,-0.0902,-0.0451,-0.0650,-0.0630
PK00058834,2019,5,0.0585,0.0176,0.0000,0.0298
PK00058834,2020,3,-0.0222,-0.0223,-0.0336,-0.0437
PK00058834,2021,3,0.0982,-0.0092,0.0272,0.0723
PK00058834,2022,8,0.0187,0.0389,0.0065,0.0041
PK00058834,2023,1,0.0000,0.0811,0.0431,0.0000
PK00058834,2024,6,-0.0025,0.0000,-0.0220,-0.0101
PK00058834,2025,8,0.0534,0.0730,0.0012,0.0389
PK00058834,2026,14,0.0354,0.0278,-0.0281,0.0187
PK00058835,2018,2,-0.0365,0.0065,0.0075,-0.0479
PK00058835,2019,5,0.0000,0.0193,0.0000,0.0000
PK00058835,2020,3,-0.0362,0.0000,-0.0137,-0.0290
PK00058835,2021,3,0.0084,-0.1084,0.0541,0.0033
PK00058835,2022,8,0.0090,0.0502,0.0041,0.0041
PK00058835,2023,1,0.0162,0.0538,0.0977,0.0204
PK00058835,2024,6,-0.0591,-0.0264,-0.0366,-0.0311
PK00058835,2025,8,0.0324,0.0774,0.0348,0.0199
PK00058835,2026,14,-0.0172,0.0229,0.0049,-0.0189
PK00058862,2018,3,-0.3266,-0.1721,-0.2414,-0.2829
PK00058862,2019,8,0.0488,0.0054,0.0152,0.0285
PK00058862,2020,4,0.0000,0.0000,0.0000,-0.0136
PK00058862,2021,3,-0.0536,-0.0900,-0.0464,-0.0399
PK00058862,2022,7,-0.0616,-0.0765,-0.0544,-0.0679
PK00058862,2023,1,0.0193,0.0560,0.0496,0.0086
PK00058862,2024,6,-0.0146,-0.0460,-0.0259,0.0000
PK00058862,2025,8,0.0216,0.0287,0.0219,0.0119
PK00058862,2026,15,-0.1074,-0.1059,-0.0775,-0.0869
PK00058867,2018,2,-0.0973,-0.0459,-0.0238,-0.0702
PK00058867,2019,8,-0.0386,0.0000,0.0000,-0.0074
PK00058867,2020,4,-0.0213,0.0172,-0.0088,0.0000
PK00058867,2021,3,0.0191,-0.0824,-0.0370,0.0203
PK00058867,2022,8,-0.0434,-0.0166,-0.0094,-0.0315
PK00058867,2023,2,0.0000,-0.0212,0.0140,-0.0115
PK00058867,2024,6,0.0107,0.0128,0.0102,0.0131
PK00058867,2025,8,0.0375,0.0020,0.0119,0.0056
PK00058867,2026,15,-0.0737,-0.1029,-0.1032,-0.0759
PK00058868,2018,2,-0.0719,-0.0057,0.0084,-0.0476
PK00058868,2019,8,0.0035,0.0442,0.0350,0.0208
PK00058868,2020,4,-0.1311,-0.0056,-0.0112,-0.0682
PK00058868,2021,3,-0.0932,-0.1132,-0.0475,-0.0448
PK00058868,2022,8,-0.0896,-0.0297,0.0179,-0.0697
PK00058868,2023,2,0.0116,0.0000,0.0519,0.0000
PK00058868,2024,6,0.0000,0.0096,0.0000,0.0056
PK00058868,2025,8,0.0200,0.0224,0.0615,0.0110
PK00058868,2026,15,-0.0866,-0.1106,-0.0936,-0.0642
PK00058871,2018,2,-0.0353,0.0165,0.0612,-0.0209
PK00058871,2019,8,0.0060,0.0385,0.0803,0.0134
PK00058871,2020,4,-0.1107,-0.0639,-0.0075,-0.0921
PK00058871,2021,3,-0.0719,-0.0939,-0.0320,-0.0718
PK00058871,2022,8,-0.0245,-0.0097,0.0363,-0.0402
PK00058871,2023,2,0.0016,0.0069,0.0768,0.0000
PK00058871,2024,6,0.0000,0.0000,0.0000,0.0003
PK00058871,2025,8,0.0284,0.0457,0.0550,0.0130
PK00058871,2026,15,-0.2079,-0.1099,-0.0560,-0.1652
PK00058878,2018,3,-0.4841,-0.0935,-0.2169,-0.3985
PK00058878,2019,8,0.0364,-0.0184,-0.0007,0.0159
PK00058878,2020,4,-0.0099,0.0000,0.0000,-0.0186
PK00058878,2021,3,0.0217,-0.0146,0.0379,0.0073
PK00058878,2022,8,-0.0179,0.0041,0.0077,-0.0247
PK00058878,2023,2,-0.0004,0.0144,0.0118,0.0000
PK00058878,2024,6,0.0000,0.0048,-0.0228,-0.0119
PK00058878,2025,8,0.0123,0.0468,0.0575,0.0010
PK00058878,2026,15,-0.0794,-0.0383,-0.0543,-0.0722
PK00058933,2018,3,-0.0551,-0.0531,-0.0727,-0.0601
PK00058933,2019,5,-0.0390,-0.0434,-0.0257,-0.0090
PK00058933,2020,3,0.0388,0.0360,0.0556,0.0334
PK00058933,2021,3,-0.0474,-0.0215,-0.0483,-0.0023
PK00058933,2022,9,0.0099,-0.0295,-0.0159,0.0089
PK00058933,2023,1,0.0032,0.0000,0.0133,0.0000
PK00058933,2024,7,0.0000,0.0385,0.0000,0.0164
PK00058933,2025,10,0.0234,0.0376,0.0305,0.0280
PK00058933,2026,15,0.0354,0.0423,0.0176,0.0444
PK00058964,2018,6,-0.0279,-0.0575,0.0019,-0.0220
PK00058964,2019,6,0.0561,0.0656,0.0346,0.0504
PK00058964,2020,6,-0.0606,0.0000,-0.0215,-0.0634
PK00058964,2021,2,0.0251,-0.0404,0.0000,0.0224
PK00058964,2022,7,0.0128,0.0254,0.0259,0.0125
PK00058964,2023,1,-0.2354,-0.0438,-0.1259,-0.1743
PK00058964,2024,7,0.0000,0.0263,0.0071,0.0000
PK00058964,2025,7,0.0465,0.0642,0.0164,0.0183
PK00058964,2026,14,0.0378,0.0570,0.0138,0.0153
PK00058965,2018,6,0.1501,-0.0163,0.0641,0.0498
PK00058965,2019,6,0.1575,0.1100,0.0830,0.0776
PK00058965,2020,6,-0.2039,0.0000,0.0000,-0.1676
PK00058965,2021,2,-0.0200,-0.0002,0.0621,-0.0198
PK00058965,2022,7,0.0164,0.0253,0.0200,-0.0090
PK00058965,2023,1,0.0454,-0.0157,-0.0400,0.0000
PK00058965,2024,7,0.0000,0.0381,-0.0158,0.0104
PK00058965,2025,7,0.0947,0.0897,0.0709,0.0188
PK00058965,2026,14,0.0989,0.0820,0.0312,0.0346
PK00059120,2018,3,-0.0776,-0.0043,-0.0090,-0.0917
PK00059120,2019,5,-0.0319,-0.0341,-0.0362,-0.0448
PK00059120,2020,2,-0.0584,-0.0407,-0.0457,-0.0649
PK00059120,2021,3,0.1006,0.0341,0.0362,0.0760
PK00059120,2022,8,-0.0007,0.0113,-0.0074,-0.0186
PK00059120,2024,5,0.0319,0.0643,0.0522,0.0448
PK00059120,2025,6,0.0733,0.0448,0.0344,0.0300
PK00059120,2026,15,0.0544,0.0235,0.0114,0.0240
PK00059122,2018,4,-0.1068,-0.0232,-0.0402,-0.0699
PK00059122,2019,5,-0.0437,-0.0215,-0.0659,-0.0516
PK00059122,2020,2,-0.0403,-0.0179,-0.0206,-0.0686
PK00059122,2021,3,0.1222,0.0179,0.0206,0.0717
PK00059122,2022,8,0.0226,0.0142,0.0090,-0.0116
PK00059122,2024,5,0.0403,0.0434,0.0313,0.0516
PK00059122,2025,6,0.0142,0.0417,0.0396,-0.0125
PK00059122,2026,14,-0.0084,0.0108,-0.0336,-0.0262
PK00059123,2018,4,-0.1182,0.0220,0.0037,-0.0808
PK00059123,2019,5,-0.0403,0.0049,-0.0609,-0.0587
PK00059123,2020,2,-0.0490,-0.0299,-0.0394,-0.0826
PK00059123,2021,3,0.1243,-0.0049,0.0487,0.0724
PK00059123,2022,8,-0.0164,0.0402,0.0147,-0.0256
PK00059123,2024,5,0.0403,0.0514,0.0394,0.0587
PK00059123,2025,6,0.0162,0.0535,0.0547,-0.0162
PK00059123,2026,14,0.0187,0.0289,-0.0150,-0.0184
PK00059125,2018,4,-0.0505,-0.0144,-0.0182,-0.0465
PK00059125,2019,5,-0.0566,0.0083,-0.0525,-0.0564
PK00059125,2020,2,-0.0517,-0.0183,-0.0514,-0.0646
PK00059125,2021,3,0.0885,-0.0083,0.0758,0.0722
PK00059125,2022,8,-0.0016,0.0409,0.0119,-0.0080
PK00059125,2024,5,0.0517,0.0316,0.0514,0.0564
PK00059125,2025,6,0.0217,0.0539,0.0320,0.0033
PK00059125,2026,14,0.0014,0.0258,-0.0147,-0.0086
PK00059126,2018,3,-0.0630,-0.0574,-0.0299,-0.0526
PK00059126,2019,4,-0.0476,0.0037,-0.0488,-0.0528
PK00059126,2020,2,-0.0490,-0.0207,-0.0458,-0.0714
PK00059126,2021,2,0.1281,-0.0037,0.0576,0.0900
PK00059126,2022,8,-0.0189,0.0107,-0.0288,-0.0333
PK00059126,2024,4,0.0476,0.0203,0.0458,0.0528
PK00059126,2025,6,0.0192,0.0204,0.0033,-0.0133
PK00059126,2026,14,-0.0048,0.0118,-0.0307,-0.0257
PK00059130,2018,3,-0.1914,-0.0828,-0.1329,-0.1707
PK00059130,2019,4,-0.0440,-0.0002,-0.0438,-0.0408
PK00059130,2020,2,-0.0691,-0.0285,-0.0328,-0.0706
PK00059130,2021,2,0.1355,0.0002,0.0616,0.1025
PK00059130,2022,8,-0.0575,-0.0070,-0.0400,-0.0560
PK00059130,2024,4,0.0440,0.0246,0.0328,0.0408
PK00059130,2025,6,0.0033,0.0175,0.0107,-0.0018
PK00059130,2026,14,-0.0166,0.0121,-0.0380,-0.0114
PK00059133,2018,3,-0.0760,-0.0204,-0.0128,-0.0719
PK00059133,2019,4,-0.0386,0.0046,-0.0413,-0.0427
PK00059133,2020,2,-0.3142,-0.1428,-0.1723,-0.2612
PK00059133,2021,2,0.1042,-0.0046,0.0413,0.0823
PK00059133,2022,8,-0.0233,-0.0005,-0.0018,-0.0242
PK00059133,2024,4,0.0386,0.0478,0.1083,0.0427
PK00059133,2025,7,0.0096,0.0050,-0.0099,0.0095
PK00059133,2026,14,-0.0214,0.0015,0.0171,-0.0066
PK00059134,2018,3,-0.0583,-0.0719,-0.0586,-0.0606
PK00059134,2019,4,-0.0150,-0.0130,-0.0493,-0.0165
PK00059134,2020,2,-0.3255,-0.1664,-0.1670,-0.2791
PK00059134,2021,2,0.1376,0.0130,0.0493,0.1172
PK00059134,2022,8,-0.0144,-0.0444,-0.0436,-0.0166
PK00059134,2024,4,0.0150,0.0137,0.0714,0.0165
PK00059134,2025,6,0.0504,-0.0300,-0.0185,0.0394
PK00059134,2026,14,0.0029,0.0013,0.0058,0.0074
PK00059135,2018,3,-0.1089,-0.1042,-0.0971,-0.0834
PK00059135,2019,5,-0.0937,-0.0382,-0.0985,-0.0349
PK00059135,2020,2,-0.3199,-0.1864,-0.2178,-0.2099
PK00059135,2021,2,0.1194,0.0797,0.0488,0.1218
PK00059135,2022,8,-0.0286,-0.0376,-0.0856,0.0042
PK00059135,2023,1,0.0000,0.0723,0.0000,0.0000
PK00059135,2024,4,0.0105,0.0000,0.0048,0.0392
PK00059135,2025,6,0.0457,-0.0054,-0.0575,0.0505
PK00059135,2026,14,-0.0069,0.0014,-0.0490,0.0178
PK00059136,2018,3,-0.2721,-0.0821,-0.1192,-0.2146
PK00059136,2019,4,-0.0268,-0.0001,-0.0396,-0.0097
PK00059136,2020,2,-0.2190,-0.0243,-0.0765,-0.1659
PK00059136,2021,2,0.1600,0.0779,0.1085,0.1499
PK00059136,2022,8,-0.0038,-0.0063,-0.0569,-0.0064
PK00059136,2023,1,0.0000,0.0445,0.0210,0.0000
PK00059136,2024,4,0.0579,0.0000,0.0000,0.0623
PK00059136,2025,6,0.0588,0.0492,0.0211,0.0549
PK00059136,2026,14,0.0311,-0.0003,-0.0093,0.0370
PK00059288,2018,6,-0.1366,-0.0957,-0.0320,-0.1209
PK00059288,2019,9,0.0000,-0.0125,0.0169,0.0000
PK00059288,2020,5,-0.0245,0.0161,0.0000,-0.0395
PK00059288,2021,3,-0.0156,0.0000,-0.0093,-0.0293
PK00059288,2022,8,-0.0403,-0.0264,-0.0067,-0.0464
PK00059288,2023,1,0.0135,0.0607,0.1636,0.0011
PK00059288,2024,5,0.0304,-0.0432,-0.0162,0.0063
PK00059288,2025,8,-0.0242,-0.0235,0.0097,-0.0424
PK00059288,2026,17,-0.0105,0.0016,0.0101,-0.0285
PK00059354,2018,3,-0.0014,-0.0467,-0.0032,-0.0745
PK00059354,2019,5,-0.0124,-0.0147,-0.0320,-0.0144
PK00059354,2020,1,-0.1953,-0.0909,-0.1164,-0.1603
PK00059354,2021,3,0.1056,0.0491,0.0712,0.1290
PK00059354,2022,8,0.0519,0.0004,-0.0033,0.0020
PK00059354,2024,5,0.0124,0.0147,0.0320,0.0144
PK00059354,2025,6,0.0491,-0.0141,-0.0059,0.0271
PK00059354,2026,15,0.0228,-0.0030,-0.0063,0.0360
PK00059355,2018,4,-0.0383,-0.0368,-0.0073,-0.0492
PK00059355,2019,6,-0.0151,-0.0156,-0.0332,-0.0151
PK00059355,2020,1,-0.3399,-0.1393,-0.1977,-0.2832
PK00059355,2021,3,0.1150,0.0387,0.0482,0.0972
PK00059355,2022,8,0.0344,0.0495,0.0075,0.0009
PK00059355,2024,5,0.0151,0.0156,0.0332,0.0151
PK00059355,2025,6,0.0363,0.0319,0.0051,0.0091
PK00059355,2026,15,0.0174,0.0102,-0.0265,0.0032
PK00059356,2018,4,-0.0341,-0.0314,-0.0144,-0.0178
PK00059356,2019,6,-0.0081,-0.0139,-0.0281,-0.0127
PK00059356,2020,1,-0.4011,-0.1203,-0.1547,-0.3446
PK00059356,2021,3,0.0750,0.0221,0.0471,0.0777
PK00059356,2022,8,-0.0005,0.0340,-0.0061,0.0107
PK00059356,2024,5,0.0081,0.0139,0.0281,0.0127
PK00059356,2025,6,-0.0206,0.0133,0.0021,-0.0127
PK00059356,2026,15,-0.0447,0.0070,-0.0315,-0.0321
PK00059360,2018,3,-0.0936,0.0017,0.0094,-0.0862
PK00059360,2019,6,-0.0208,-0.0197,-0.0320,-0.0368
PK00059360,2020,1,-0.3406,-0.0808,-0.1410,-0.3030
PK00059360,2021,3,0.0895,0.0197,0.0335,0.0787
PK00059360,2022,8,0.0082,0.0256,0.0253,-0.0108
PK00059360,2024,5,0.0208,0.0357,0.0320,0.0368
PK00059360,2025,6,0.0107,0.0175,-0.0042,0.0019
PK00059360,2026,15,0.0072,-0.0020,-0.0064,-0.0077
PK00059361,2018,5,-0.0773,0.0214,0.0245,-0.0736
PK00059361,2019,6,-0.0481,-0.0241,-0.0437,-0.0480
PK00059361,2020,1,-0.3144,-0.0555,-0.1357,-0.2593
PK00059361,2021,3,0.0481,0.0241,0.0437,0.0480
PK00059361,2022,8,0.0571,0.0537,0.0287,0.0495
PK00059361,2024,5,0.0548,0.0573,0.0647,0.0562
PK00059361,2025,6,-0.0853,-0.0025,-0.0051,-0.0737
PK00059361,2026,15,-0.0568,0.0153,-0.0140,-0.0493
PK00059366,2018,1,-0.6441,-0.0526,-0.2315,-0.4705
PK00059366,2019,2,0.0248,0.0419,0.0332,-0.0028
PK00059366,2020,2,-0.0461,-0.0137,-0.0201,-0.0551
PK00059366,2021,2,0.0621,-0.0218,-0.0224,0.0391
PK00059366,2022,2,0.0034,0.0254,0.0016,0.0132
PK00059366,2024,4,-0.0248,0.0137,0.0201,0.0028
PK00059366,2025,4,-0.0771,-0.0228,-0.0473,-0.0482
PK00059366,2026,7,-0.0422,-0.0076,-0.0428,-0.0244
PK00059384,2018,6,-0.0474,-0.0869,-0.0095,-0.0589
PK00059384,2019,9,0.0058,0.0137,0.0000,0.0000
PK00059384,2020,5,0.0000,0.0071,0.0073,0.0015
PK00059384,2021,2,0.0603,0.0000,0.0941,0.0322
PK00059384,2022,8,-0.0355,-0.0481,0.0171,-0.0370
PK00059384,2023,1,-0.4863,-0.1553,-0.2330,-0.4033
PK00059384,2024,4,-0.0011,-0.0143,-0.0024,-0.0001
PK00059384,2025,7,-0.0039,-0.0280,0.0098,-0.0255
PK00059384,2026,16,-0.1054,-0.1023,-0.0536,-0.1007
PK00059451,2018,2,0.2144,0.0924,-0.0243,0.1208
PK00059451,2019,5,-0.2982,-0.0548,-0.0837,-0.1581
PK00059451,2020,3,-0.0869,0.0000,0.0000,-0.0551
PK00059451,2021,4,0.0000,-0.0060,-0.0453,0.0000
PK00059451,2022,8,0.0798,0.1002,0.0925,0.0689
PK00059451,2023,1,0.1166,0.1865,0.1855,0.1072
PK00059451,2024,6,0.0167,0.0368,0.0067,0.0231
PK00059451,2025,8,0.0164,0.0677,0.0288,0.0255
PK00059451,2026,15,-0.0051,0.0591,-0.0158,0.0022
PK00059452,2018,2,0.0835,0.0850,0.0526,-0.0345
PK00059452,2019,5,-0.1606,-0.1224,-0.1042,-0.1386
PK00059452,2020,3,0.0124,0.0000,0.0000,-0.0364
PK00059452,2021,4,0.0567,-0.0290,-0.0207,0.0000
PK00059452,2022,8,0.0048,0.0677,0.0658,-0.0032
PK00059452,2023,1,-0.0139,0.0799,0.0718,0.0016
PK00059452,2024,6,0.0000,0.0471,0.0299,0.0062
PK00059452,2025,8,-0.0303,0.0058,-0.0116,-0.0489
PK00059452,2026,15,0.0263,0.0269,-0.0173,-0.0194
PK00059454,2018,2,0.0477,0.0497,0.0471,0.0066
PK00059454,2019,5,-0.2466,-0.1630,-0.1500,-0.2066
PK00059454,2020,3,-0.0365,0.0000,-0.0103,-0.0575
PK00059454,2021,4,0.0329,-0.0009,0.0000,0.0044
PK00059454,2022,8,0.0016,0.0373,0.0634,-0.0076
PK00059454,2023,1,0.0000,0.0612,0.0473,0.0005
PK00059454,2024,6,0.0024,0.0483,0.0445,0.0000
PK00059454,2025,8,-0.1029,-0.0472,-0.0375,-0.1015
PK00059454,2026,15,-0.0235,-0.0031,0.0118,-0.0413
PK00059456,2018,2,0.0825,-0.0170,0.0592,0.0176
PK00059456,2019,5,-0.2083,-0.2471,-0.1843,-0.2043
PK00059456,2020,3,-0.0091,-0.1028,-0.0347,-0.0692
PK00059456,2021,4,0.0712,0.0000,0.0000,0.0073
PK00059456,2022,8,0.0563,-0.0109,0.0269,-0.0187
PK00059456,2023,1,0.0307,0.0329,0.0511,0.0000
PK00059456,2024,6,0.0000,0.0568,0.0609,0.0115
PK00059456,2025,8,-0.1325,-0.1107,-0.0952,-0.1419
PK00059456,2026,15,-0.0074,-0.0188,0.0320,-0.0434
PK00059457,2018,2,0.0562,0.0345,0.0712,0.0217
PK00059457,2019,5,-0.3959,-0.1882,-0.1605,-0.2554
PK00059457,2020,3,-0.0365,-0.0561,-0.0137,-0.0683
PK00059457,2021,4,0.0505,0.0000,0.0000,0.0000
PK00059457,2022,8,0.0126,0.0137,-0.0211,-0.0325
PK00059457,2023,1,0.0000,0.0721,0.0763,0.0006
PK00059457,2024,5,0.0097,0.0437,0.0705,0.0025
PK00059457,2025,8,-0.2168,-0.1120,-0.1005,-0.1627
PK00059457,2026,15,0.0027,-0.0021,0.0321,-0.0302
PK00059458,2018,2,0.0203,0.1400,0.0491,0.0305
PK00059458,2019,5,-0.4092,-0.2008,-0.2376,-0.2468
PK00059458,2020,3,-0.0798,-0.0084,0.0000,-0.0630
PK00059458,2021,4,0.0000,0.0000,-0.0296,0.0000
PK00059458,2022,8,-0.0074,0.0695,0.0024,-0.0194
PK00059458,2023,1,0.0184,0.0936,0.0230,0.0203
PK00059458,2024,5,0.0123,0.1145,0.0154,0.0173
PK00059458,2025,8,-0.2336,-0.1115,-0.1443,-0.1576
PK00059458,2026,15,-0.0468,-0.0125,-0.0475,-0.0230
PK00059460,2018,1,0.0696,0.0736,0.0444,0.0532
PK00059460,2019,5,-0.2707,-0.1500,-0.1262,-0.1864
PK00059460,2020,3,-0.0582,0.0000,0.0000,-0.0421
PK00059460,2021,4,0.0000,-0.0770,-0.0533,0.0000
PK00059460,2022,8,-0.0190,0.0236,0.0425,-0.0027
PK00059460,2023,1,0.0203,0.0844,0.0555,0.0323
PK00059460,2024,5,0.0305,0.0865,0.0801,0.0652
PK00059460,2025,8,-0.1937,-0.1284,-0.0908,-0.1275
PK00059460,2026,14,-0.0299,-0.0052,0.0141,-0.0040
PK00059461,2018,1,0.0442,-0.0376,-0.0011,0.0114
PK00059461,2019,5,-0.0113,-0.1517,-0.0731,0.0000
PK00059461,2020,4,0.0000,0.0000,0.0000,-0.0009
PK00059461,2021,4,-0.2048,-0.1906,-0.1171,-0.1439
PK00059461,2022,8,-0.0886,-0.0390,0.0326,-0.0715
PK00059461,2023,2,0.0057,0.0636,0.0655,0.0206
PK00059461,2024,5,0.0551,0.0508,0.0864,0.0546
PK00059461,2025,8,-0.1938,-0.2113,-0.1181,-0.1533
PK00059461,2026,14,-0.0330,-0.0462,0.0360,-0.0366
PK00059462,2018,2,-0.2834,-0.1019,-0.2327,-0.2591
PK00059462,2019,5,0.0197,0.0540,0.0000,0.0112
PK00059462,2020,4,-0.0312,-0.0003,-0.0233,-0.0333
PK00059462,2021,4,0.0485,0.0000,0.0301,0.0217
PK00059462,2022,8,0.0109,0.0111,-0.0152,-0.0110
PK00059462,2023,2,0.0000,-0.0081,0.0026,0.0000
PK00059462,2024,5,-0.0401,0.0126,-0.0133,-0.0089
PK00059462,2025,8,0.0042,-0.0001,-0.0313,-0.0381
PK00059462,2026,14,-0.0168,-0.0468,-0.0744,-0.0712
PK00059470,2018,3,-0.0895,-0.0590,-0.0643,-0.1324
PK00059470,2019,6,0.0061,0.0000,0.0060,0.0080
PK00059470,2020,4,-0.0224,-0.0177,-0.0165,-0.0290
PK00059470,2021,4,0.0468,0.0020,0.0000,0.0389
PK00059470,2022,8,-0.0163,-0.0412,-0.0174,-0.0221
PK00059470,2023,2,0.0000,0.0089,0.0135,0.0000
PK00059470,2024,5,-0.0053,-0.0561,-0.0308,-0.0004
PK00059470,2025,8,0.0100,-0.0655,-0.0509,-0.0188
PK00059470,2026,15,-0.0170,-0.0876,-0.0887,-0.0458
PK00059472,2018,3,-0.1043,-0.0646,-0.0500,-0.1243
PK00059472,2019,6,0.0068,0.0160,0.0201,0.0049
PK00059472,2020,4,-0.0465,-0.0172,-0.0181,-0.0481
PK00059472,2021,4,0.0264,0.0000,-0.0007,0.0226
PK00059472,2022,8,0.0008,-0.0281,0.0025,-0.0146
PK00059472,2023,2,0.0000,0.0164,0.0238,0.0000
PK00059472,2024,5,-0.0094,-0.0027,0.0000,-0.0051
PK00059472,2025,8,-0.0029,-0.0481,-0.0057,-0.0266
PK00059472,2026,15,-0.0123,-0.0477,-0.0173,-0.0428
PK00059479,2018,3,-0.3177,-0.0550,-0.1445,-0.1982
PK00059479,2019,5,-0.0119,-0.0061,-0.1515,-0.0088
PK00059479,2020,1,-0.0383,0.0176,0.0019,-0.0186
PK00059479,2021,4,0.0208,-0.0112,-0.0019,0.0229
PK00059479,2022,8,-0.0006,0.0097,-0.0113,-0.0007
PK00059479,2024,5,0.0119,0.0061,0.0389,0.0088
PK00059479,2025,7,0.0132,0.0255,0.0309,0.0081
PK00059479,2026,13,-0.0605,-0.0442,-0.0856,-0.0365
PK00059480,2018,3,-0.1490,0.0135,-0.0106,-0.0969
PK00059480,2019,5,0.0029,-0.0062,-0.0729,-0.0034
PK00059480,2020,1,-0.0699,-0.0303,-0.0268,-0.0394
PK00059480,2021,4,-0.0029,0.0062,0.0268,0.0034
PK00059480,2022,8,0.0057,0.0369,0.0019,0.0073
PK00059480,2024,4,0.0695,0.1144,0.1112,0.0504
PK00059480,2025,6,0.0003,0.0707,0.0696,0.0076
PK00059480,2026,13,-0.0488,-0.0113,-0.0248,-0.0265
PK00059497,2018,5,-0.0221,-0.0103,0.0190,0.0047
PK00059497,2019,5,0.0000,-0.0706,-0.0951,0.0000
PK00059497,2020,3,-0.0673,0.0000,-0.0250,-0.0338
PK00059497,2021,4,0.0412,0.0123,0.0000,0.0391
PK00059497,2022,8,0.0296,0.0150,0.0158,0.0462
PK00059497,2023,2,-0.0315,-0.0196,0.0013,-0.0089
PK00059497,2024,5,0.0098,0.0063,0.0260,0.0463
PK00059497,2025,6,0.0329,-0.0200,-0.0191,0.0459
PK00059497,2026,15,-0.0266,-0.0144,-0.0222,0.0064
PK00059502,2018,3,0.0393,-0.0260,-0.0067,0.0295
PK00059502,2019,5,-0.0368,-0.0210,-0.0240,-0.0322
PK00059502,2020,3,-0.0363,0.0150,-0.0248,-0.0454
PK00059502,2021,4,0.0416,0.0000,0.0115,0.0276
PK00059502,2022,8,0.0344,-0.0038,0.0043,0.0245
PK00059502,2023,1,0.0000,-0.0252,0.0000,0.0000
PK00059502,2024,5,0.0583,0.0340,0.0414,0.0496
PK00059502,2025,7,0.0478,0.0330,0.0095,0.0399
PK00059502,2026,15,-0.0067,-0.0128,-0.0303,0.0031
PK00059504,2018,3,0.0609,-0.0226,-0.0080,0.0183
PK00059504,2019,6,-0.0523,-0.0238,-0.0393,-0.0428
PK00059504,2020,3,-0.0303,0.0165,-0.0263,-0.0659
PK00059504,2021,4,0.0592,0.0000,0.0100,0.0201
PK00059504,2022,8,0.0833,-0.0040,0.0063,0.0467
PK00059504,2023,1,0.0000,-0.0182,0.0000,0.0000
PK00059504,2024,5,0.1149,0.0328,0.0353,0.0751
PK00059504,2025,7,0.0654,0.0322,0.0197,0.0438
PK00059504,2026,14,0.0002,-0.0072,-0.0247,0.0052
PK00059505,2018,5,-0.0950,-0.0138,-0.0673,-0.0148
PK00059505,2019,6,-0.0662,-0.0404,-0.0338,-0.0493
PK00059505,2020,3,-0.1699,0.0000,-0.0367,-0.1313
PK00059505,2021,4,0.0527,0.0143,0.0571,0.0123
PK00059505,2022,8,0.0659,0.0044,0.0572,0.0469
PK00059505,2023,1,0.0000,-0.0025,0.0000,0.0000
PK00059505,2024,5,0.0978,0.0557,0.1049,0.0708
PK00059505,2025,7,0.0517,0.0607,0.0472,0.0402
PK00059505,2026,14,-0.0155,0.0186,0.0232,-0.0093
PK00059509,2018,5,-0.2200,-0.0378,-0.1035,-0.0448
PK00059509,2019,6,-0.0377,-0.0201,-0.1570,-0.0333
PK00059509,2020,2,-0.0671,0.0000,-0.0166,-0.0433
PK00059509,2021,4,0.0516,0.0326,0.0000,0.0315
PK00059509,2022,8,0.0485,0.0124,-0.0133,0.0286
PK00059509,2023,1,0.0000,-0.0136,0.0170,0.0000
PK00059509,2024,5,0.0575,0.0454,0.0032,0.0627
PK00059509,2025,7,0.0388,0.0387,-0.0533,0.0353
PK00059509,2026,14,-0.0150,0.0084,-0.0955,0.0009
PK00059570,2018,3,0.0333,0.0349,0.0723,-0.0150
PK00059570,2019,5,-0.0255,-0.0188,0.0000,-0.0172
PK00059570,2020,3,-0.0815,-0.0357,-0.0605,-0.0418
PK00059570,2021,4,0.0101,0.0000,-0.0184,0.0000
PK00059570,2022,9,-0.0407,0.0537,0.0302,-0.0016
PK00059570,2023,2,0.0026,0.0170,0.0368,0.0025
PK00059570,2024,6,0.0000,0.0324,0.0257,0.0189
PK00059570,2025,8,0.0744,0.0393,0.0261,0.0586
PK00059570,2026,15,0.0174,0.0144,0.0049,0.0327
PK00059571,2018,3,-0.0937,-0.0765,-0.0864,-0.0844
PK00059571,2019,5,0.0000,-0.0017,-0.0086,0.0000
PK00059571,2020,3,-0.0414,0.0000,-0.0120,-0.0323
PK00059571,2021,4,0.0258,0.0132,0.0270,0.0074
PK00059571,2022,8,-0.0171,-0.0020,-0.0037,-0.0067
PK00059571,2023,2,-0.0398,-0.0358,0.0000,-0.0306
PK00059571,2024,6,0.0062,0.0264,0.0110,0.0151
PK00059571,2025,8,0.0305,0.0237,0.0230,0.0228
PK00059571,2026,15,0.0110,-0.0273,-0.0082,0.0084
PK00059577,2018,3,-0.0505,-0.0825,-0.0269,-0.0634
PK00059577,2019,5,0.0195,0.0000,0.0000,0.0000
PK00059577,2020,3,-0.0111,-0.0114,-0.0060,-0.0240
PK00059577,2021,4,0.0416,0.0503,0.0333,0.0130
PK00059577,2022,8,-0.0106,0.0035,-0.0176,-0.0153
PK00059577,2023,1,-0.0366,-0.0186,-0.0209,-0.0369
PK00059577,2024,6,0.0000,0.0537,0.0024,0.0062
PK00059577,2025,8,0.0107,0.0554,0.0419,-0.0023
PK00059577,2026,15,-0.0341,-0.0059,-0.0194,-0.0367
PK00059578,2018,3,-0.2471,-0.0973,-0.0092,-0.1833
PK00059578,2019,5,0.0000,-0.0353,0.0177,0.0000
PK00059578,2020,3,-0.0342,0.0000,0.0000,-0.0239
PK00059578,2021,4,0.0389,0.0167,0.0433,0.0286
PK00059578,2022,8,-0.0144,-0.0234,-0.0062,-0.0015
PK00059578,2023,1,-0.0062,-0.0588,-0.0075,-0.0001
PK00059578,2024,6,0.0071,0.0342,-0.0160,0.0135
PK00059578,2025,8,0.0159,0.0351,0.0566,0.0089
PK00059578,2026,15,0.0014,-0.0218,-0.0004,0.0029
PK00059718,2018,3,-0.2793,-0.1026,-0.0864,-0.2054
PK00059718,2019,4,-0.0416,-0.0282,-0.0241,-0.0311
PK00059718,2020,1,-0.0484,0.0594,0.0050,-0.0355
PK00059718,2021,3,0.1440,-0.0209,-0.0050,0.0807
PK00059718,2022,8,-0.0170,-0.0193,-0.0342,-0.0337
PK00059718,2024,4,0.0416,0.0209,0.0334,0.0311
PK00059718,2025,6,-0.0075,0.0143,-0.0247,-0.0214
PK00059718,2026,15,0.0095,-0.0250,-0.0490,-0.0089
PK00059719,2018,3,-0.0112,-0.0538,-0.0609,-0.0332
PK00059719,2019,4,-0.0029,-0.0097,-0.0062,-0.0103
PK00059719,2020,2,-0.2930,-0.0440,-0.0989,-0.2266
PK00059719,2021,3,0.1289,0.0097,0.0062,0.0881
PK00059719,2022,8,0.0031,0.0264,-0.0156,-0.0027
PK00059719,2024,4,0.0029,0.0212,0.0133,0.0103
PK00059719,2025,6,0.0399,0.0554,0.0107,0.0208
PK00059719,2026,15,-0.0281,0.0101,-0.0297,-0.0272
PK00059746,2018,5,0.0826,-0.0035,0.0097,-0.0021
PK00059746,2019,7,0.0000,0.0000,-0.0207,-0.0197
PK00059746,2020,3,-0.0375,-0.0016,0.0000,-0.0074
PK00059746,2021,3,0.0323,0.0366,0.0569,0.0981
PK00059746,2022,8,0.0664,0.0282,-0.0004,0.0913
PK00059746,2023,2,-0.0765,-0.0229,-0.0324,0.0000
PK00059746,2024,6,0.0493,0.0470,0.0249,0.1175
PK00059746,2025,8,0.0900,0.0695,0.0493,0.1134
PK00059746,2026,15,0.0053,0.0189,-0.0103,0.0748
PK00059781,2018,3,-0.2835,-0.0949,-0.0480,-0.1517
PK00059781,2019,4,-0.0392,-0.0265,-0.0416,-0.0286
PK00059781,2020,3,-0.0839,-0.0032,-0.0267,-0.0478
PK00059781,2021,3,0.0392,0.0032,0.0267,0.0286
PK00059781,2022,8,-0.0755,-0.0267,0.0056,-0.0502
PK00059781,2024,4,0.0446,0.0091,0.0543,0.0790
PK00059781,2025,7,-0.0184,0.0158,0.0633,0.0169
PK00059781,2026,14,-0.0138,-0.0161,0.0046,0.0149
PK00059821,2018,2,-0.1135,-0.1148,-0.1526,-0.1141
PK00059821,2019,5,-0.0177,-0.0360,-0.0875,-0.0296
PK00059821,2020,3,-0.0367,-0.0416,-0.0241,-0.0386
PK00059821,2021,3,0.1233,0.0136,0.0522,0.0970
PK00059821,2022,8,0.0258,0.0156,0.0078,0.0196
PK00059821,2023,1,0.0322,0.0465,0.0551,0.0305
PK00059821,2024,5,0.0000,0.0000,0.0000,0.0000
PK00059821,2025,7,0.0146,0.0182,0.0383,0.0219
PK00059821,2026,15,-0.0005,0.0020,-0.0040,0.0062
PK00059822,2018,5,-0.2237,0.0167,-0.0752,-0.1615
PK00059822,2019,6,0.0051,0.0000,0.0068,-0.0025
PK00059822,2020,4,-0.0576,0.0402,-0.0443,-0.0429
PK00059822,2021,4,0.0000,-0.0412,-0.0035,0.0000
PK00059822,2022,8,0.0439,-0.0171,-0.0430,0.0340
PK00059822,2023,1,0.0566,-0.0023,0.0000,0.0396
PK00059822,2024,5,-0.0198,0.0229,0.0323,0.0262
PK00059822,2025,8,0.0981,0.0206,0.0110,0.0662
PK00059822,2026,15,0.0339,-0.0089,-0.0090,0.0257
PK00059876,2018,6,-0.0949,-0.1673,-0.1134,-0.1031
PK00059876,2019,9,0.0000,0.0507,0.0058,0.0079
PK00059876,2020,3,0.0077,-0.0499,-0.0467,0.0000
PK00059876,2021,3,-0.0129,0.0000,0.0000,-0.0045
PK00059876,2022,9,-0.0354,-0.0483,-0.0306,-0.0415
PK00059876,2023,1,0.0535,0.0154,0.0197,0.0466
PK00059876,2024,6,-0.0138,-0.0110,-0.0281,-0.0153
PK00059876,2025,7,-0.0169,-0.0805,-0.0702,-0.0434
PK00059876,2026,16,-0.0383,-0.0536,-0.0784,-0.0601
PK00059881,2018,2,-0.0508,-0.0108,0.0013,-0.0474
PK00059881,2019,6,-0.0110,-0.0098,-0.0187,-0.0107
PK00059881,2020,3,0.0000,0.0251,0.0000,0.0000
PK00059881,2021,4,0.0326,0.0000,0.0265,0.0253
PK00059881,2022,8,-0.0003,0.0055,-0.0021,0.0004
PK00059881,2023,1,-0.0544,-0.0246,-0.0589,-0.0391
PK00059881,2024,5,0.0294,0.0341,0.0135,0.0416
PK00059881,2025,8,0.0303,0.0177,0.0121,0.0292
PK00059881,2026,15,0.0396,0.0214,-0.0068,0.0401
PK00059884,2018,2,0.0149,-0.0221,0.0238,-0.0117
PK00059884,2019,6,-0.0042,-0.0291,0.0000,-0.0114
PK00059884,2020,3,0.0219,0.0179,-0.0075,0.0110
PK00059884,2021,4,0.0576,0.0000,0.0655,0.0361
PK00059884,2022,8,0.0210,0.0045,0.0050,0.0187
PK00059884,2023,1,-0.0474,-0.0540,-0.0445,-0.0433
PK00059884,2024,5,0.0000,0.0278,0.0179,0.0000
PK00059884,2025,8,0.0485,0.0218,0.0281,0.0376
PK00059884,2026,15,0.0239,0.0018,-0.0131,0.0107
PK00059885,2018,2,-0.0457,-0.0392,-0.0373,-0.0525
PK00059885,2019,6,-0.0030,-0.0053,-0.0174,-0.0043
PK00059885,2020,3,0.0020,0.0000,-0.0080,0.0000
PK00059885,2021,4,0.0262,-0.0150,0.0053,0.0207
PK00059885,2022,8,0.0122,0.0257,0.0047,0.0132
PK00059885,2023,1,-0.0321,0.0144,0.0000,-0.0276
PK00059885,2024,5,0.0000,0.0501,0.0200,0.0015
PK00059885,2025,8,0.0210,0.0114,0.0078,0.0200
PK00059885,2026,15,0.0043,-0.0081,-0.0086,0.0074
PK00059886,2018,2,-0.0314,-0.0283,-0.0373,-0.0666
PK00059886,2019,6,0.0000,-0.0073,-0.0100,-0.0238
PK00059886,2020,3,0.0310,0.0000,-0.0200,0.0000
PK00059886,2021,4,0.0440,-0.0293,0.0099,0.0020
PK00059886,2022,8,0.0500,0.0255,0.0121,0.0190
PK00059886,2023,1,-0.0452,0.0085,0.0000,-0.0355
PK00059886,2024,5,-0.0308,0.0356,0.0092,0.0006
PK00059886,2025,8,0.0381,0.0162,0.0196,0.0131
PK00059886,2026,15,0.0018,-0.0149,-0.0111,-0.0097
PK00059901,2018,3,-0.0651,-0.0601,0.0142,-0.0391
PK00059901,2019,5,0.0072,-0.0482,-0.0303,-0.0002
PK00059901,2020,3,0.0000,0.0081,-0.0040,0.0000
PK00059901,2021,3,0.0764,-0.0211,0.0000,0.0773
PK00059901,2022,8,0.0062,0.0044,0.0364,0.0141
PK00059901,2023,1,-0.0480,0.0168,0.0303,-0.0265
PK00059901,2024,5,-0.0010,0.0000,0.0175,0.0143
PK00059901,2025,7,-0.0170,-0.0091,0.0034,0.0015
PK00059901,2026,15,-0.0603,-0.0422,-0.0244,-0.0411
PK00059902,2018,3,-0.0750,-0.0935,-0.0273,-0.0853
PK00059902,2019,5,0.0000,-0.0332,-0.0756,-0.0229
PK00059902,2020,3,-0.0027,0.0000,-0.0487,-0.0132
PK00059902,2021,3,0.0748,-0.0077,0.0000,0.0460
PK00059902,2022,8,0.0495,-0.0093,0.0085,0.0394
PK00059902,2023,1,-0.0131,0.0089,0.0211,0.0000
PK00059902,2024,5,0.0712,0.0086,0.0206,0.0559
PK00059902,2025,7,0.0390,0.0082,0.0198,0.0268
PK00059902,2026,15,-0.0076,-0.0424,-0.0115,-0.0133
PK00059903,2018,3,-0.0431,-0.1141,-0.0622,-0.0694
PK00059903,2019,5,-0.0302,-0.0418,-0.0821,-0.0564
PK00059903,2020,3,-0.0277,-0.0110,-0.0387,-0.0480
PK00059903,2021,3,0.0829,0.0000,0.0000,0.0341
PK00059903,2022,8,0.0087,-0.0032,0.0102,0.0080
PK00059903,2023,1,0.0000,0.0193,0.0357,0.0000
PK00059903,2024,5,0.0692,0.0152,0.0411,0.0602
PK00059903,2025,7,0.0803,0.0353,0.0449,0.0526
PK00059903,2026,15,0.0243,-0.0167,0.0015,0.0130
PK00059918,2018,3,-0.1201,-0.0765,-0.0981,-0.0914
PK00059918,2019,5,-0.1226,0.0231,-0.0313,-0.0799
PK00059918,2020,3,-0.0962,0.0103,-0.0631,-0.0812
PK00059918,2021,2,0.1149,-0.1347,0.0000,0.0622
PK00059918,2022,8,0.0757,-0.0197,0.0332,0.0405
PK00059918,2023,1,0.0239,-0.0465,0.0755,0.0000
PK00059918,2024,6,0.0000,0.0000,0.0190,0.0202
PK00059918,2025,8,0.1294,0.0418,0.1191,0.0902
PK00059918,2026,16,0.0100,-0.0084,0.0689,0.0099
PK00059924,2018,3,-0.1239,-0.0075,-0.0283,-0.0774
PK00059924,2019,7,0.0000,0.0000,-0.0241,-0.0037
PK00059924,2020,2,-0.0762,-0.0321,-0.0886,-0.0516
PK00059924,2021,2,0.0981,0.0538,0.0748,0.0512
PK00059924,2022,8,0.0509,0.0767,0.0179,0.0257
PK00059924,2023,1,-0.0284,-0.0174,0.0000,0.0000
PK00059924,2024,4,0.1105,0.0555,0.0392,0.0767
PK00059924,2025,8,0.0760,0.1217,0.0530,0.0585
PK00059924,2026,16,0.0469,0.0304,-0.0295,0.0399
PK00059938,2018,2,-0.1586,-0.0045,0.0121,-0.1252
PK00059938,2019,6,-0.0574,-0.0044,-0.0143,-0.0546
PK00059938,2020,3,-0.2566,-0.0607,-0.0618,-0.2184
PK00059938,2021,2,0.0996,0.0044,0.0143,0.0695
PK00059938,2022,8,-0.0144,0.0284,0.0323,-0.0096
PK00059938,2024,4,0.0574,0.0675,0.0937,0.0546
PK00059938,2025,7,0.0221,0.0191,0.0556,0.0150
PK00059938,2026,16,-0.0121,0.0065,0.0263,-0.0088
PK00059940,2018,4,0.0145,-0.0137,-0.0322,0.0087
PK00059940,2019,9,-0.0416,-0.0327,-0.1019,-0.0471
PK00059940,2020,2,-0.0645,-0.0425,-0.0784,-0.0675
PK00059940,2021,2,0.0843,0.0114,0.0236,0.0719
PK00059940,2022,8,0.0874,0.0559,0.0264,0.0752
PK00059940,2023,1,0.0000,0.0000,0.0000,0.0000
PK00059940,2024,4,0.0887,0.0351,0.0001,0.0803
PK00059940,2025,7,0.1037,0.0111,-0.0145,0.0875
PK00059940,2026,16,0.0545,0.0058,-0.0230,0.0417
PK00060216,2018,4,-0.1995,-0.0204,-0.0280,-0.1629
PK00060216,2019,5,0.0000,0.0000,0.0000,0.0000
PK00060216,2020,3,-0.1820,-0.0519,-0.0809,-0.1661
PK00060216,2021,3,0.1435,0.0536,0.1271,0.1188
PK00060216,2022,8,0.0258,0.0503,0.0587,0.0060
PK00060216,2023,1,-0.3338,-0.0912,-0.0706,-0.3005
PK00060216,2024,7,0.0078,0.0946,0.0753,0.0144
PK00060216,2025,8,0.0516,0.0507,0.0860,0.0277
PK00060216,2026,15,0.0136,0.0429,0.0486,0.0019
PK00060234,2018,3,0.0291,-0.0336,0.0185,0.0064
PK00060234,2019,6,0.0489,0.0178,0.0459,0.0404
PK00060234,2020,4,-0.1370,-0.0547,-0.0852,-0.1261
PK00060234,2021,3,0.0004,-0.0178,-0.0247,0.0008
PK00060234,2022,8,0.0247,-0.0105,0.0065,-0.0068
PK00060234,2024,7,-0.0004,0.0297,0.0247,-0.0008
PK00060234,2025,6,0.0530,0.0326,0.0335,0.0335
PK00060234,2026,15,-0.0314,-0.0081,-0.0194,-0.0416
PK00060235,2018,3,0.0212,0.0039,0.0141,-0.0090
PK00060235,2019,6,0.0175,0.0448,0.0582,0.0117
PK00060235,2020,4,-0.1414,-0.0259,-0.0443,-0.1231
PK00060235,2021,3,0.0365,-0.0288,-0.0180,0.0292
PK00060235,2022,8,0.0226,0.0328,0.0334,0.0046
PK00060235,2024,7,-0.0175,0.0259,0.0180,-0.0117
PK00060235,2025,6,0.0388,0.0683,0.0572,0.0274
PK00060235,2026,14,0.0042,0.0258,0.0359,-0.0086
PK00060244,2018,3,-0.0246,-0.0274,-0.0428,-0.0459
PK00060244,2019,5,0.0168,0.0125,0.0046,0.0121
PK00060244,2020,4,-0.0398,-0.0393,-0.0052,-0.0512
PK00060244,2021,4,0.0377,0.0184,0.0000,0.0086
PK00060244,2022,8,-0.0063,0.0089,0.0222,-0.0212
PK00060244,2023,1,0.0000,-0.0026,0.0004,0.0000
PK00060244,2024,6,-0.0027,0.0000,-0.0174,-0.0113
PK00060244,2025,7,0.0194,0.0244,0.0150,0.0022
PK00060244,2026,14,-0.0232,-0.0103,-0.0213,-0.0341
PK00060322,2018,3,-0.2322,-0.0693,-0.2527,-0.1726
PK00060322,2019,8,0.0278,-0.0021,0.0000,0.0209
PK00060322,2020,1,0.0000,-0.0217,0.0630,0.0000
PK00060322,2021,4,0.0919,0.0788,0.0372,0.0703
PK00060322,2022,8,-0.0062,-0.0120,-0.0433,-0.0066
PK00060322,2023,2,-0.2083,0.0342,-0.0827,-0.1327
PK00060322,2024,8,-0.0266,0.0000,-0.0596,-0.0099
PK00060322,2025,8,0.0318,-0.0147,-0.0178,0.0006
PK00060322,2026,16,0.0190,-0.0092,-0.0160,0.0016
PK00060439,2018,3,-0.5412,-0.1070,-0.1512,-0.3173
PK00060439,2019,5,0.0132,-0.0129,-0.0131,-0.0093
PK00060439,2020,2,-0.1232,0.0071,-0.0359,-0.0864
PK00060439,2021,3,0.0161,-0.0071,0.0131,0.0292
PK00060439,2022,8,-0.0563,0.0568,0.0612,-0.0204
PK00060439,2024,4,-0.0132,0.0941,0.0306,0.0093
PK00060439,2025,6,-0.0009,0.0697,0.0184,-0.0044
PK00060439,2026,12,-0.0509,0.0540,0.0188,-0.0258
PK00060440,2018,2,-0.2985,-0.0378,-0.0911,-0.1991
PK00060440,2019,5,0.0024,0.0005,-0.0315,-0.0043
PK00060440,2020,2,-0.1151,-0.0102,-0.0538,-0.0862
PK00060440,2021,3,-0.0024,-0.0005,0.0436,0.0043
PK00060440,2022,8,0.0064,0.0558,-0.0029,0.0040
PK00060440,2024,5,0.0259,0.0717,0.0315,0.0267
PK00060440,2025,6,0.0310,0.0603,0.0067,0.0198
PK00060440,2026,14,-0.0943,0.0271,-0.0487,-0.0619
PK00060495,2018,5,-0.0519,-0.0373,0.0027,-0.0440
PK00060495,2019,5,0.0066,0.0164,0.0313,0.0037
PK00060495,2020,2,-0.1248,-0.0122,-0.0268,-0.0387
PK00060495,2021,3,0.0385,-0.0530,-0.0004,0.0432
PK00060495,2022,8,-0.0476,-0.0052,0.0025,-0.0416
PK00060495,2024,5,-0.0066,0.0122,0.0004,0.0000
PK00060495,2025,7,-0.0016,0.0022,-0.0057,0.0021
PK00060495,2026,13,-0.0515,-0.0110,-0.0336,-0.0502
PK00060518,2018,2,-0.0142,-0.0210,-0.0302,-0.0293
PK00060518,2019,8,-0.0011,-0.0109,-0.0385,-0.0179
PK00060518,2020,2,-0.0292,-0.0032,-0.0319,-0.0220
PK00060518,2021,2,0.1170,0.0032,0.0319,0.0835
PK00060518,2022,9,0.0880,0.0183,-0.0029,0.0719
PK00060518,2024,5,0.0011,0.0623,0.0344,0.0179
PK00060518,2025,7,0.0935,0.0499,0.0086,0.0762
PK00060518,2026,15,0.0315,0.0301,-0.0032,0.0343
PK00060523,2018,3,-0.1261,-0.0124,0.0308,-0.0788
PK00060523,2019,5,-0.0111,-0.0361,-0.0140,-0.0359
PK00060523,2020,2,-0.0804,-0.0418,-0.0363,-0.0645
PK00060523,2021,2,0.0111,0.0649,0.1042,0.0359
PK00060523,2022,8,-0.0003,0.0321,0.0210,-0.0046
PK00060523,2024,5,0.0741,0.0361,0.0140,0.0480
PK00060523,2025,6,0.0064,0.0346,0.0404,-0.0002
PK00060523,2026,16,-0.0603,0.0362,0.0282,-0.0164
PK00060538,2018,4,-0.1025,-0.0711,-0.0320,-0.0844
PK00060538,2019,7,-0.0149,-0.0368,0.0000,-0.0004
PK00060538,2020,3,-0.0118,-0.1017,-0.0454,-0.0169
PK00060538,2021,2,0.1402,0.0125,0.0591,0.1101
PK00060538,2022,8,0.0742,0.0185,0.0230,0.0582
PK00060538,2023,1,0.0000,0.0179,-0.0112,0.0000
PK00060538,2024,6,0.0694,0.0000,0.0098,0.0751
PK00060538,2025,7,0.0704,-0.0331,-0.0142,0.0570
PK00060538,2026,16,0.0500,-0.0043,-0.0267,0.0448
PK00060540,2018,1,-0.3221,-0.0859,-0.0875,-0.1937
PK00060540,2019,6,-0.0570,-0.0031,-0.0096,-0.0484
PK00060540,2020,3,-0.1675,0.0254,-0.0404,-0.1058
PK00060540,2021,2,0.1003,0.0000,0.0489,0.0611
PK00060540,2022,8,-0.0075,-0.0049,-0.0203,-0.0074
PK00060540,2023,1,0.0000,-0.0374,0.0000,0.0000
PK00060540,2024,5,0.0207,0.0593,0.0758,0.0233
PK00060540,2025,7,0.0826,0.0592,0.0712,0.0392
PK00060540,2026,16,0.0488,0.0239,0.0587,0.0270
PK00060561,2018,4,-0.0832,-0.0694,-0.0464,-0.0958
PK00060561,2019,7,0.0000,0.0100,0.0000,0.0020
PK00060561,2020,3,-0.0544,0.0000,0.0047,-0.0440
PK00060561,2021,2,0.1261,-0.0089,0.0487,0.0887
PK00060561,2022,7,0.0295,-0.0385,-0.0255,0.0111
PK00060561,2023,2,-0.1914,-0.0589,-0.0997,-0.1781
PK00060561,2024,6,0.0375,0.0131,-0.0230,0.0000
PK00060561,2025,8,0.0692,0.0414,0.0032,0.0067
PK00060561,2026,18,0.0186,-0.0181,-0.0411,-0.0309
PK00060642,2018,2,-0.2299,-0.0801,-0.0735,-0.1340
PK00060642,2019,6,-0.0957,-0.0185,-0.0704,-0.0710
PK00060642,2020,2,-0.1030,-0.0140,-0.0378,-0.0625
PK00060642,2021,3,0.0957,0.0269,0.0378,0.0625
PK00060642,2022,8,0.0239,-0.0104,0.0286,0.0166
PK00060642,2024,5,0.1340,0.0140,0.0558,0.1067
PK00060642,2025,7,0.0691,-0.0347,0.0376,0.0580
PK00060642,2026,14,0.0708,-0.0253,0.0455,0.0676
PK00060699,2018,5,-0.4023,-0.0588,-0.1167,-0.2614
PK00060699,2019,6,0.0494,0.0399,0.0233,0.0237
PK00060699,2020,3,0.0000,0.0000,-0.0388,-0.0305
PK00060699,2021,3,0.0710,-0.0626,0.0000,0.0482
PK00060699,2022,8,-0.0278,-0.0119,-0.0746,-0.0589
PK00060699,2023,1,-0.0058,0.0626,0.0189,0.0000
PK00060699,2024,8,-0.1026,-0.0357,-0.0717,-0.0856
PK00060699,2025,8,-0.0720,-0.0976,-0.1227,-0.1058
PK00060699,2026,16,-0.0997,-0.0845,-0.1178,-0.1138
PK00060739,2018,4,0.0640,0.0334,0.0264,0.0262
PK00060739,2019,8,-0.0623,-0.0561,-0.1012,-0.0851
PK00060739,2020,2,-0.2418,-0.0445,-0.1029,-0.1768
PK00060739,2021,2,0.0987,0.0132,0.0068,0.0335
PK00060739,2022,8,0.0357,0.0006,-0.0376,-0.0043
PK00060739,2023,2,0.0000,0.0000,0.0191,0.0000
PK00060739,2024,6,0.0091,0.0225,0.0000,0.0228
PK00060739,2025,8,0.0623,0.0190,0.0191,0.0232
PK00060739,2026,16,-0.4369,-0.1732,-0.1918,-0.2976
PK00060968,2018,3,0.0442,0.0016,0.0363,0.0311
PK00060968,2019,8,-0.0048,-0.0386,0.0000,0.0000
PK00060968,2020,3,0.0000,0.0008,0.0231,-0.0088
PK00060968,2021,2,0.1770,-0.0072,0.0935,0.1549
PK00060968,2022,8,0.0712,-0.0022,0.0423,0.0696
PK00060968,2023,1,-0.0755,0.0000,-0.0779,-0.0587
PK00060968,2024,5,0.0390,0.0427,-0.0171,0.0313
PK00060968,2025,9,0.0231,0.0603,0.0058,0.0124
PK00060968,2026,16,-0.0080,0.0445,-0.0452,-0.0170
PK00060969,2018,4,-0.0012,0.0229,0.0357,0.0405
PK00060969,2019,8,0.0000,0.0000,0.0101,0.0272
PK00060969,2020,3,0.0060,-0.0789,-0.0515,0.0000
PK00060969,2021,2,0.1541,0.0937,0.1437,0.1582
PK00060969,2022,8,0.0521,0.1053,0.0997,0.1099
PK00060969,2023,1,-0.0744,-0.0056,0.0000,-0.0363
PK00060969,2024,5,-0.0530,0.0643,-0.0104,-0.0301
PK00060969,2025,9,0.0246,0.0821,0.0246,0.0016
PK00060969,2026,16,-0.0118,0.0372,-0.0175,-0.0191
PK00060970,2018,4,-0.0040,0.0027,0.0326,-0.0161
PK00060970,2019,8,0.0000,-0.0201,0.0100,0.0018
PK00060970,2020,3,-0.0548,-0.0549,-0.0194,-0.0666
PK00060970,2021,2,0.1342,0.0599,0.1269,0.1153
PK00060970,2022,8,0.0817,0.0985,0.0989,0.0807
PK00060970,2023,1,-0.0532,0.0000,0.0000,-0.0443
PK00060970,2024,5,0.0107,0.0559,-0.0060,0.0000
PK00060970,2025,9,0.0583,0.0850,-0.0035,0.0407
PK00060970,2026,16,0.0162,0.0376,-0.0373,0.0066
PK00060971,2018,4,0.0043,0.0194,0.0450,-0.0008
PK00060971,2019,8,0.0000,0.0000,-0.0172,0.0000
PK00060971,2020,3,-0.0230,-0.0252,0.0000,-0.0204
PK00060971,2021,2,0.1421,0.0510,0.1167,0.1284
PK00060971,2022,8,0.0320,0.0546,0.0487,0.0519
PK00060971,2023,1,-0.1031,-0.0485,-0.0565,-0.0680
PK00060971,2024,5,0.0454,0.0801,0.0590,0.0920
PK00060971,2025,9,0.0584,0.0547,0.0234,0.0632
PK00060971,2026,16,0.0265,0.0371,0.0106,0.0409
PK00060973,2018,4,-0.0597,0.0029,0.0232,-0.0511
PK00060973,2019,8,0.0000,0.0000,-0.0247,0.0000
PK00060973,2020,3,-0.0189,-0.0031,0.0000,-0.0152
PK00060973,2021,2,0.1376,0.0590,0.1258,0.1389
PK00060973,2022,8,0.0135,0.0306,0.0379,0.0277
PK00060973,2023,1,-0.1952,-0.0689,-0.0721,-0.1650
PK00060973,2024,5,0.0416,0.0862,0.1283,0.0417
PK00060973,2025,9,0.0313,0.0386,0.0334,0.0393
PK00060973,2026,16,0.0186,0.0404,0.0347,0.0311
PK00060976,2018,3,-0.0951,-0.0423,-0.0425,-0.0783
PK00060976,2019,7,-0.0328,-0.0496,-0.0423,-0.0315
PK00060976,2020,2,0.0000,0.0000,0.0000,0.0000
PK00060976,2021,2,0.1731,0.0188,0.0348,0.1516
PK00060976,2022,8,0.0374,0.0360,0.0102,0.0345
PK00060976,2023,1,-0.1291,-0.0307,-0.0861,-0.1092
PK00060976,2024,4,0.1038,0.0525,0.0621,0.0912
PK00060976,2025,8,0.0782,0.0561,0.0306,0.0690
PK00060976,2026,16,0.0311,0.0272,-0.0089,0.0349
PK00060980,2018,3,-0.0508,-0.0138,0.0487,-0.0325
PK00060980,2019,8,-0.0873,0.0049,-0.0204,-0.0800
PK00060980,2020,3,-0.0983,-0.0253,-0.0244,-0.0899
PK00060980,2021,2,0.1264,-0.0375,0.0053,0.0890
PK00060980,2022,8,0.0784,0.0200,0.0409,0.0618
PK00060980,2023,1,0.0000,0.0000,0.0000,0.0000
PK00060980,2024,4,0.1177,0.0290,0.1077,0.0900
PK00060980,2025,8,0.1108,0.0213,0.0493,0.0839
PK00060980,2026,16,0.0528,0.0199,0.0526,0.0404
PK00060982,2018,3,-0.0246,-0.0177,-0.0293,0.0011
PK00060982,2019,8,-0.0955,-0.0046,-0.0372,-0.0618
PK00060982,2020,3,-0.1156,0.0013,-0.0414,-0.0678
PK00060982,2021,2,0.0683,-0.0206,0.0000,0.0408
PK00060982,2022,8,0.0649,0.0432,0.0655,0.0414
PK00060982,2023,1,0.0000,0.0000,0.0377,0.0000
PK00060982,2024,4,0.1021,0.0622,0.0700,0.0769
PK00060982,2025,8,0.1073,0.0275,0.0243,0.0801
PK00060982,2026,16,-0.0398,0.0060,0.0030,-0.0057
PK00061188,2018,3,-0.0128,0.0709,0.0898,0.0898
PK00061188,2019,8,0.0087,0.0897,0.1021,0.1177
PK00061188,2020,1,-0.0651,-0.1230,-0.1345,-0.0550
PK00061188,2021,4,0.0028,-0.0026,-0.0184,0.0000
PK00061188,2022,9,-0.0773,-0.0585,-0.0808,-0.0491
PK00061188,2023,2,-0.0705,0.0000,0.0000,-0.0061
PK00061188,2024,7,0.0000,0.0417,0.0446,0.0480
PK00061188,2025,8,0.0275,0.0225,0.0599,0.0605
PK00061188,2026,14,-0.0061,-0.0518,-0.0229,-0.0008
PK00061189,2018,3,0.0331,0.0348,0.0320,0.0153
PK00061189,2019,8,0.0422,0.0306,0.0340,0.0502
PK00061189,2020,1,-0.0590,-0.0710,-0.0899,-0.1095
PK00061189,2021,4,0.0748,0.0000,0.0000,0.0197
PK00061189,2022,9,-0.0761,-0.0619,-0.0972,-0.0649
PK00061189,2023,2,-0.0650,-0.0015,-0.0348,-0.0393
PK00061189,2024,7,0.0000,0.0044,0.0043,0.0000
PK00061189,2025,8,0.0118,-0.0141,-0.0254,0.0171
PK00061189,2026,14,0.0220,-0.0573,-0.0651,-0.0346
PK00061258,2018,4,0.0274,0.0050,-0.0304,-0.0101
PK00061258,2019,7,0.0356,0.0132,0.0123,0.0108
PK00061258,2020,3,-0.1126,-0.0315,-0.0202,-0.0946
PK00061258,2021,3,-0.0356,-0.0132,-0.0123,-0.0108
PK00061258,2022,6,0.0740,0.0268,0.0296,0.0467
PK00061258,2024,7,0.0949,0.0329,0.0550,0.0691
PK00061258,2025,6,0.0825,0.0693,0.0550,0.0519
PK00061258,2026,16,0.0831,0.0647,0.0729,0.0586
PK00061912,2018,8,-0.1130,-0.1007,-0.1336,-0.1072
PK00061912,2019,9,0.0358,-0.0160,0.0073,0.0492
PK00061912,2020,4,-0.0169,0.0159,-0.0428,0.0000
PK00061912,2021,3,0.0000,-0.0405,-0.0428,-0.0061
PK00061912,2022,6,-0.0410,-0.0455,-0.0582,-0.0147
PK00061912,2023,2,0.0085,0.1131,0.0450,0.0618
PK00061912,2024,7,-0.0577,0.0000,0.0000,-0.0262
PK00061912,2025,6,-0.0608,-0.0788,-0.1047,-0.0578
PK00061912,2026,17,-0.0656,-0.0549,-0.1367,-0.0800
PK00061927,2018,5,-0.1157,-0.0960,-0.0990,-0.0969
PK00061927,2019,8,0.0234,0.0584,0.0190,0.0047
PK00061927,2020,2,-0.0214,0.0000,0.0000,-0.0404
PK00061927,2021,2,0.0744,-0.0689,-0.0159,0.0127
PK00061927,2022,9,0.0066,-0.0185,-0.0427,-0.0427
PK00061927,2023,2,0.0000,0.0920,0.0423,0.0000
PK00061927,2024,6,-0.0181,-0.0455,-0.0507,-0.0131
PK00061927,2025,8,0.0264,-0.0223,-0.0192,-0.0104
PK00061927,2026,16,0.0171,-0.0118,0.0025,0.0017
PK00062020,2018,3,-0.1603,-0.0071,-0.0257,-0.0938
PK00062020,2019,6,0.0169,0.0157,-0.0188,0.0033
PK00062020,2020,2,-0.1645,-0.0651,-0.0730,-0.1258
PK00062020,2021,3,0.1369,0.0109,0.0787,0.0927
PK00062020,2022,8,-0.0241,-0.0097,-0.0062,-0.0211
PK00062020,2024,6,-0.0169,-0.0109,0.0188,-0.0033
PK00062020,2025,6,0.0549,-0.0050,0.0033,0.0357
PK00062020,2026,15,0.0500,-0.0095,0.0143,0.0332
PK00062021,2018,3,-0.2612,0.0056,-0.0637,-0.2065
PK00062021,2019,6,-0.0727,-0.0058,-0.0474,-0.0623
PK00062021,2020,4,-0.3452,-0.0095,-0.0783,-0.2470
PK00062021,2021,3,0.0392,0.0094,0.0151,0.0266
PK00062021,2022,8,-0.0199,-0.0069,-0.0286,-0.0169
PK00062021,2023,1,0.0000,0.0000,0.0032,0.0000
PK00062021,2024,7,0.0192,0.0040,0.0000,0.0279
PK00062021,2025,7,0.0168,-0.0200,-0.0315,0.0098
PK00062021,2026,14,0.0235,-0.0161,-0.0050,0.0182
PK00062022,2018,5,-0.0773,-0.0980,-0.0843,-0.0783
PK00062022,2019,5,-0.0026,-0.0665,-0.0426,-0.0343
PK00062022,2020,3,-0.0640,0.0242,-0.0283,-0.0779
PK00062022,2021,3,0.1507,0.0351,0.1170,0.0694
PK00062022,2022,8,0.0178,-0.0597,-0.0222,-0.0111
PK00062022,2023,1,0.0691,0.0000,0.0429,0.0285
PK00062022,2024,6,0.0000,-0.0172,0.0000,0.0000
PK00062022,2025,7,0.0951,-0.0211,-0.0140,0.0523
PK00062022,2026,14,0.0589,0.0133,0.0272,0.0318
PK00062023,2018,4,-0.0148,-0.0836,-0.0440,-0.0416
PK00062023,2019,5,-0.0213,-0.0012,0.0022,-0.0308
PK00062023,2020,3,-0.0737,0.0087,-0.0235,-0.0742
PK00062023,2021,3,0.1390,0.0165,0.0238,0.0890
PK00062023,2022,8,0.0325,-0.0090,-0.0229,0.0123
PK00062023,2023,1,0.0000,-0.0151,0.0000,0.0000
PK00062023,2024,6,0.0846,0.0000,-0.0169,0.0665
PK00062023,2025,7,0.0775,0.0151,0.0194,0.0476
PK00062023,2026,14,0.0620,0.0561,0.0631,0.0387
PK00062025,2018,4,-0.0301,-0.0570,-0.0089,-0.0336
PK00062025,2019,5,-0.0077,0.0276,0.0227,-0.0244
PK00062025,2020,3,-0.0506,-0.0098,-0.0687,-0.0536
PK00062025,2021,3,0.1397,0.0000,0.0000,0.0840
PK00062025,2022,8,0.0345,-0.0009,-0.0067,0.0157
PK00062025,2023,1,0.0000,-0.0374,-0.0719,0.0000
PK00062025,2024,6,0.0926,0.0384,0.0221,0.0732
PK00062025,2025,7,0.0676,0.0177,0.0369,0.0452
PK00062025,2026,14,0.0684,0.0294,0.0252,0.0388
PK00062026,2018,5,-0.2083,-0.0078,-0.0887,-0.1625
PK00062026,2019,6,-0.0338,0.0000,0.0000,-0.0411
PK00062026,2020,3,-0.0819,-0.0232,-0.0297,-0.0778
PK00062026,2021,3,0.1205,0.0774,0.0410,0.0898
PK00062026,2022,8,0.0287,-0.0104,0.0304,0.0196
PK00062026,2023,1,0.0000,-0.0617,-0.0431,0.0000
PK00062026,2024,6,0.0137,0.0166,0.0435,0.0150
PK00062026,2025,7,0.0102,-0.0155,0.0083,0.0031
PK00062026,2026,14,0.0189,0.0138,0.0264,0.0066
PK00062027,2018,4,-0.0329,-0.0519,-0.0226,-0.0326
PK00062027,2019,6,-0.0352,0.0184,0.0000,-0.0480
PK00062027,2020,3,-0.0204,-0.0153,-0.0011,-0.0334
PK00062027,2021,4,0.0423,-0.0457,-0.0046,0.0142
PK00062027,2022,8,0.0345,0.0066,0.0116,0.0051
PK00062027,2023,2,0.0301,0.0000,0.0376,0.0050
PK00062027,2024,6,0.0000,0.0157,0.0182,0.0000
PK00062027,2025,7,0.0233,0.0279,0.0336,0.0021
PK00062027,2026,14,0.0169,0.0108,-0.0226,-0.0044
PK00062081,2018,6,-0.0148,-0.0714,-0.0387,-0.0416
PK00062081,2019,7,0.0137,-0.0106,-0.0040,0.0091
PK00062081,2020,3,-0.0137,0.0036,0.0040,-0.0091
PK00062081,2021,3,0.0538,0.0038,0.0291,0.0496
PK00062081,2022,8,-0.0040,-0.0126,-0.0046,-0.0187
PK00062081,2024,7,-0.0315,-0.0036,-0.0150,-0.0294
PK00062081,2025,7,0.0057,-0.0721,-0.0246,-0.0177
PK00062081,2026,16,-0.0046,-0.0463,-0.0320,-0.0281
PK00062083,2018,7,0.0073,-0.0541,-0.0197,-0.0422
PK00062083,2019,7,0.0045,-0.0005,-0.0073,-0.0005
PK00062083,2020,3,-0.0045,0.0391,0.0019,0.0005
PK00062083,2021,3,0.0633,-0.0291,0.0226,0.0532
PK00062083,2022,8,0.0170,0.0228,-0.0153,-0.0090
PK00062083,2024,7,-0.0052,0.0005,-0.0019,-0.0080
PK00062083,2025,7,0.0306,-0.0404,-0.0134,-0.0160
PK00062083,2026,16,0.0098,-0.0319,-0.0132,-0.0271
PK00062086,2018,7,-0.0157,-0.0596,-0.0154,-0.0268
PK00062086,2019,6,0.0094,0.0111,0.0039,0.0084
PK00062086,2020,3,0.0000,0.0115,0.0000,0.0000
PK00062086,2021,3,0.0650,-0.0234,0.0572,0.0630
PK00062086,2022,8,-0.0041,-0.0467,0.0077,-0.0146
PK00062086,2023,1,-0.5962,-0.2674,-0.4205,-0.5874
PK00062086,2024,7,-0.0031,0.0000,-0.0177,-0.0044
PK00062086,2025,7,-0.0010,-0.0631,-0.0324,-0.0084
PK00062086,2026,16,-0.0183,-0.0793,-0.0364,-0.0238
PK00062091,2018,7,-0.0591,-0.0829,-0.0558,-0.0850
PK00062091,2019,7,0.0074,0.0204,0.0058,0.0091
PK00062091,2020,3,0.0094,0.0037,-0.0058,0.0084
PK00062091,2021,4,-0.0402,-0.0063,-0.0168,-0.0380
PK00062091,2022,8,-0.0321,-0.0100,-0.0016,-0.0419
PK00062091,2024,7,-0.0074,-0.0037,0.0203,-0.0084
PK00062091,2025,7,-0.0556,-0.0905,-0.0552,-0.0663
PK00062091,2026,16,-0.0608,-0.0901,-0.0584,-0.0745
PK00062095,2018,5,-0.0272,-0.0433,-0.0408,-0.0278
PK00062095,2019,7,-0.0004,-0.0058,-0.0034,-0.0004
PK00062095,2020,3,0.0004,0.0233,0.0034,0.0004
PK00062095,2021,3,0.0558,0.0058,0.0193,0.0554
PK00062095,2022,8,-0.0200,-0.0260,-0.0253,-0.0201
PK00062095,2024,7,-0.0284,-0.0181,-0.0334,-0.0283
PK00062095,2025,7,-0.0467,-0.0676,-0.0568,-0.0470
PK00062095,2026,16,-0.0327,-0.0549,-0.0486,-0.0330
PK00062104,2018,5,-0.0782,-0.0582,-0.0504,-0.0686
PK00062104,2019,8,0.0188,0.0250,0.0034,0.0145
PK00062104,2020,3,-0.0188,-0.0092,0.0047,-0.0145
PK00062104,2021,3,0.0484,0.0092,-0.0034,0.0458
PK00062104,2022,9,-0.0113,-0.0080,-0.0430,-0.0187
PK00062104,2024,7,-0.0608,-0.0234,-0.0650,-0.0700
PK00062104,2025,7,-0.0707,-0.0598,-0.0731,-0.0875
PK00062104,2026,16,-0.0505,-0.0455,-0.0685,-0.0659
PK00062131,2018,4,-0.0190,-0.0320,0.0035,-0.0277
PK00062131,2019,4,-0.0028,-0.0007,-0.0182,-0.0151
PK00062131,2020,3,-0.0409,-0.0315,-0.0217,-0.0590
PK00062131,2021,3,0.0563,0.0007,0.0182,0.0307
PK00062131,2022,8,-0.0158,-0.0231,-0.0287,-0.0086
PK00062131,2024,5,0.0028,0.0181,0.0300,0.0151
PK00062131,2025,6,0.0410,0.0126,0.0091,0.0118
PK00062131,2026,14,-0.0159,-0.0191,-0.0202,-0.0314
PK00062132,2018,3,0.0141,0.0115,0.0140,0.0135
PK00062132,2019,4,0.0048,0.0143,-0.0041,-0.0015
PK00062132,2020,1,-0.0575,-0.0281,-0.0394,-0.0624
PK00062132,2021,3,0.1319,-0.0077,0.0239,0.1042
PK00062132,2022,8,0.0069,-0.0087,-0.0069,0.0079
PK00062132,2024,4,-0.0048,0.0077,0.0041,0.0015
PK00062132,2025,5,0.0597,-0.0318,-0.0518,0.0334
PK00062132,2026,14,0.0049,-0.0444,-0.0568,-0.0080
PK00062375,2018,3,-0.2395,-0.0584,-0.1482,-0.2157
PK00062375,2019,4,-0.0175,-0.0100,-0.0091,-0.0174
PK00062375,2020,2,-0.2379,-0.0377,-0.1125,-0.2360
PK00062375,2021,3,0.0304,0.0100,0.0091,0.0174
PK00062375,2022,7,-0.0091,0.0169,0.0251,-0.0062
PK00062375,2024,5,0.0175,0.0392,0.0368,0.0204
PK00062375,2025,6,0.0166,0.0096,-0.0091,-0.0082
PK00062375,2026,14,-0.0200,-0.0036,0.0018,-0.0201
PK00062376,2018,3,-0.3047,-0.0726,-0.1140,-0.2775
PK00062376,2019,2,0.0175,-0.0135,0.0011,0.0151
PK00062376,2020,2,-0.0445,0.0155,-0.0150,-0.0433
PK00062376,2021,3,0.0907,-0.0036,0.0385,0.0836
PK00062376,2022,7,0.0119,-0.0156,0.0131,0.0071
PK00062376,2024,4,-0.0175,0.0036,-0.0011,-0.0151
PK00062376,2025,5,0.0287,-0.0263,0.0054,0.0232
PK00062376,2026,14,-0.0103,-0.0357,-0.0511,-0.0134
PK00062377,2018,3,-0.0932,0.0050,-0.0324,-0.0578
PK00062377,2019,3,0.0000,0.0048,0.0335,0.0000
PK00062377,2020,2,-0.0775,0.0000,-0.0491,-0.0755
PK00062377,2021,3,0.0757,-0.0364,0.0195,0.0382
PK00062377,2022,7,-0.0055,0.0287,-0.0168,-0.0328
PK00062377,2023,1,-0.1106,-0.0873,-0.0750,-0.1032
PK00062377,2024,4,0.0013,0.0214,0.0000,0.0044
PK00062377,2025,6,-0.0346,-0.0501,-0.0504,-0.0354
PK00062377,2026,14,-0.0325,-0.0108,-0.0448,-0.0354
PK00062379,2018,2,-0.1066,-0.0170,-0.0504,-0.0966
PK00062379,2019,3,0.0313,0.0041,-0.0115,0.0267
PK00062379,2020,1,-0.2346,-0.0466,-0.0894,-0.2177
PK00062379,2021,3,0.0354,-0.0041,0.0211,0.0354
PK00062379,2022,7,-0.0470,-0.0230,-0.0363,-0.0437
PK00062379,2024,5,-0.0313,0.0250,0.0115,-0.0267
PK00062379,2025,5,0.0086,-0.0020,0.0006,0.0075
PK00062379,2026,14,-0.0209,0.0104,-0.0261,-0.0190
PK00062381,2018,2,-0.1070,-0.0478,-0.0280,-0.0937
PK00062381,2019,3,-0.0282,0.0015,-0.0023,-0.0244
PK00062381,2020,1,-0.1488,-0.0969,-0.1115,-0.1417
PK00062381,2021,3,0.0496,-0.0015,0.0023,0.0371
PK00062381,2022,6,-0.0554,-0.0421,-0.0404,-0.0514
PK00062381,2024,3,0.0282,0.0401,0.0208,0.0244
PK00062381,2025,6,0.0158,0.0591,0.0332,0.0090
PK00062381,2026,14,-0.0264,0.0061,-0.0098,-0.0299
PK00062383,2018,4,-0.2866,-0.1020,-0.1702,-0.2733
PK00062383,2019,1,0.0446,-0.0082,0.0452,0.0430
PK00062383,2020,1,-0.0446,0.0082,-0.0452,-0.0430
PK00062383,2021,1,0.1545,0.0475,0.0832,0.1489
PK00062383,2022,8,0.0132,0.0050,-0.0325,0.0149
PK00062383,2024,4,-0.1165,-0.0237,-0.0551,-0.1103
PK00062383,2025,4,0.0618,0.0109,0.0057,0.0595
PK00062383,2026,5,0.0060,-0.0185,-0.0154,0.0055
PK00062384,2018,3,-0.1594,-0.0813,-0.0566,-0.1268
PK00062384,2019,3,0.0137,-0.0089,-0.0099,0.0000
PK00062384,2020,1,-0.0903,0.0228,-0.0259,-0.0570
PK00062384,2021,3,0.0407,0.0331,0.0598,0.0632
PK00062384,2022,8,-0.0125,-0.0306,-0.0177,0.0187
PK00062384,2023,1,-0.0516,-0.0072,0.0000,-0.0089
PK00062384,2024,4,0.0000,0.0000,0.0109,0.0669
PK00062384,2025,7,-0.0344,-0.0384,-0.0379,-0.0190
PK00062384,2026,10,-0.0676,-0.0402,-0.0381,-0.0312
PK00062385,2018,5,-0.1489,-0.0597,-0.0523,-0.1467
PK00062385,2019,4,0.0000,0.0000,0.0000,0.0000
PK00062385,2020,3,-0.0546,0.0545,-0.0299,-0.0523
PK00062385,2021,3,0.0701,-0.0099,0.0194,0.0570
PK00062385,2022,9,-0.0183,-0.0140,-0.0180,-0.0210
PK00062385,2023,1,-0.0266,-0.0342,-0.0301,-0.0264
PK00062385,2024,5,0.0306,0.0214,0.0005,0.0492
PK00062385,2025,7,-0.0059,-0.0117,-0.0189,-0.0142
PK00062385,2026,14,-0.0347,-0.0349,-0.0681,-0.0324
PK00062386,2018,2,-0.0370,-0.0615,-0.0433,-0.0364
PK00062386,2019,3,-0.0108,-0.0025,-0.0165,-0.0107
PK00062386,2020,3,-0.1337,-0.0129,-0.0929,-0.1180
PK00062386,2021,4,0.0108,0.0025,0.0165,0.0107
PK00062386,2022,9,-0.0279,-0.0281,-0.0272,-0.0308
PK00062386,2024,4,0.0123,0.0223,0.0177,0.0208
PK00062386,2025,5,0.0081,0.0024,-0.0017,-0.0021
PK00062386,2026,15,-0.0847,-0.0504,-0.0544,-0.0638
PK00062387,2019,1,0.0337,0.0063,0.0247,0.0093
PK00062387,2020,1,-0.2016,-0.0904,-0.1317,-0.1458
PK00062387,2021,1,0.0142,0.0566,0.0130,-0.0093
PK00062387,2022,9,0.0018,-0.0152,-0.0261,-0.0077
PK00062387,2024,2,-0.0142,-0.0063,-0.0130,0.0122
PK00062387,2025,1,0.0591,0.0301,0.0308,0.0372
PK00062387,2026,5,-0.1156,-0.0309,-0.0707,-0.0843
PK00062394,2018,1,-0.2487,-0.0898,-0.1520,-0.1633
PK00062394,2019,9,0.0376,0.0000,0.0000,0.0103
PK00062394,2020,1,-0.0955,-0.0255,-0.0422,-0.0672
PK00062394,2021,3,0.0372,-0.0247,-0.0202,0.0122
PK00062394,2022,9,0.0483,0.0065,0.0122,0.0146
PK00062394,2023,1,-0.0249,0.0645,0.0532,0.0000
PK00062394,2024,8,0.0000,0.0154,0.0089,-0.0004
PK00062394,2025,8,-0.0129,0.0036,-0.0087,-0.0204
PK00062394,2026,16,0.0255,0.0366,0.0503,-0.0031
PK00062448,2018,4,-0.0934,-0.0770,-0.0062,-0.0434
PK00062448,2019,6,0.0000,-0.0472,-0.0270,0.0000
PK00062448,2020,2,-0.2430,-0.1511,-0.1668,-0.1500
PK00062448,2021,3,0.0577,0.0090,0.0000,0.1124
PK00062448,2022,8,0.0518,0.0136,0.0221,0.0556
PK00062448,2023,2,-0.0587,0.0000,0.0290,-0.0150
PK00062448,2024,4,0.1222,0.0199,0.0317,0.1134
PK00062448,2025,7,0.0627,-0.0101,0.0297,0.0610
PK00062448,2026,16,-0.0141,-0.0387,0.0124,0.0259
PK00062454,2018,3,-0.0818,-0.0237,-0.0728,-0.0832
PK00062454,2019,6,-0.0075,0.0314,-0.0171,-0.0134
PK00062454,2020,3,-0.1874,-0.0068,-0.0827,-0.1595
PK00062454,2021,3,0.0075,-0.0203,0.0202,0.0248
PK00062454,2022,8,0.0132,0.0003,-0.0201,0.0028
PK00062454,2024,6,0.0126,0.0068,0.0171,0.0134
PK00062454,2025,6,-0.0167,-0.0145,-0.0115,-0.0177
PK00062454,2026,15,-0.0236,-0.0268,-0.0320,-0.0249
PK00062565,2018,6,-0.0207,0.0062,0.0112,-0.0407
PK00062565,2019,7,0.0000,-0.0133,0.0079,0.0000
PK00062565,2020,4,-0.0235,0.0112,0.0000,-0.0231
PK00062565,2021,3,0.0318,-0.0448,-0.0169,0.0247
PK00062565,2022,9,-0.0313,0.0215,-0.0215,-0.0189
PK00062565,2023,1,0.0279,0.0007,0.0069,0.0225
PK00062565,2024,7,-0.0745,0.0000,-0.0627,-0.0496
PK00062565,2025,8,-0.0281,0.0016,-0.0028,-0.0223
PK00062565,2026,15,-0.0339,0.0263,0.0016,-0.0236
PK00062583,2018,5,0.0047,0.0212,0.0385,0.0057
PK00062583,2019,5,-0.0102,-0.0170,-0.0056,-0.0006
PK00062583,2020,3,0.0000,0.0214,0.0000,0.0000
PK00062583,2021,4,0.0941,0.0288,0.0511,0.0817
PK00062583,2022,9,-0.0076,0.0524,0.0486,0.0040
PK00062583,2023,2,-0.1458,-0.0119,-0.0677,-0.0902
PK00062583,2024,6,0.0136,0.0000,0.0297,0.0205
PK00062583,2025,7,0.0466,0.0417,0.0045,0.0225
PK00062583,2026,14,0.0459,0.0272,0.0119,0.0295
PK00062584,2018,5,-0.0177,-0.0347,0.0156,-0.0086
PK00062584,2019,5,-0.0219,-0.0017,-0.0038,-0.0062
PK00062584,2020,3,0.0000,0.0000,0.0000,0.0000
PK00062584,2021,4,0.0643,0.0220,0.0395,0.0689
PK00062584,2022,9,-0.0337,-0.0110,-0.0391,0.0041
PK00062584,2023,2,-0.1730,-0.0253,-0.0379,-0.1226
PK00062584,2024,6,0.0511,0.0451,0.0402,0.0465
PK00062584,2025,7,0.0355,0.0123,-0.0014,0.0162
PK00062584,2026,14,0.0144,0.0051,-0.0351,-0.0018
PK00062590,2018,5,-0.0608,-0.0627,-0.0452,-0.0298
PK00062590,2019,5,0.0014,0.0155,0.0092,0.0357
PK00062590,2020,3,-0.0433,0.0000,0.0000,-0.0081
PK00062590,2021,4,0.0844,0.0478,0.0551,0.0776
PK00062590,2022,9,-0.0464,0.0403,-0.0419,-0.0371
PK00062590,2023,2,-0.1510,-0.0220,-0.0895,-0.1061
PK00062590,2024,6,0.0000,-0.0579,-0.1518,0.0000
PK00062590,2025,7,0.0100,-0.0623,-0.1344,-0.0162
PK00062590,2026,14,-0.0304,-0.0968,-0.1776,-0.0340
PK00062602,2018,3,-0.0072,-0.0707,-0.0512,-0.0289
PK00062602,2019,5,0.0154,-0.0178,-0.0109,0.0001
PK00062602,2020,3,-0.0300,0.0000,-0.0059,-0.0587
PK00062602,2021,2,0.0954,-0.0153,0.0300,0.0787
PK00062602,2022,9,0.0206,0.0325,0.0018,0.0092
PK00062602,2023,1,0.0000,0.0113,0.0842,-0.0005
PK00062602,2024,6,-0.0622,0.0126,0.0000,0.0000
PK00062602,2025,7,0.0171,-0.0101,0.0146,0.0204
PK00062602,2026,17,-0.0236,-0.0230,-0.0599,-0.0057
PK00062603,2018,3,-0.0131,-0.0073,0.0153,-0.0205
PK00062603,2019,5,0.0195,-0.0089,-0.0116,0.0134
PK00062603,2020,3,-0.0140,-0.0010,-0.0082,-0.0211
PK00062603,2021,2,0.0879,0.0000,0.0325,0.0845
PK00062603,2022,9,0.0024,-0.0015,-0.0278,0.0043
PK00062603,2023,1,0.0000,0.0023,0.0000,0.0000
PK00062603,2024,6,-0.0236,0.0121,0.0015,-0.0017
PK00062603,2025,7,0.0184,0.0127,-0.0048,0.0263
PK00062603,2026,16,-0.0089,-0.0067,-0.0328,-0.0003
PK00062604,2018,2,0.0122,-0.0349,0.0015,0.0037
PK00062604,2019,5,0.0227,-0.0231,-0.0094,0.0210
PK00062604,2020,3,-0.0030,-0.0051,-0.0157,-0.0105
PK00062604,2021,2,0.0803,0.0000,0.0364,0.0762
PK00062604,2022,8,0.0155,-0.0134,-0.0218,0.0132
PK00062604,2023,1,0.0000,0.0057,0.0056,-0.0027
PK00062604,2024,6,-0.0120,0.0064,0.0000,0.0000
PK00062604,2025,7,0.0255,0.0017,-0.0124,0.0244
PK00062604,2026,16,0.0054,-0.0202,-0.0416,0.0035
PK00062605,2018,2,-0.0211,-0.0451,0.0005,-0.0227
PK00062605,2019,5,0.0072,-0.0301,0.0000,0.0070
PK00062605,2020,3,-0.0076,-0.0224,-0.0179,-0.0107
PK00062605,2021,2,0.0794,0.0000,0.0416,0.0767
PK00062605,2022,8,0.0160,-0.0184,-0.0077,0.0139
PK00062605,2023,1,-0.0027,0.0087,0.0148,-0.0031
PK00062605,2024,6,0.0000,0.0018,-0.0058,0.0000
PK00062605,2025,8,0.0150,-0.0061,-0.0150,0.0125
PK00062605,2026,16,-0.0013,-0.0319,-0.0463,-0.0028
PK00062606,2018,2,-0.0268,-0.0446,-0.0171,-0.0347
PK00062606,2019,5,0.0206,0.0073,-0.0025,0.0199
PK00062606,2020,3,-0.0168,-0.0124,-0.0113,-0.0246
PK00062606,2021,2,0.0809,0.0017,0.0257,0.0804
PK00062606,2022,8,0.0195,0.0113,-0.0134,0.0142
PK00062606,2023,1,0.0000,-0.0003,0.0193,0.0000
PK00062606,2024,6,-0.0046,0.0000,0.0000,-0.0080
PK00062606,2025,6,0.0335,0.0173,0.0048,0.0246
PK00062606,2026,16,0.0100,-0.0040,-0.0238,0.0003
PK00062607,2018,2,-0.1416,-0.1148,-0.0970,-0.1457
PK00062607,2019,4,0.0329,-0.0150,0.0000,0.0220
PK00062607,2020,3,-0.0783,-0.0640,-0.0815,-0.0721
PK00062607,2021,2,0.0777,0.0000,0.0366,0.0793
PK00062607,2022,8,0.0145,-0.0163,-0.0103,0.0155
PK00062607,2023,1,-0.0218,0.0081,0.0089,-0.0061
PK00062607,2024,6,0.0000,0.0057,-0.0010,0.0000
PK00062607,2025,7,0.0183,-0.0050,0.0032,0.0161
PK00062607,2026,16,-0.0034,-0.0189,-0.0407,0.0003
PK00062608,2018,2,-0.1878,-0.1085,-0.0819,-0.1753
PK00062608,2019,5,0.0000,-0.0263,0.0000,-0.0117
PK00062608,2020,3,-0.1902,-0.0834,-0.0944,-0.1538
PK00062608,2021,2,0.1118,0.0000,0.0525,0.1050
PK00062608,2022,8,0.0126,-0.0196,-0.0023,0.0067
PK00062608,2023,1,-0.0077,0.0001,0.0159,0.0000
PK00062608,2024,6,0.0069,0.0023,-0.0097,0.0223
PK00062608,2025,7,0.0228,-0.0029,-0.0039,0.0223
PK00062608,2026,16,-0.0003,-0.0331,-0.0480,0.0068
PK00062610,2018,2,-0.3307,-0.1168,-0.1550,-0.2932
PK00062610,2019,5,-0.0081,-0.0274,-0.0301,-0.0140
PK00062610,2020,3,-0.1734,-0.0645,-0.1142,-0.1554
PK00062610,2021,2,0.1365,0.0274,0.0853,0.1209
PK00062610,2022,8,0.0116,0.0024,0.0110,0.0051
PK00062610,2024,6,0.0081,0.0377,0.0301,0.0140
PK00062610,2025,7,0.0262,0.0154,0.0191,0.0214
PK00062610,2026,16,0.0000,0.0033,-0.0279,0.0013
PK00062611,2018,2,0.0330,-0.0081,0.0482,0.0251
PK00062611,2019,5,0.0144,0.0165,0.0005,0.0207
PK00062611,2020,3,0.0000,-0.0041,-0.0065,-0.0086
PK00062611,2021,2,0.1053,0.0106,0.0322,0.1108
PK00062611,2022,9,0.0104,0.0067,-0.0083,0.0129
PK00062611,2023,1,-0.0143,-0.0081,0.0000,0.0000
PK00062611,2024,6,-0.0259,0.0000,-0.0147,-0.0195
PK00062611,2025,8,0.0261,0.0129,-0.0094,0.0152
PK00062611,2026,16,0.0028,-0.0100,-0.0402,0.0088
PK00062612,2018,2,0.0329,0.0198,0.0350,0.0289
PK00062612,2019,5,0.0270,0.0256,0.0000,0.0248
PK00062612,2020,3,0.0000,0.0000,-0.0004,-0.0076
PK00062612,2021,2,0.0907,-0.0101,0.0267,0.0896
PK00062612,2022,9,0.0173,0.0237,-0.0246,0.0214
PK00062612,2023,1,-0.0052,0.0089,0.0091,0.0000
PK00062612,2024,6,-0.0066,-0.0102,-0.0242,-0.0126
PK00062612,2025,8,0.0217,0.0214,-0.0010,0.0168
PK00062612,2026,16,0.0185,0.0158,-0.0351,0.0117
PK00062613,2018,3,-0.0019,-0.0492,-0.0090,0.0002
PK00062613,2019,6,0.0000,-0.0446,0.0000,0.0000
PK00062613,2020,3,-0.0228,-0.0656,-0.0222,-0.0287
PK00062613,2021,2,0.0957,0.0000,0.0568,0.0895
PK00062613,2022,9,0.0001,0.0122,0.0010,-0.0035
PK00062613,2023,1,0.0060,0.0364,0.0906,0.0070
PK00062613,2024,6,-0.0295,0.0019,-0.0190,-0.0320
PK00062613,2025,8,0.0052,-0.0104,0.0019,-0.0010
PK00062613,2026,17,-0.0144,-0.0209,-0.0251,-0.0203
PK00062745,2018,2,-0.2534,-0.0794,-0.0942,-0.2273
PK00062745,2019,5,-0.0253,-0.0264,-0.0135,-0.0231
PK00062745,2020,1,-0.0149,-0.0154,-0.0388,-0.0160
PK00062745,2021,2,0.1034,0.0154,0.0703,0.0928
PK00062745,2022,8,0.0150,0.0328,0.0275,0.0106
PK00062745,2024,4,0.0149,0.0376,0.0135,0.0160
PK00062745,2025,7,0.0383,0.0274,-0.0072,0.0291
PK00062745,2026,15,-0.0067,-0.0196,-0.0752,-0.0071
PK00062751,2018,2,-0.2593,-0.0119,0.0182,-0.1961
PK00062751,2019,5,0.0000,-0.0385,-0.0026,0.0000
PK00062751,2020,3,-0.1696,0.0000,0.0000,-0.1251
PK00062751,2021,3,0.0626,0.0941,0.1472,0.0621
PK00062751,2022,8,0.0097,0.1208,0.1402,0.0278
PK00062751,2023,2,-0.2103,-0.0144,-0.0019,-0.1517
PK00062751,2024,6,0.0268,0.1051,0.1237,0.0521
PK00062751,2025,8,0.0053,0.0932,0.1179,0.0237
PK00062751,2026,15,-0.2167,-0.0021,0.0055,-0.1501
PK00062752,2018,2,-0.2508,-0.0285,-0.0360,-0.1600
PK00062752,2019,5,0.0000,-0.0159,-0.0261,0.0000
PK00062752,2020,3,-0.1532,0.0000,0.0000,-0.0983
PK00062752,2021,3,0.0841,0.0827,0.1073,0.1082
PK00062752,2022,8,0.0220,0.0883,0.0809,0.0471
PK00062752,2023,2,-0.2533,-0.0239,-0.0434,-0.1602
PK00062752,2024,5,0.0558,0.1132,0.0788,0.0900
PK00062752,2025,8,0.0277,0.0939,0.0692,0.0615
PK00062752,2026,15,-0.1478,0.0094,-0.0058,-0.0754
PK00062753,2018,2,-0.1947,0.0172,-0.0381,-0.1328
PK00062753,2019,5,0.0102,0.0000,0.0000,0.0000
PK00062753,2020,3,-0.0800,0.0290,-0.0098,-0.0650
PK00062753,2021,3,0.0778,-0.0031,0.0120,0.0736
PK00062753,2022,8,0.0152,0.0154,-0.0239,0.0220
PK00062753,2023,2,-0.2699,-0.0892,-0.1458,-0.2138
PK00062753,2024,4,0.0000,0.0796,0.0567,0.0430
PK00062753,2025,8,0.0207,0.0579,-0.0031,0.0327
PK00062753,2026,15,-0.2266,-0.0802,-0.2163,-0.1373
PK00062754,2018,1,-0.0624,0.0032,0.0005,-0.0546
PK00062754,2019,5,0.0000,-0.0007,-0.0042,0.0000
PK00062754,2020,3,-0.0541,0.0220,0.0000,-0.0520
PK00062754,2021,3,0.0844,0.0000,0.0317,0.0750
PK00062754,2022,8,-0.0071,0.0352,-0.0199,-0.0066
PK00062754,2023,2,-0.3185,-0.0799,-0.1114,-0.2790
PK00062754,2024,4,0.0193,0.0662,0.0524,0.0317
PK00062754,2025,7,0.0266,0.0767,0.0350,0.0237
PK00062754,2026,15,-0.0798,-0.0495,-0.0808,-0.0869
PK00062758,2018,1,0.0000,0.0219,0.0147,-0.0166
PK00062758,2019,5,0.0000,-0.0127,0.0000,0.0000
PK00062758,2020,3,-0.0416,0.0000,-0.0073,-0.0297
PK00062758,2021,3,0.1337,0.0141,0.0323,0.0871
PK00062758,2022,8,0.0997,0.0511,-0.0109,0.0731
PK00062758,2023,2,-0.1778,-0.0760,-0.1095,-0.1261
PK00062758,2024,4,0.0385,0.0687,0.0444,0.0389
PK00062758,2025,7,0.0775,0.0746,0.0262,0.0529
PK00062758,2026,15,0.0349,-0.0208,-0.0496,0.0264
PK00062802,2019,5,-0.0307,-0.0313,-0.0143,-0.0224
PK00062802,2020,3,0.0513,0.0054,0.0000,0.0241
PK00062802,2021,3,0.0000,-0.0395,-0.0489,-0.0032
PK00062802,2022,8,-0.0567,-0.0367,0.0096,-0.0413
PK00062802,2023,1,-0.0009,0.0000,0.0039,0.0000
PK00062802,2024,5,0.0527,0.0794,0.0113,0.0552
PK00062802,2025,7,0.1178,0.0623,-0.0134,0.0683
PK00062802,2026,14,0.0462,0.0493,-0.0118,0.0150
PK00062809,2018,1,-0.1765,-0.1104,-0.1541,-0.1483
PK00062809,2019,5,-0.0280,-0.0575,-0.0656,-0.0267
PK00062809,2020,3,-0.3167,-0.0973,-0.1576,-0.2663
PK00062809,2021,3,0.0788,0.0000,0.0023,0.0646
PK00062809,2022,8,0.0324,0.0227,0.0084,0.0255
PK00062809,2023,2,0.0000,0.0103,0.0000,0.0000
PK00062809,2024,5,0.0768,0.0757,0.0746,0.0725
PK00062809,2025,8,0.0962,0.0564,0.0449,0.0788
PK00062809,2026,15,0.0214,-0.0020,-0.0196,0.0037
PK00062810,2018,2,-0.1834,-0.1427,-0.0570,-0.1078
PK00062810,2019,5,-0.0116,-0.1127,-0.0160,-0.0210
PK00062810,2020,3,-0.3517,-0.1688,-0.1534,-0.2458
PK00062810,2021,3,0.2085,0.0464,0.1348,0.1339
PK00062810,2022,8,0.0956,0.0684,0.0525,0.0361
PK00062810,2023,2,0.0000,0.0000,0.0000,0.0000
PK00062810,2024,6,0.1404,0.0434,0.0771,0.0902
PK00062810,2025,8,0.1822,0.0638,0.0528,0.1093
PK00062810,2026,15,0.1448,-0.0040,-0.0425,0.0014
PK00062812,2018,1,-0.1595,-0.0269,-0.0086,-0.1189
PK00062812,2019,5,0.0000,-0.0127,0.0000,0.0000
PK00062812,2020,3,-0.1757,-0.0130,-0.0165,-0.1417
PK00062812,2021,3,0.1190,0.0150,0.0614,0.1050
PK00062812,2022,8,0.0286,0.0226,0.0292,0.0257
PK00062812,2023,2,-0.0990,0.0000,-0.0050,-0.0643
PK00062812,2024,6,0.0267,0.0609,0.0392,0.0352
PK00062812,2025,8,0.0595,0.0446,0.0605,0.0613
PK00062812,2026,15,-0.0567,0.0017,-0.0490,-0.0439
PK00062813,2018,2,-0.1948,-0.0068,-0.0490,-0.1622
PK00062813,2019,5,0.0000,-0.0022,0.0000,0.0000
PK00062813,2020,3,-0.0948,-0.0080,-0.0439,-0.0810
PK00062813,2021,3,0.1203,0.0378,0.0573,0.0955
PK00062813,2022,8,0.0356,0.0443,0.0098,0.0247
PK00062813,2023,2,-0.1140,0.0000,-0.0470,-0.0787
PK00062813,2024,6,0.0407,0.0874,0.0308,0.0365
PK00062813,2025,8,0.0698,0.0661,0.0410,0.0541
PK00062813,2026,15,-0.0621,-0.0042,-0.0504,-0.0554
PK00062814,2018,2,-0.2958,-0.0067,-0.0230,-0.2274
PK00062814,2019,5,0.0000,-0.0027,0.0000,0.0000
PK00062814,2020,3,-0.1154,-0.0002,-0.0331,-0.0812
PK00062814,2021,3,0.1065,0.0696,0.0932,0.0953
PK00062814,2022,8,0.0012,0.0819,0.0691,0.0065
PK00062814,2023,2,-0.1654,0.0000,-0.0385,-0.1075
PK00062814,2024,6,0.0190,0.1189,0.0618,0.0278
PK00062814,2025,8,0.0364,0.0918,0.0728,0.0376
PK00062814,2026,15,-0.1101,0.0069,-0.0199,-0.0732
PK00062821,2018,3,-0.5323,-0.0371,-0.0370,-0.3273
PK00062821,2019,5,-0.0045,-0.0373,-0.0238,-0.0343
PK00062821,2020,1,-0.0341,-0.0849,-0.0900,-0.0198
PK00062821,2021,2,0.1580,0.0373,0.0513,0.1068
PK00062821,2022,8,-0.0105,0.0596,0.0241,0.0087
PK00062821,2024,4,0.0045,0.0798,0.0238,0.0198
PK00062821,2025,7,0.0541,0.0202,-0.0280,0.0459
PK00062821,2026,15,0.0277,-0.0012,-0.0582,0.0089
PK00062943,2018,4,-0.2695,-0.0358,-0.0542,-0.1439
PK00062943,2019,6,0.0000,0.0176,-0.0028,0.0000
PK00062943,2020,3,-0.0506,-0.0188,-0.0127,-0.0275
PK00062943,2021,3,0.0609,-0.0416,0.0357,0.0534
PK00062943,2022,8,0.0272,-0.0202,0.0245,0.0206
PK00062943,2023,1,0.0616,0.0132,0.0480,0.0561
PK00062943,2024,4,-0.0708,0.0000,0.0000,-0.0461
PK00062943,2025,8,0.0523,0.0364,0.0235,0.0288
PK00062943,2026,15,-0.0238,0.0183,-0.0799,-0.0489
PK00063614,2018,3,0.0156,-0.0653,-0.0760,-0.0453
PK00063614,2019,10,0.0000,0.0231,0.0000,0.0000
PK00063614,2020,2,-0.0403,-0.0884,-0.0343,-0.0538
PK00063614,2021,4,0.0323,0.0000,0.0100,0.0362
PK00063614,2022,9,-0.0021,-0.1184,-0.0697,-0.0532
PK00063614,2023,2,0.0156,0.1197,0.0490,0.0281
PK00063614,2024,6,-0.0821,-0.0604,-0.0470,-0.0488
PK00063614,2025,7,-0.0329,-0.0559,-0.0686,-0.0445
PK00063614,2026,15,-0.0685,-0.0841,-0.1087,-0.0947
PK00063795,2018,6,-0.0920,-0.0359,-0.0206,-0.0625
PK00063795,2019,8,-0.0381,-0.0249,-0.0150,-0.0374
PK00063795,2020,2,0.0000,-0.0298,-0.0380,-0.0197
PK00063795,2021,3,0.0291,0.0052,0.0154,0.0142
PK00063795,2022,9,0.0022,-0.0022,-0.0199,-0.0099
PK00063795,2023,1,-0.0162,0.0373,0.0238,0.0000
PK00063795,2024,7,0.0452,0.0000,0.0000,0.0265
PK00063795,2025,8,0.0390,0.0048,0.0025,0.0214
PK00063795,2026,15,0.0497,-0.0018,0.0106,0.0249
PK00063965,2018,2,-0.0767,-0.0891,-0.0597,-0.0719
PK00063965,2019,10,0.0000,-0.0236,-0.0259,-0.0160
PK00063965,2020,3,-0.0504,-0.0063,-0.0418,-0.0439
PK00063965,2021,4,0.0433,0.0095,0.0157,0.0312
PK00063965,2022,9,-0.0241,-0.0345,-0.0300,-0.0306
PK00063965,2023,1,0.0276,0.0044,0.0150,0.0385
PK00063965,2024,8,-0.0170,0.0000,0.0000,0.0000
PK00063965,2025,7,0.0078,-0.0368,-0.0306,-0.0041
PK00063965,2026,15,0.0246,-0.0294,-0.0147,0.0056
PK00064126,2018,5,-0.0399,-0.1060,-0.0975,-0.0663
PK00064126,2019,8,0.0000,0.0000,0.0000,0.0190
PK00064126,2020,3,0.0252,0.0038,0.0210,0.0294
PK00064126,2021,3,-0.0169,-0.0818,-0.0268,-0.0060
PK00064126,2022,9,-0.0283,-0.0921,-0.0475,-0.0524
PK00064126,2023,1,-0.0432,0.0355,0.0082,0.0000
PK00064126,2024,7,0.0123,-0.0340,-0.0383,-0.0113
PK00064126,2025,8,0.0548,-0.0691,-0.0481,-0.0023
PK00064126,2026,16,0.0317,-0.0650,-0.0479,-0.0069
PK00064169,2018,2,-0.0108,0.0047,-0.0390,-0.0508
PK00064169,2019,9,0.0000,0.0347,0.0000,0.0000
PK00064169,2020,2,-0.0818,-0.0383,-0.0687,-0.0592
PK00064169,2021,4,0.0235,0.0000,0.0104,0.0528
PK00064169,2022,9,-0.0239,0.0081,-0.0585,-0.0595
PK00064169,2023,2,0.0362,0.1090,0.0623,0.0737
PK00064169,2024,5,-0.1490,-0.0798,-0.0614,-0.0963
PK00064169,2025,7,0.0139,0.0027,-0.0798,-0.0288
PK00064169,2026,15,-0.0320,-0.0302,-0.1137,-0.0732
PK00064170,2018,3,-0.0284,-0.0076,-0.0491,-0.0809
PK00064170,2019,10,0.0000,0.0226,0.0000,0.0000
PK00064170,2020,2,-0.0775,-0.0430,-0.0732,-0.0700
PK00064170,2021,4,0.0051,0.0000,0.0342,0.0426
PK00064170,2022,9,-0.1424,-0.0170,-0.0850,-0.1304
PK00064170,2023,2,0.0024,0.1117,0.0688,0.0489
PK00064170,2024,5,-0.1760,-0.1307,-0.0356,-0.1320
PK00064170,2025,7,-0.0695,-0.0207,-0.0943,-0.0968
PK00064170,2026,16,-0.1218,-0.0640,-0.1410,-0.1547
PK00064171,2018,3,0.0592,0.0510,-0.0800,-0.0429
PK00064171,2019,10,0.0314,0.0546,0.0000,0.0000
PK00064171,2020,2,-0.0376,-0.0243,-0.0100,-0.0460
PK00064171,2021,4,0.0123,0.0000,0.0103,0.0394
PK00064171,2022,9,0.0032,0.0262,-0.0254,-0.0592
PK00064171,2023,2,0.0000,0.0670,0.0041,0.0312
PK00064171,2024,5,-0.0797,-0.1437,-0.1630,-0.0800
PK00064171,2025,7,0.0259,0.0655,-0.0218,-0.0558
PK00064171,2026,16,-0.0022,0.0278,-0.0195,-0.0868
PK00064183,2018,4,-0.0279,-0.0087,-0.0436,-0.0962
PK00064183,2019,10,0.0169,0.0744,0.0097,0.0007
PK00064183,2020,2,0.0000,0.0503,0.0000,0.0000
PK00064183,2021,4,0.0627,0.0000,0.0014,0.0530
PK00064183,2022,9,0.0679,0.0791,-0.0082,-0.0131
PK00064183,2023,1,-0.3090,-0.1129,-0.2198,-0.2795
PK00064183,2024,6,-0.0585,-0.0699,-0.0860,-0.0303
PK00064183,2025,8,0.0576,0.0925,0.0023,-0.0190
PK00064183,2026,16,0.0046,0.0771,-0.0293,-0.0555
PK00064185,2018,3,-0.1283,-0.1056,-0.1059,-0.1326
PK00064185,2019,10,0.0000,0.0000,0.0008,0.0000
PK00064185,2020,2,0.0230,0.0006,0.0000,0.0175
PK00064185,2021,4,0.0599,-0.0381,0.0114,0.0655
PK00064185,2022,9,-0.0012,-0.0284,-0.0168,-0.0129
PK00064185,2023,1,-0.0942,0.0266,-0.0128,-0.0841
PK00064185,2024,6,-0.0257,-0.0630,-0.0476,-0.0187
PK00064185,2025,8,-0.0099,-0.0053,-0.0439,-0.0347
PK00064185,2026,16,-0.0306,-0.0161,-0.0565,-0.0633
PK00064192,2018,3,-0.0987,-0.0269,-0.0524,-0.0862
PK00064192,2019,9,0.0495,0.0340,0.0000,0.0388
PK00064192,2020,2,0.0000,0.0136,0.0142,0.0000
PK00064192,2021,4,0.0314,-0.0271,0.0127,0.0253
PK00064192,2022,9,-0.0174,-0.0037,-0.0120,-0.0011
PK00064192,2023,2,-0.0625,0.0000,-0.0203,-0.0348
PK00064192,2024,7,-0.0456,-0.0505,-0.0347,-0.0242
PK00064192,2025,8,-0.0498,-0.0292,-0.0586,-0.0461
PK00064192,2026,17,-0.1063,-0.0182,-0.0663,-0.0996
PK00064193,2018,3,-0.2197,0.0502,-0.0390,-0.1528
PK00064193,2019,9,0.0000,0.1386,0.0252,0.0015
PK00064193,2020,2,0.0194,0.0574,0.0107,0.0000
PK00064193,2021,4,0.0081,-0.0134,0.0000,0.0033
PK00064193,2022,9,-0.0960,-0.0098,-0.0281,-0.0922
PK00064193,2023,2,-0.1536,0.0000,-0.0901,-0.1157
PK00064193,2024,7,-0.0758,-0.0430,-0.0742,-0.0702
PK00064193,2025,8,-0.0716,0.0127,-0.0637,-0.0876
PK00064193,2026,17,-0.0804,0.0416,-0.0543,-0.1045
PK00064205,2018,3,-0.0113,-0.0334,-0.0607,-0.0597
PK00064205,2019,8,0.0078,0.0449,0.0075,0.0069
PK00064205,2020,2,-0.0214,0.0000,0.0000,-0.0183
PK00064205,2021,3,0.0000,-0.0134,-0.0256,0.0000
PK00064205,2022,9,0.0221,0.0018,-0.0524,-0.0235
PK00064205,2023,1,0.0585,0.0661,0.0115,0.0184
PK00064205,2024,7,-0.1084,-0.0149,-0.0651,-0.0931
PK00064205,2025,7,-0.1064,-0.0219,-0.0845,-0.0969
PK00064205,2026,15,-0.1586,-0.0270,-0.0710,-0.1323
PK00064210,2018,3,-0.1320,-0.0946,-0.0861,-0.1545
PK00064210,2019,9,0.0084,0.0022,0.0071,0.0000
PK00064210,2020,2,-0.0041,-0.0286,0.0000,-0.0043
PK00064210,2021,4,0.0000,0.0000,0.0316,0.0268
PK00064210,2022,9,0.0075,-0.0367,-0.0056,-0.0234
PK00064210,2023,1,0.0545,0.0253,-0.0117,0.0285
PK00064210,2024,6,-0.0359,-0.0104,-0.0464,-0.0313
PK00064210,2025,7,-0.0455,-0.0623,-0.0726,-0.0693
PK00064210,2026,16,-0.1399,-0.0797,-0.1213,-0.1481
PK00064214,2018,2,-0.0596,0.0018,-0.0191,-0.0635
PK00064214,2019,9,0.0472,0.0460,0.0052,0.0285
PK00064214,2020,2,0.0000,0.0069,0.0000,0.0000
PK00064214,2021,4,0.0528,-0.0169,0.0201,0.0491
PK00064214,2022,9,-0.0542,-0.0295,-0.0244,-0.0539
PK00064214,2023,2,-0.1776,0.0000,-0.0670,-0.1340
PK00064214,2024,7,-0.1506,-0.0397,-0.0575,-0.1087
PK00064214,2025,8,-0.0899,-0.0379,-0.0615,-0.0851
PK00064214,2026,17,-0.0688,-0.0290,-0.0761,-0.0779
PK00064215,2018,2,-0.0044,-0.0111,-0.0029,-0.0153
PK00064215,2019,9,0.0662,0.0316,0.0251,0.0550
PK00064215,2020,2,0.0000,0.0000,0.0000,0.0000
PK00064215,2021,4,0.0551,-0.0450,0.0125,0.0508
PK00064215,2022,9,-0.0396,-0.0295,-0.0034,-0.0370
PK00064215,2023,2,-0.0923,0.0180,-0.0242,-0.0740
PK00064215,2024,7,-0.1208,-0.0441,-0.0813,-0.1091
PK00064215,2025,8,-0.0746,-0.0471,-0.0487,-0.0798
PK00064215,2026,17,-0.1014,-0.0510,-0.0617,-0.1066
PK00064216,2018,3,-0.0367,-0.0623,0.0061,-0.0483
PK00064216,2019,9,0.0499,0.0101,0.0221,0.0302
PK00064216,2020,2,-0.0051,0.0000,-0.0408,-0.0091
PK00064216,2021,4,0.0147,-0.0652,0.0069,0.0219
PK00064216,2022,9,0.0371,0.0041,-0.0250,0.0065
PK00064216,2023,2,0.0000,0.0008,0.0000,0.0000
PK00064216,2024,7,-0.0618,-0.0734,-0.0207,-0.0467
PK00064216,2025,8,0.0042,-0.0001,-0.0354,-0.0295
PK00064216,2026,17,-0.0045,-0.0129,-0.0307,-0.0388
PK00064220,2018,3,-0.0582,-0.0204,0.0033,-0.0577
PK00064220,2019,10,0.0205,0.0482,0.0255,0.0195
PK00064220,2020,2,0.0000,0.0000,0.0000,0.0000
PK00064220,2021,4,0.0482,-0.0163,0.0436,0.0454
PK00064220,2022,9,0.0197,0.0459,0.0451,0.0126
PK00064220,2023,1,-0.1655,0.0348,-0.0400,-0.1164
PK00064220,2024,6,-0.0530,-0.0203,-0.0165,-0.0279
PK00064220,2025,8,0.0400,0.0657,0.0219,0.0220
PK00064220,2026,17,0.0147,0.0453,-0.0003,0.0053
PK00064221,2018,3,0.0484,-0.0056,0.0177,0.0164
PK00064221,2019,10,0.0355,0.0429,0.0493,0.0310
PK00064221,2020,2,0.0000,0.0000,0.0000,0.0000
PK00064221,2021,4,0.0668,-0.0046,0.0448,0.0652
PK00064221,2022,9,0.0569,0.0585,0.0643,0.0466
PK00064221,2023,1,-0.1602,0.0221,-0.0520,-0.1269
PK00064221,2024,6,-0.0475,-0.0142,-0.0158,-0.0333
PK00064221,2025,8,0.0525,0.0650,0.0337,0.0408
PK00064221,2026,16,0.0156,0.0579,0.0107,0.0112
PK00064223,2018,3,0.0168,-0.0371,-0.0441,-0.0345
PK00064223,2019,10,0.0000,0.0422,0.0298,0.0066
PK00064223,2020,2,0.0059,0.0253,0.0000,0.0000
PK00064223,2021,4,0.0195,0.0000,0.0467,0.0479
PK00064223,2022,9,0.0164,0.0301,-0.0104,-0.0267
PK00064223,2023,1,-0.4294,-0.0606,-0.1803,-0.2624
PK00064223,2024,5,-0.0719,-0.0608,-0.0512,-0.0435
PK00064223,2025,8,0.0434,0.0392,-0.0106,-0.0064
PK00064223,2026,16,0.0385,0.0137,-0.0291,-0.0074
PK00064224,2018,4,-0.0683,-0.0491,-0.0593,-0.0495
PK00064224,2019,10,0.0108,0.0376,0.0052,0.0124
PK00064224,2020,2,0.0000,0.0308,0.0000,0.0000
PK00064224,2021,4,0.0489,0.0000,0.0162,0.0589
PK00064224,2022,9,0.0320,0.0217,-0.0411,0.0295
PK00064224,2023,1,-0.3743,-0.0586,-0.1734,-0.2972
PK00064224,2024,5,-0.0891,-0.0548,-0.0373,-0.0776
PK00064224,2025,8,0.0168,0.0259,-0.0150,0.0074
PK00064224,2026,16,-0.0202,0.0114,-0.0260,-0.0183
PK00064225,2018,3,0.0515,0.0569,0.0215,-0.0152
PK00064225,2019,10,0.0505,0.0571,0.0209,0.0280
PK00064225,2020,2,0.0000,-0.0008,0.0000,0.0000
PK00064225,2021,4,0.0743,0.0000,0.0452,0.0646
PK00064225,2022,9,0.0784,0.0743,0.0369,0.0207
PK00064225,2023,1,-0.2804,0.0473,-0.0876,-0.1989
PK00064225,2024,5,-0.0674,-0.0679,-0.0932,-0.0447
PK00064225,2025,8,0.0759,0.1033,0.0304,0.0242
PK00064225,2026,16,0.0835,0.0612,0.0089,0.0164
PK00064226,2018,5,0.0980,0.0174,0.0104,-0.0369
PK00064226,2019,10,0.0206,0.0990,0.0438,0.0025
PK00064226,2020,2,0.0000,0.0047,0.0107,0.0000
PK00064226,2021,4,0.0549,0.0000,0.0000,0.0528
PK00064226,2022,9,0.1092,0.0868,0.0648,0.0131
PK00064226,2023,1,-0.2863,-0.0439,-0.1941,-0.2058
PK00064226,2024,5,-0.0727,-0.1060,-0.0964,-0.0735
PK00064226,2025,9,0.1035,0.1481,0.0332,-0.0071
PK00064226,2026,16,0.0734,0.1085,0.0301,-0.0162
PK00064227,2018,5,-0.0083,0.0011,0.0072,-0.0660
PK00064227,2019,10,0.0328,0.0779,0.0251,0.0150
PK00064227,2020,2,0.0000,0.0153,0.0000,0.0000
PK00064227,2021,4,0.0425,0.0000,0.0133,0.0436
PK00064227,2022,9,0.0799,0.0759,0.0263,0.0205
PK00064227,2023,1,-0.3795,-0.0282,-0.1765,-0.3217
PK00064227,2024,5,-0.0272,-0.0753,-0.0409,-0.0377
PK00064227,2025,8,0.0643,0.1007,0.0084,0.0078
PK00064227,2026,16,0.0543,0.0653,-0.0034,0.0012
PK00064228,2018,3,0.0223,-0.0163,-0.0471,-0.0472
PK00064228,2019,10,0.0351,0.0518,0.0063,0.0181
PK00064228,2020,2,0.0000,0.0134,0.0000,0.0000
PK00064228,2021,4,0.0497,0.0000,0.0314,0.0535
PK00064228,2022,9,0.0723,0.0442,0.0042,0.0202
PK00064228,2023,1,-0.3546,-0.0345,-0.1854,-0.3013
PK00064228,2024,5,-0.0104,-0.0530,-0.0387,-0.0245
PK00064228,2025,9,0.0596,0.0600,-0.0169,0.0013
PK00064228,2026,16,0.0489,0.0287,-0.0425,0.0012
PK00064229,2018,3,0.1703,-0.1024,-0.0585,-0.0074
PK00064229,2019,10,0.1062,0.0085,0.0000,0.0319
PK00064229,2020,2,0.0000,0.0000,0.0076,0.0000
PK00064229,2021,4,0.0920,0.0082,0.0241,0.0825
PK00064229,2022,9,0.1865,-0.0594,-0.0169,0.0355
PK00064229,2023,1,-0.1892,-0.0108,-0.1582,-0.1867
PK00064229,2024,5,-0.0313,-0.0734,-0.0892,-0.0886
PK00064229,2025,9,0.1475,-0.0100,-0.0354,0.0111
PK00064229,2026,16,0.1630,-0.0286,-0.0683,0.0080
PK00064230,2018,3,0.1166,-0.0486,-0.0043,-0.0351
PK00064230,2019,10,0.0740,0.0332,0.0254,0.0160
PK00064230,2020,2,0.0000,0.0383,0.0000,0.0000
PK00064230,2021,4,0.0757,-0.0190,0.0253,0.0628
PK00064230,2022,9,0.1217,0.0000,-0.0105,-0.0004
PK00064230,2023,1,-0.1383,0.0000,-0.1539,-0.1500
PK00064230,2024,6,-0.0467,-0.0709,-0.0746,-0.0807
PK00064230,2025,9,0.1222,0.0413,-0.0269,0.0102
PK00064230,2026,16,0.0809,0.0071,-0.0402,-0.0383
PK00064235,2018,3,0.0875,0.0726,0.0411,0.0443
PK00064235,2019,10,0.0506,0.0962,0.0924,0.0456
PK00064235,2020,2,0.0000,0.0000,0.0000,0.0000
PK00064235,2021,4,0.0622,-0.0781,0.0419,0.0698
PK00064235,2022,9,0.0660,0.0873,0.0130,0.0407
PK00064235,2023,2,-0.0696,0.0290,-0.0526,-0.0223
PK00064235,2024,5,-0.1325,-0.1267,-0.0652,-0.0694
PK00064235,2025,7,0.0061,0.1672,0.0345,0.0152
PK00064235,2026,15,-0.0280,0.1379,0.0127,-0.0169
PK00064236,2018,3,0.0631,0.0274,0.0179,0.0337
PK00064236,2019,10,0.0825,0.1088,0.0805,0.0677
PK00064236,2020,2,0.0000,0.0000,0.0000,0.0000
PK00064236,2021,4,0.0902,-0.0407,0.0363,0.0872
PK00064236,2022,9,0.0687,0.0346,0.0456,0.0462
PK00064236,2023,2,-0.0875,0.0240,-0.0087,-0.0401
PK00064236,2024,5,-0.1372,-0.1150,-0.0064,-0.0807
PK00064236,2025,7,0.0459,0.0826,0.0314,0.0293
PK00064236,2026,15,0.0158,0.0447,-0.0256,0.0114
PK00064346,2018,4,-0.0372,-0.0294,-0.0176,-0.0469
PK00064346,2019,6,0.0295,0.0000,0.0000,0.0338
PK00064346,2020,3,-0.0334,-0.0121,-0.0311,-0.0288
PK00064346,2021,4,0.0901,0.0193,0.0377,0.0891
PK00064346,2022,6,0.0340,0.0173,-0.0007,0.0512
PK00064346,2023,2,-0.1762,-0.0668,-0.0863,-0.1125
PK00064346,2024,6,0.0000,0.0095,0.0022,0.0000
PK00064346,2025,7,0.0782,0.0386,0.0314,0.0759
PK00064346,2026,14,0.0471,0.0240,0.0014,0.0671
PK00064347,2018,5,-0.0401,-0.0527,-0.0074,-0.0593
PK00064347,2019,6,0.0336,0.0000,0.0000,0.0292
PK00064347,2020,3,-0.0268,-0.0208,-0.0141,-0.0298
PK00064347,2021,4,0.0857,0.0029,0.0258,0.0725
PK00064347,2022,8,0.0320,0.0109,-0.0053,0.0241
PK00064347,2023,2,-0.1570,-0.0844,-0.0948,-0.1302
PK00064347,2024,6,0.0000,0.0128,0.0064,0.0000
PK00064347,2025,7,0.0771,0.0250,0.0274,0.0807
PK00064347,2026,14,0.0480,0.0139,-0.0115,0.0433
PK00064348,2018,5,-0.0030,-0.0443,-0.0337,-0.0215
PK00064348,2019,6,0.0273,0.0000,0.0000,0.0164
PK00064348,2020,3,-0.0271,-0.0078,-0.0164,-0.0335
PK00064348,2021,4,0.0652,0.0120,0.0466,0.0480
PK00064348,2022,8,0.0421,-0.0002,0.0021,0.0305
PK00064348,2023,2,-0.1919,-0.0444,-0.0522,-0.1619
PK00064348,2024,6,0.0000,0.0208,0.0002,0.0000
PK00064348,2025,7,0.0619,0.0240,0.0355,0.0553
PK00064348,2026,14,0.0362,0.0121,0.0114,0.0286
PK00064349,2018,5,0.0440,-0.0109,0.0329,-0.0015
PK00064349,2019,6,0.0603,0.0083,0.0044,0.0320
PK00064349,2020,3,-0.0003,0.0002,-0.0047,-0.0251
PK00064349,2021,4,0.0999,0.0000,0.0029,0.0637
PK00064349,2022,8,0.0677,0.0101,-0.0376,0.0393
PK00064349,2023,2,-0.1773,-0.0671,-0.0934,-0.1578
PK00064349,2024,6,0.0000,-0.0169,0.0000,0.0000
PK00064349,2025,7,0.0950,0.0200,-0.0077,0.0659
PK00064349,2026,14,0.0587,0.0159,-0.0214,0.0346
PK00064350,2018,5,0.0020,0.0001,0.0099,-0.0187
PK00064350,2019,6,0.0241,0.0000,0.0000,0.0023
PK00064350,2020,3,-0.0429,-0.0155,-0.0134,-0.0548
PK00064350,2021,4,0.0344,-0.0007,0.0125,0.0174
PK00064350,2022,8,0.0090,0.0028,-0.0149,0.0213
PK00064350,2023,1,-0.0171,0.0198,0.0216,-0.0083
PK00064350,2024,6,0.0000,0.0017,-0.0033,0.0000
PK00064350,2025,7,0.0310,0.0102,-0.0155,0.0260
PK00064350,2026,14,0.0037,-0.0156,-0.0358,-0.0013
PK00064351,2018,4,0.0116,-0.0147,-0.0025,0.0049
PK00064351,2019,6,0.0000,-0.0082,-0.0115,0.0000
PK00064351,2020,3,-0.0391,-0.0215,-0.0272,-0.0405
PK00064351,2021,4,0.0472,0.0000,0.0190,0.0426
PK00064351,2022,8,0.0145,0.0171,0.0000,0.0138
PK00064351,2023,1,0.0053,0.0231,0.0245,0.0066
PK00064351,2024,6,-0.0124,0.0217,0.0000,-0.0035
PK00064351,2025,7,0.0373,0.0101,0.0068,0.0331
PK00064351,2026,14,0.0106,-0.0175,-0.0233,0.0111
PK00064352,2018,4,0.0065,-0.0201,-0.0136,0.0014
PK00064352,2019,6,0.0000,-0.0039,-0.0142,0.0000
PK00064352,2020,3,-0.0299,-0.0212,-0.0450,-0.0320
PK00064352,2021,4,0.0451,0.0000,0.0217,0.0407
PK00064352,2022,8,0.0130,0.0070,-0.0159,0.0201
PK00064352,2023,1,0.0155,0.0168,0.0117,0.0153
PK00064352,2024,6,-0.0064,0.0071,0.0000,-0.0019
PK00064352,2025,7,0.0423,0.0183,0.0087,0.0385
PK00064352,2026,14,0.0079,-0.0083,-0.0234,0.0087
PK00064353,2018,4,0.0005,-0.0306,-0.0147,-0.0122
PK00064353,2019,6,0.0307,0.0024,0.0177,0.0245
PK00064353,2020,2,-0.0264,-0.0069,-0.0386,-0.0355
PK00064353,2021,4,0.0664,0.0000,-0.0088,0.0545
PK00064353,2022,8,0.0162,0.0226,0.0038,0.0106
PK00064353,2023,1,0.0000,-0.0059,0.0005,0.0000
PK00064353,2024,6,-0.0290,0.0271,0.0000,-0.0161
PK00064353,2025,7,0.0873,0.0184,0.0053,0.0663
PK00064353,2026,14,0.0243,-0.0011,-0.0224,0.0242
PK00064354,2018,4,-0.0140,-0.0413,-0.0163,-0.0143
PK00064354,2019,6,0.0000,-0.0335,-0.0262,0.0000
PK00064354,2020,2,-0.0254,0.0000,-0.0034,-0.0276
PK00064354,2021,4,0.0333,0.0009,0.0082,0.0332
PK00064354,2022,8,0.0226,-0.0043,0.0247,0.0234
PK00064354,2023,1,0.0071,0.0269,0.0560,0.0086
PK00064354,2024,6,-0.0055,-0.0110,0.0000,-0.0035
PK00064354,2025,7,0.0543,0.0012,0.0140,0.0497
PK00064354,2026,14,0.0072,-0.0033,0.0050,0.0088
PK00064652,2018,4,-0.2095,-0.0361,-0.0579,-0.1607
PK00064652,2019,5,0.0136,0.0108,-0.0119,0.0000
PK00064652,2020,2,-0.3682,-0.1683,-0.2379,-0.2848
PK00064652,2021,3,0.0000,-0.0266,0.0000,-0.0038
PK00064652,2022,9,0.0380,0.0368,0.0325,0.0274
PK00064652,2023,1,0.0356,0.0278,0.0329,0.0334
PK00064652,2024,6,-0.0065,0.0000,0.0105,0.0081
PK00064652,2025,8,0.0276,0.0004,-0.0138,0.0134
PK00064652,2026,14,-0.0137,-0.0066,-0.0185,-0.0139
PK00064727,2018,3,0.3168,0.0789,0.1220,0.2676
PK00064727,2019,7,0.3755,0.1497,0.1528,0.3299
PK00064727,2020,2,0.1099,0.0402,0.0348,0.0926
PK00064727,2021,3,-0.1909,-0.0697,-0.0650,-0.1605
PK00064727,2022,9,-0.2032,-0.0752,-0.0873,-0.1829
PK00064727,2024,6,-0.1099,-0.0402,-0.0348,-0.0926
PK00064727,2025,6,-0.2322,-0.1139,-0.1287,-0.2180
PK00064727,2026,17,-0.0893,-0.0694,-0.0786,-0.0998
PK00064728,2018,3,-0.3083,-0.1215,-0.1509,-0.2300
PK00064728,2019,5,-0.0206,-0.0551,-0.0356,-0.0157
PK00064728,2020,1,0.0000,-0.0048,-0.0212,0.0000
PK00064728,2021,2,0.1082,0.0886,0.0804,0.0919
PK00064728,2022,8,-0.0085,0.0403,-0.0019,-0.0071
PK00064728,2023,1,-0.0340,0.0000,0.0246,-0.0361
PK00064728,2024,4,0.0631,0.0353,0.0000,0.0661
PK00064728,2025,7,0.0440,0.0358,0.0010,0.0419
PK00064728,2026,14,-0.0235,-0.0099,-0.0545,-0.0079
PK00064896,2018,4,-0.2028,-0.0630,-0.1384,-0.1775
PK00064896,2019,7,0.0728,0.0970,0.0401,0.0715
PK00064896,2020,1,-0.0728,-0.0071,-0.0904,-0.0846
PK00064896,2021,2,0.0883,0.0071,0.0384,0.0884
PK00064896,2022,7,-0.2530,-0.1011,-0.1130,-0.2135
PK00064896,2024,8,-0.0949,-0.0204,-0.0384,-0.0715
PK00064896,2025,7,-0.1559,-0.0831,-0.0755,-0.1547
PK00064896,2026,14,-0.1706,-0.0358,-0.1212,-0.1542
PK00064925,2018,2,-0.3237,-0.1360,-0.1530,-0.2748
PK00064925,2019,5,-0.0494,-0.0632,-0.0444,-0.0395
PK00064925,2020,1,-0.0249,0.0000,0.0000,-0.0168
PK00064925,2021,2,0.1034,0.0279,0.0515,0.0944
PK00064925,2022,8,-0.0056,0.0081,0.0023,-0.0009
PK00064925,2023,1,0.0000,-0.0355,-0.0106,0.0000
PK00064925,2024,4,0.0000,0.0163,0.0076,0.0182
PK00064925,2025,7,0.0418,0.0384,0.0102,0.0478
PK00064925,2026,14,-0.0333,-0.0069,-0.0188,-0.0148
PK00064928,2018,2,-0.1354,-0.0903,-0.0437,-0.1274
PK00064928,2019,5,-0.0046,-0.0461,-0.0479,-0.0187
PK00064928,2020,1,0.0000,0.0000,-0.0007,0.0000
PK00064928,2021,2,0.1129,-0.0099,0.0566,0.1011
PK00064928,2022,8,0.0118,-0.0195,-0.0229,-0.0030
PK00064928,2023,1,-0.0172,0.0044,0.0000,-0.0114
PK00064928,2024,4,0.0097,0.0191,0.0339,0.0175
PK00064928,2025,7,0.0389,-0.0037,-0.0090,0.0322
PK00064928,2026,14,0.0033,-0.0204,-0.0672,-0.0207
PK00064929,2018,3,-0.0447,-0.0686,-0.0338,-0.0975
PK00064929,2019,5,-0.0243,-0.0545,-0.0635,-0.0604
PK00064929,2020,1,0.0000,0.0416,0.0000,0.0000
PK00064929,2021,2,0.0795,0.0000,0.0181,0.0612
PK00064929,2022,8,-0.0281,-0.0530,-0.0646,-0.0590
PK00064929,2023,1,-0.0155,-0.0005,-0.0005,-0.0119
PK00064929,2024,5,0.0151,0.0044,0.0271,0.0171
PK00064929,2025,7,0.0247,0.0083,-0.0362,-0.0260
PK00064929,2026,14,-0.0614,-0.0543,-0.0849,-0.0918
PK00064930,2018,2,-0.0353,0.0176,0.0231,-0.0288
PK00064930,2019,5,-0.0258,-0.0055,-0.0467,-0.0237
PK00064930,2020,2,-0.4722,-0.1893,-0.3395,-0.3597
PK00064930,2021,2,0.0974,0.0000,0.0177,0.0869
PK00064930,2022,8,-0.0296,-0.0336,-0.0668,-0.0171
PK00064930,2023,1,0.0072,0.0164,0.0000,0.0000
PK00064930,2024,5,0.0000,0.0089,0.0169,0.0112
PK00064930,2025,7,0.0159,0.0468,-0.0200,0.0217
PK00064930,2026,14,-0.0311,-0.0349,-0.0591,-0.0376
PK00064935,2018,3,-0.1053,-0.0569,-0.0772,-0.0614
PK00064935,2019,5,0.0000,0.0000,-0.0020,0.0000
PK00064935,2020,2,-0.4161,-0.1902,-0.2916,-0.3407
PK00064935,2021,2,0.1033,-0.0124,0.0565,0.0972
PK00064935,2022,8,-0.0138,-0.0327,-0.0218,-0.0103
PK00064935,2023,1,-0.0016,0.0077,0.0292,-0.0028
PK00064935,2024,5,0.0061,0.0118,0.0000,0.0202
PK00064935,2025,7,0.0278,0.0028,0.0037,0.0238
PK00064935,2026,14,-0.0149,-0.0647,-0.0313,-0.0258
PK00064936,2018,3,-0.0774,-0.0363,-0.0550,-0.0496
PK00064936,2019,5,0.0000,0.0000,-0.0003,0.0000
PK00064936,2020,2,-0.3666,-0.1860,-0.2815,-0.3048
PK00064936,2021,2,0.0300,-0.0095,0.0508,0.0386
PK00064936,2022,8,-0.0859,-0.0340,-0.0217,-0.0622
PK00064936,2023,1,-0.0068,0.0290,0.0420,-0.0043
PK00064936,2024,5,0.0158,0.0250,0.0000,0.0239
PK00064936,2025,7,0.0183,0.0110,0.0046,0.0197
PK00064936,2026,14,-0.0100,-0.0378,-0.0299,-0.0145
PK00064938,2018,2,-0.1045,-0.1012,-0.0708,-0.0901
PK00064938,2019,5,0.0153,-0.0818,-0.0225,0.0000
PK00064938,2020,3,-0.0217,-0.1036,-0.0387,-0.0301
PK00064938,2021,3,0.1855,0.0087,0.0409,0.1503
PK00064938,2022,8,0.0527,-0.0306,-0.0056,0.0257
PK00064938,2023,2,-0.0003,0.0071,0.0128,-0.0114
PK00064938,2024,5,0.0000,0.0000,0.0000,0.0047
PK00064938,2025,8,0.0636,-0.0236,-0.0076,0.0445
PK00064938,2026,15,0.0335,-0.0683,-0.0580,0.0010
PK00064987,2018,4,-0.0638,-0.0654,-0.1009,-0.0816
PK00064987,2019,5,-0.0185,-0.0209,-0.0371,-0.0140
PK00064987,2020,2,0.0000,0.0331,0.0000,0.0000
PK00064987,2021,3,0.0789,-0.0066,0.0502,0.0830
PK00064987,2022,8,0.0042,-0.0212,-0.0273,-0.0097
PK00064987,2023,2,-0.0565,0.0000,-0.0366,-0.0521
PK00064987,2024,5,0.0568,0.0392,0.0292,0.0587
PK00064987,2025,8,0.0232,0.0019,-0.0052,0.0033
PK00064987,2026,15,-0.0812,-0.0722,-0.1026,-0.1026
PK00064988,2018,4,-0.1132,-0.1332,-0.1263,-0.1009
PK00064988,2019,5,0.0000,-0.0582,0.0000,0.0000
PK00064988,2020,2,-0.0156,0.0000,-0.0010,-0.0130
PK00064988,2021,3,0.1196,0.0014,0.0339,0.1084
PK00064988,2022,8,0.0134,-0.0525,-0.0266,-0.0049
PK00064988,2023,2,-0.1070,-0.0318,-0.0490,-0.0856
PK00064988,2024,5,0.0369,0.0218,0.0560,0.0625
PK00064988,2025,7,0.0491,0.0087,0.0037,0.0170
PK00064988,2026,15,-0.0649,-0.1134,-0.0606,-0.0957
PK00065021,2018,4,-0.0532,-0.0033,0.0065,-0.0386
PK00065021,2019,5,0.0000,0.0000,0.0000,0.0000
PK00065021,2020,3,-0.2322,-0.0950,-0.1472,-0.1976
PK00065021,2021,3,0.2403,0.0400,0.1086,0.2124
PK00065021,2022,8,0.1147,0.0423,0.0259,0.0940
PK00065021,2023,1,-0.1793,-0.1211,-0.1256,-0.1742
PK00065021,2024,7,0.1262,0.0751,0.0521,0.1098
PK00065021,2025,8,0.1729,0.0866,0.0947,0.1386
PK00065021,2026,15,0.1451,0.0529,0.0589,0.1305
PK00065032,2018,5,-0.2372,-0.1023,-0.1358,-0.2599
PK00065032,2019,4,0.0784,0.0000,0.0000,0.0398
PK00065032,2020,2,-0.2160,-0.0747,-0.1211,-0.2109
PK00065032,2021,2,0.1528,0.0154,0.0562,0.1141
PK00065032,2022,8,0.0521,0.0301,0.0058,0.0227
PK00065032,2023,1,-0.3300,-0.1876,-0.2578,-0.3196
PK00065032,2024,7,0.0000,0.0419,0.0040,0.0000
PK00065032,2025,8,0.0832,0.0497,0.0251,0.0412
PK00065032,2026,15,0.0533,0.0242,-0.0056,0.0144
PK00065035,2018,4,-0.0671,-0.1379,-0.1092,-0.1481
PK00065035,2019,4,0.0251,0.0000,0.0000,0.0158
PK00065035,2020,2,-0.1216,-0.0122,-0.0288,-0.1044
PK00065035,2021,2,0.0694,0.0226,0.0601,0.0837
PK00065035,2022,8,0.0317,-0.0614,-0.0334,-0.0180
PK00065035,2023,1,-0.0585,-0.0283,-0.0207,-0.0453
PK00065035,2024,7,0.0000,0.0243,0.0129,0.0000
PK00065035,2025,8,0.0632,-0.0661,-0.0411,-0.0301
PK00065035,2026,15,0.0015,-0.0773,-0.0628,-0.0714
PK00065037,2018,4,-0.0369,-0.0594,-0.0671,-0.1362
PK00065037,2019,4,0.0367,0.0656,0.0000,0.0305
PK00065037,2020,2,-0.0578,0.0000,-0.0535,-0.0609
PK00065037,2021,2,0.0957,-0.0017,0.0373,0.1025
PK00065037,2022,8,0.0908,0.0347,0.0095,-0.0194
PK00065037,2023,1,-0.0374,-0.0547,-0.0353,-0.0113
PK00065037,2024,7,0.0000,0.0389,0.0009,0.0000
PK00065037,2025,8,0.1376,0.0677,0.0457,-0.0154
PK00065037,2026,15,0.0775,0.0420,0.0008,-0.0509
PK00065077,2018,4,-0.1421,-0.2590,-0.2461,-0.2297
PK00065077,2019,6,-0.0138,-0.0415,-0.0015,0.0000
PK00065077,2020,2,0.0000,0.0000,0.0000,-0.0058
PK00065077,2021,2,0.1223,0.0256,0.0608,0.1165
PK00065077,2022,8,-0.0675,-0.1994,-0.1469,-0.1045
PK00065077,2023,1,-0.0745,0.0432,0.0497,-0.0497
PK00065077,2024,6,0.0073,-0.0398,-0.0014,0.0088
PK00065077,2025,8,0.0072,-0.1796,-0.1313,-0.0585
PK00065077,2026,15,-0.0228,-0.2346,-0.2280,-0.1381
PK00065180,2018,3,0.0208,-0.0732,0.0002,-0.0332
PK00065180,2019,7,0.0546,0.0189,0.0236,0.0339
PK00065180,2020,3,-0.1874,-0.0802,-0.1196,-0.1971
PK00065180,2021,2,0.1261,0.0000,0.0629,0.1150
PK00065180,2022,8,0.0608,-0.0290,0.0259,0.0267
PK00065180,2023,1,0.0000,0.0242,0.0000,0.0000
PK00065180,2024,7,-0.0058,-0.0222,-0.0046,-0.0068
PK00065180,2025,8,0.0713,-0.0006,0.0322,0.0302
PK00065180,2026,15,0.0433,-0.0276,-0.0064,-0.0059
PK00065196,2018,5,-0.0925,-0.1116,-0.0499,-0.1717
PK00065196,2019,7,0.0000,-0.0333,-0.0202,-0.0255
PK00065196,2020,4,-0.1281,-0.0481,-0.0853,-0.1345
PK00065196,2021,2,0.1201,0.0173,0.0682,0.0939
PK00065196,2022,8,0.0251,-0.0487,0.0201,-0.0581
PK00065196,2023,1,-0.0066,0.0000,0.0000,0.0000
PK00065196,2024,7,0.0361,0.0131,0.0254,0.0145
PK00065196,2025,8,0.0907,-0.0201,0.0280,-0.0280
PK00065196,2026,15,0.0732,-0.0433,0.0087,-0.0470
PK00065197,2018,3,-0.1205,-0.1546,-0.1778,-0.1839
PK00065197,2019,7,0.0000,-0.0235,-0.0434,-0.0177
PK00065197,2020,3,-0.3056,-0.1011,-0.1384,-0.2792
PK00065197,2021,2,0.0979,0.0325,0.0462,0.0855
PK00065197,2022,8,0.0282,-0.0938,-0.0601,-0.0298
PK00065197,2023,1,-0.0053,0.0000,0.0000,0.0000
PK00065197,2024,5,0.0379,0.0206,0.0325,0.0399
PK00065197,2025,8,0.0296,-0.1158,-0.1020,-0.0521
PK00065197,2026,15,-0.0251,-0.1336,-0.1628,-0.1105
PK00065251,2018,3,-0.3683,-0.1094,-0.0416,-0.2569
PK00065251,2019,5,0.0000,-0.0178,0.0000,0.0000
PK00065251,2020,3,-0.2015,-0.2070,-0.2344,-0.1905
PK00065251,2021,3,0.1788,0.0382,0.1265,0.1358
PK00065251,2022,8,0.0544,-0.0434,0.0190,0.0241
PK00065251,2023,2,-0.1223,0.0000,-0.0114,-0.0870
PK00065251,2024,6,0.0373,0.0381,0.0582,0.0220
PK00065251,2025,8,0.0100,-0.0509,-0.0267,-0.0209
PK00065251,2026,15,-0.0716,-0.2714,-0.2062,-0.1364
PK00065252,2018,2,-0.1226,-0.0366,-0.0441,-0.0940
PK00065252,2019,5,0.0000,0.0071,0.0000,0.0000
PK00065252,2020,3,-0.1878,-0.1691,-0.2365,-0.1384
PK00065252,2021,3,0.1639,-0.0349,0.0489,0.1269
PK00065252,2022,8,0.0602,-0.0098,-0.0292,0.0479
PK00065252,2023,2,-0.0347,0.0000,-0.0141,-0.0278
PK00065252,2024,7,0.0104,0.0467,0.0270,0.0262
PK00065252,2025,8,0.0878,0.0120,0.0041,0.0696
PK00065252,2026,15,0.0507,-0.0365,-0.0659,0.0080
PK00065253,2018,3,0.0959,0.0360,0.0804,0.0462
PK00065253,2019,5,0.0422,0.0324,0.0000,0.0569
PK00065253,2020,3,-0.2219,-0.2094,-0.3070,-0.2142
PK00065253,2021,3,-0.0430,-0.0675,0.0314,-0.0026
PK00065253,2022,8,-0.0299,-0.0253,-0.0460,-0.0143
PK00065253,2023,2,0.0000,0.0000,-0.0318,0.0000
PK00065253,2024,7,0.0785,0.0641,0.0629,0.0573
PK00065253,2025,8,0.0802,0.0273,0.0080,0.0603
PK00065253,2026,15,0.1348,-0.0159,-0.0462,0.0425
PK00065570,2018,4,-0.0749,-0.0213,-0.0176,-0.0710
PK00065570,2019,4,-0.0002,-0.0214,-0.0165,-0.0045
PK00065570,2020,2,-0.4116,-0.1041,-0.2176,-0.3556
PK00065570,2021,4,0.0696,0.0346,0.0162,0.0558
PK00065570,2022,8,0.0355,0.0304,0.0043,0.0343
PK00065570,2023,1,0.0000,0.0000,0.0000,0.0000
PK00065570,2024,5,0.0829,0.0270,0.0357,0.0743
PK00065570,2025,8,0.0611,0.0338,0.0047,0.0521
PK00065570,2026,14,0.0394,0.0309,0.0147,0.0446
PK00065571,2018,5,-0.0175,-0.0098,-0.0003,-0.0136
PK00065571,2019,4,0.0000,-0.0143,-0.0327,0.0000
PK00065571,2020,2,-0.3108,-0.0991,-0.2290,-0.2786
PK00065571,2021,4,0.0366,0.0421,0.0000,0.0331
PK00065571,2022,8,0.0017,0.0372,-0.0088,0.0010
PK00065571,2023,2,-0.0253,0.0000,0.0030,-0.0185
PK00065571,2024,5,0.0351,0.0284,0.0147,0.0413
PK00065571,2025,8,0.0136,0.0425,-0.0126,0.0103
PK00065571,2026,15,0.0107,0.0401,-0.0128,0.0128
PK00065572,2018,5,-0.0407,-0.0050,0.0073,-0.0329
PK00065572,2019,4,0.0000,0.0000,0.0000,0.0000
PK00065572,2020,2,-0.2894,-0.0751,-0.1571,-0.2544
PK00065572,2021,4,0.0380,0.0343,0.0378,0.0317
PK00065572,2022,8,-0.0206,0.0276,-0.0062,-0.0153
PK00065572,2023,2,-0.0566,-0.0077,-0.0118,-0.0404
PK00065572,2024,5,0.0192,0.0449,0.0357,0.0288
PK00065572,2025,8,0.0098,0.0570,0.0118,0.0068
PK00065572,2026,16,-0.0064,0.0205,-0.0258,-0.0018
PK00065573,2018,5,-0.0271,-0.0009,0.0031,-0.0188
PK00065573,2019,4,0.0000,0.0000,0.0000,0.0000
PK00065573,2020,2,-0.2336,-0.0595,-0.1452,-0.2149
PK00065573,2021,4,0.0442,0.0367,0.0399,0.0423
PK00065573,2022,8,-0.0243,0.0297,-0.0041,-0.0149
PK00065573,2023,2,-0.0534,-0.0056,-0.0139,-0.0365
PK00065573,2024,5,0.0128,0.0521,0.0337,0.0253
PK00065573,2025,8,0.0069,0.0547,0.0150,0.0094
PK00065573,2026,16,-0.0150,0.0262,-0.0267,-0.0097
PK00065574,2018,5,-0.0028,0.0251,0.0535,-0.0022
PK00065574,2019,4,0.0000,-0.0199,-0.0161,0.0000
PK00065574,2020,2,-0.2259,-0.0943,-0.1329,-0.1885
PK00065574,2021,4,0.0568,0.0447,0.0572,0.0477
PK00065574,2022,8,-0.0104,0.0211,0.0243,-0.0059
PK00065574,2023,2,-0.0231,0.0000,0.0000,-0.0119
PK00065574,2024,6,0.0050,0.0415,0.0274,0.0179
PK00065574,2025,8,0.0314,0.0511,0.0549,0.0339
PK00065574,2026,16,-0.0148,0.0221,0.0153,-0.0042
PK00065575,2018,5,-0.0020,0.0180,0.0543,-0.0053
PK00065575,2019,4,0.0000,-0.0264,-0.0203,-0.0130
PK00065575,2020,2,-0.1838,-0.1113,-0.1549,-0.1515
PK00065575,2021,4,0.0586,0.0397,0.0517,0.0378
PK00065575,2022,8,-0.0097,0.0146,0.0218,-0.0120
PK00065575,2023,2,0.0067,0.0000,0.0000,0.0000
PK00065575,2024,6,-0.0075,0.0385,0.0255,0.0091
PK00065575,2025,8,0.0400,0.0473,0.0529,0.0356
PK00065575,2026,16,-0.0001,0.0266,0.0074,0.0052
PK00065576,2018,5,-0.0214,0.0341,0.0489,0.0055
PK00065576,2019,4,-0.0034,-0.0004,-0.0110,-0.0001
PK00065576,2020,2,-0.1378,0.0000,-0.1029,-0.0753
PK00065576,2021,4,0.0989,0.0531,0.0497,0.0661
PK00065576,2022,8,-0.0039,0.0218,0.0356,-0.0118
PK00065576,2023,2,0.0000,-0.0245,0.0000,0.0000
PK00065576,2024,6,0.0263,0.0574,0.0471,0.0417
PK00065576,2025,8,0.0542,0.0578,0.0268,0.0571
PK00065576,2026,16,0.0473,0.0859,0.0417,0.0503
PK00065577,2018,5,-0.0333,-0.0186,0.0038,-0.0188
PK00065577,2019,4,0.0000,-0.0259,-0.0150,0.0000
PK00065577,2020,2,-0.1381,0.0000,-0.0672,-0.1117
PK00065577,2021,4,0.0496,0.0362,0.0476,0.0379
PK00065577,2022,8,-0.0218,-0.0079,0.0113,-0.0149
PK00065577,2023,2,-0.0275,-0.0184,0.0000,-0.0240
PK00065577,2024,5,0.0578,0.0343,0.0493,0.0509
PK00065577,2025,8,0.0242,0.0389,0.0207,0.0235
PK00065577,2026,15,0.0138,0.0330,0.0221,0.0144
PK00065578,2018,5,-0.0416,-0.0758,-0.0356,-0.0316
PK00065578,2019,4,0.0000,-0.0554,-0.0335,0.0000
PK00065578,2020,2,-0.1592,0.0000,-0.0756,-0.1345
PK00065578,2021,4,0.0517,0.0128,0.0465,0.0495
PK00065578,2022,8,0.0128,-0.0215,-0.0053,0.0065
PK00065578,2023,2,-0.0237,-0.0323,0.0000,-0.0127
PK00065578,2024,5,0.0644,0.0348,0.0384,0.0591
PK00065578,2025,8,0.0378,0.0260,0.0342,0.0358
PK00065578,2026,15,0.0283,0.0272,0.0216,0.0259
PK00065579,2018,4,-0.0522,-0.0976,-0.0737,-0.0731
PK00065579,2019,4,0.0000,-0.0555,-0.0444,-0.0110
PK00065579,2020,2,-0.1384,0.0000,-0.0670,-0.1151
PK00065579,2021,4,0.0519,0.0043,0.0110,0.0472
PK00065579,2022,8,0.0220,-0.0218,-0.0263,0.0188
PK00065579,2023,2,-0.0158,-0.0254,0.0000,0.0000
PK00065579,2024,5,0.0597,0.0319,0.0230,0.0690
PK00065579,2025,8,0.0387,0.0210,0.0181,0.0469
PK00065579,2026,15,0.0284,0.0198,0.0103,0.0417
PK00065584,2018,4,-0.0322,-0.1361,-0.0752,-0.0620
PK00065584,2019,4,0.0390,-0.0200,-0.0092,0.0113
PK00065584,2020,2,-0.1431,0.0000,-0.0647,-0.1305
PK00065584,2021,4,0.0628,0.0261,0.0661,0.0451
PK00065584,2022,8,-0.0093,-0.0108,0.0120,-0.0191
PK00065584,2023,2,-0.0073,-0.0278,0.0000,-0.0039
PK00065584,2024,5,0.0000,0.0474,0.0550,0.0000
PK00065584,2025,8,0.0315,0.0167,0.0268,0.0269
PK00065584,2026,15,0.0209,-0.0479,-0.0097,0.0106
PK00065586,2018,4,-0.0248,-0.1334,-0.1147,-0.0456
PK00065586,2019,4,0.0222,-0.0394,-0.0541,0.0083
PK00065586,2020,2,-0.1626,0.0000,-0.0946,-0.1446
PK00065586,2021,4,0.0640,0.0154,0.0220,0.0397
PK00065586,2022,8,0.0144,-0.0055,-0.0198,-0.0028
PK00065586,2023,2,0.0000,-0.0140,0.0008,0.0000
PK00065586,2024,5,-0.0006,0.0192,0.0000,-0.0006
PK00065586,2025,8,0.0332,0.0259,0.0056,0.0133
PK00065586,2026,15,0.0092,-0.0182,-0.0274,-0.0086
PK00065587,2018,5,-0.0705,-0.1517,-0.1645,-0.1172
PK00065587,2019,4,-0.0265,-0.0649,-0.0682,-0.0468
PK00065587,2020,2,-0.1911,0.0142,-0.0868,-0.1501
PK00065587,2021,4,0.0832,0.0000,0.0238,0.0240
PK00065587,2022,8,0.0601,0.0188,-0.0040,-0.0015
PK00065587,2023,2,0.0000,-0.0121,0.0534,0.0054
PK00065587,2024,5,0.0100,0.0033,0.0000,0.0000
PK00065587,2025,8,0.0762,0.0261,0.0337,0.0240
PK00065587,2026,15,0.0543,0.0229,0.0057,0.0117
PK00065593,2018,5,-0.0790,-0.0489,-0.0415,-0.0701
PK00065593,2019,4,0.0302,-0.0729,-0.0263,0.0274
PK00065593,2020,3,-0.0040,0.0182,0.0183,0.0000
PK00065593,2021,4,0.0554,0.0063,0.0555,0.0382
PK00065593,2022,8,0.0520,0.0284,0.0441,0.0480
PK00065593,2023,2,0.0000,-0.0554,0.0000,-0.0044
PK00065593,2024,5,-0.0262,0.0000,-0.0575,-0.0215
PK00065593,2025,8,0.0036,-0.0460,-0.0462,-0.0052
PK00065593,2026,15,-0.0229,-0.0434,-0.0463,-0.0217
PK00065594,2018,5,-0.0119,-0.0764,-0.0335,-0.0214
PK00065594,2019,4,0.0000,-0.0369,-0.0209,-0.0015
PK00065594,2020,3,0.0082,0.0174,0.0000,0.0023
PK00065594,2021,4,0.0505,0.0007,0.0325,0.0348
PK00065594,2022,8,-0.0191,0.0016,-0.0152,-0.0185
PK00065594,2023,2,-0.0404,-0.0616,-0.0430,-0.0423
PK00065594,2024,5,-0.0004,0.0000,0.0134,0.0000
PK00065594,2025,8,0.0106,-0.0254,-0.0239,0.0013
PK00065594,2026,15,-0.0175,-0.0318,-0.0497,-0.0296
PK00065595,2018,5,-0.0485,-0.0725,-0.0542,-0.0535
PK00065595,2019,4,-0.0101,-0.0322,-0.0287,-0.0101
PK00065595,2020,2,0.0003,0.0250,0.0000,0.0000
PK00065595,2021,4,0.0217,0.0000,0.0222,0.0201
PK00065595,2022,8,-0.0329,0.0089,-0.0219,-0.0275
PK00065595,2023,2,-0.0551,-0.0483,-0.0432,-0.0508
PK00065595,2024,5,0.0000,0.0049,0.0034,0.0053
PK00065595,2025,8,-0.0184,-0.0101,-0.0115,-0.0169
PK00065595,2026,15,-0.0425,-0.0170,-0.0555,-0.0419
PK00065596,2018,6,-0.0211,-0.0713,-0.0496,-0.0460
PK00065596,2019,4,0.0000,-0.0349,-0.0288,-0.0134
PK00065596,2020,2,0.0114,0.0235,0.0000,0.0000
PK00065596,2021,4,0.0288,0.0000,0.0241,0.0146
PK00065596,2022,8,-0.0310,0.0105,-0.0199,-0.0202
PK00065596,2023,2,-0.0461,-0.0421,-0.0386,-0.0435
PK00065596,2024,5,-0.0090,0.0027,0.0004,0.0066
PK00065596,2025,8,-0.0070,-0.0028,0.0031,-0.0089
PK00065596,2026,15,-0.0420,-0.0127,-0.0552,-0.0397
PK00065598,2018,5,-0.0190,-0.0597,-0.0353,-0.0562
PK00065598,2019,4,-0.0139,-0.0471,-0.0422,-0.0086
PK00065598,2020,3,0.0000,0.0000,-0.0045,-0.0036
PK00065598,2021,4,0.0380,0.0057,0.0241,0.0285
PK00065598,2022,8,0.0125,0.0174,-0.0004,0.0393
PK00065598,2023,2,-0.0123,-0.0156,0.0000,0.0000
PK00065598,2024,5,0.0112,0.0249,0.0076,0.0135
PK00065598,2025,8,-0.0094,0.0184,0.0202,0.0014
PK00065598,2026,15,-0.0409,-0.0161,-0.0414,-0.0221
PK00065599,2018,5,-0.0178,-0.0489,-0.0191,-0.0334
PK00065599,2019,4,-0.0059,-0.0264,-0.0381,-0.0007
PK00065599,2020,2,0.0218,0.0165,0.0000,0.0186
PK00065599,2021,4,0.0392,0.0000,0.0108,0.0297
PK00065599,2022,8,0.0198,0.0280,-0.0116,0.0326
PK00065599,2023,2,-0.0064,-0.0029,-0.0128,-0.0012
PK00065599,2024,5,0.0000,0.0201,0.0182,0.0000
PK00065599,2025,8,0.0031,0.0129,-0.0042,-0.0047
PK00065599,2026,15,-0.0258,-0.0109,-0.0433,-0.0256
PK00065600,2018,5,-0.0156,-0.0480,-0.0210,-0.0382
PK00065600,2019,4,0.0000,-0.0261,-0.0383,0.0000
PK00065600,2020,2,0.0078,0.0167,0.0000,0.0040
PK00065600,2021,4,0.0373,0.0000,0.0126,0.0228
PK00065600,2022,8,0.0054,0.0328,-0.0105,0.0107
PK00065600,2023,2,-0.0250,-0.0015,-0.0122,-0.0202
PK00065600,2024,5,-0.0026,0.0226,0.0181,-0.0030
PK00065600,2025,8,0.0107,0.0153,0.0038,-0.0040
PK00065600,2026,15,-0.0151,-0.0097,-0.0411,-0.0291
PK00065601,2018,5,-0.0103,-0.0449,-0.0155,-0.0196
PK00065601,2019,4,-0.0128,-0.0420,-0.0345,-0.0093
PK00065601,2020,1,0.0000,0.0162,0.0005,0.0000
PK00065601,2021,4,0.0300,0.0000,-0.0054,0.0262
PK00065601,2022,8,-0.0023,0.0172,-0.0244,0.0043
PK00065601,2023,2,-0.0121,-0.0061,0.0000,-0.0074
PK00065601,2024,5,0.0144,0.0164,0.0144,0.0168
PK00065601,2025,8,0.0172,0.0144,-0.0060,0.0120
PK00065601,2026,15,-0.0255,-0.0192,-0.0419,-0.0275
PK00065602,2018,6,-0.0125,-0.0305,-0.0102,-0.0175
PK00065602,2019,4,0.0000,-0.0367,-0.0233,-0.0011
PK00065602,2020,2,-0.2897,-0.1671,-0.2349,-0.2814
PK00065602,2021,4,0.0338,0.0086,0.0000,0.0331
PK00065602,2022,8,0.0067,0.0329,-0.0121,0.0062
PK00065602,2023,2,-0.0067,0.0000,0.0074,0.0000
PK00065602,2024,5,0.0214,0.0207,0.0238,0.0224
PK00065602,2025,8,0.0204,0.0244,0.0055,0.0172
PK00065602,2026,15,-0.0176,-0.0051,-0.0309,-0.0209
PK00065603,2018,6,-0.0204,-0.0284,-0.0390,-0.0185
PK00065603,2019,4,-0.0124,-0.0160,-0.0370,-0.0067
PK00065603,2020,2,-0.3206,-0.1487,-0.2035,-0.2811
PK00065603,2021,4,0.0074,0.0164,0.0000,0.0084
PK00065603,2022,8,-0.0098,0.0301,-0.0122,0.0001
PK00065603,2023,2,0.0000,0.0000,0.0065,0.0000
PK00065603,2024,4,0.0050,0.0195,0.0267,0.0142
PK00065603,2025,8,0.0081,0.0215,-0.0183,0.0086
PK00065603,2026,15,-0.0293,-0.0117,-0.0378,-0.0268
PK00065604,2018,6,-0.0228,-0.0169,-0.0201,-0.0457
PK00065604,2019,4,0.0000,0.0000,-0.0204,-0.0063
PK00065604,2020,2,-0.3718,-0.1467,-0.2017,-0.2744
PK00065604,2021,4,0.0173,0.0370,0.0229,0.0067
PK00065604,2022,8,0.0039,0.0471,0.0056,0.0105
PK00065604,2023,2,-0.0751,-0.0024,0.0000,0.0000
PK00065604,2024,4,0.0075,0.0302,0.0465,0.0342
PK00065604,2025,8,0.0430,0.0351,-0.0056,0.0147
PK00065604,2026,15,-0.0248,0.0053,-0.0277,-0.0195
PK00065606,2018,6,-0.0389,-0.0235,-0.0020,-0.0642
PK00065606,2019,4,0.0000,0.0000,0.0000,0.0000
PK00065606,2020,2,-0.2646,-0.0810,-0.1739,-0.2101
PK00065606,2021,4,0.0351,0.0265,0.0174,0.0205
PK00065606,2022,8,-0.0158,0.0424,-0.0170,0.0006
PK00065606,2023,2,-0.0780,-0.0187,-0.0421,-0.0174
PK00065606,2024,4,0.0116,0.0801,0.0649,0.0481
PK00065606,2025,8,0.0199,0.0364,0.0118,0.0085
PK00065606,2026,16,-0.0097,0.0287,-0.0260,-0.0157
PK00065607,2018,6,-0.0639,-0.0585,-0.0537,-0.0736
PK00065607,2019,4,0.0000,-0.0092,0.0000,0.0000
PK00065607,2020,2,-0.2402,-0.0606,-0.1763,-0.1920
PK00065607,2021,4,0.0491,0.0415,0.0075,0.0299
PK00065607,2022,8,0.0246,-0.0031,-0.0308,0.0183
PK00065607,2023,1,-0.0332,0.0000,-0.0641,-0.0423
PK00065607,2024,4,0.0331,0.1069,0.0745,0.0816
PK00065607,2025,8,0.0344,0.0466,0.0108,0.0239
PK00065607,2026,15,0.0153,0.0539,0.0086,0.0120
PK00065611,2018,4,-0.0747,-0.0467,-0.0276,-0.0887
PK00065611,2019,4,0.0000,0.0000,0.0000,0.0000
PK00065611,2020,2,-0.3562,-0.0823,-0.1883,-0.2797
PK00065611,2021,4,0.0418,0.0287,0.0192,0.0169
PK00065611,2022,8,-0.0172,0.0423,0.0272,-0.0085
PK00065611,2023,1,-0.0649,-0.0169,-0.0265,-0.0498
PK00065611,2024,4,0.0218,0.0864,0.0732,0.0620
PK00065611,2025,8,0.0079,0.0407,0.0088,-0.0048
PK00065611,2026,15,-0.0127,0.0237,0.0001,-0.0020
PK00065613,2018,4,-0.0236,-0.0699,-0.0492,-0.0735
PK00065613,2019,4,0.0000,-0.0361,-0.0300,0.0000
PK00065613,2020,2,-0.4832,-0.1318,-0.2415,-0.3694
PK00065613,2021,4,0.0393,0.0011,0.0000,0.0209
PK00065613,2022,8,0.0081,-0.0055,-0.0077,0.0107
PK00065613,2023,1,0.0047,0.0000,0.0131,-0.0005
PK00065613,2024,4,-0.0275,0.0171,0.0183,0.0620
PK00065613,2025,8,0.0152,-0.0057,-0.0230,0.0145
PK00065613,2026,15,-0.0006,-0.0159,-0.0318,0.0131
PK00065614,2018,4,-0.0438,-0.0667,-0.0368,-0.0725
PK00065614,2019,4,-0.0290,-0.0312,-0.0241,-0.0146
PK00065614,2020,1,0.0100,0.0261,-0.0091,-0.0044
PK00065614,2021,4,0.0285,0.0000,0.0026,0.0212
PK00065614,2022,8,-0.0123,-0.0053,-0.0135,0.0040
PK00065614,2023,1,0.0000,-0.0088,0.0000,0.0000
PK00065614,2024,4,-0.0343,0.0178,0.0226,0.0550
PK00065614,2025,8,-0.0033,-0.0036,-0.0152,0.0102
PK00065614,2026,14,-0.0147,-0.0179,-0.0360,0.0066
PK00065616,2018,4,-0.1073,-0.0461,-0.0542,-0.0798
PK00065616,2019,4,-0.0047,-0.0438,-0.0305,0.0000
PK00065616,2020,1,-0.0254,0.0000,-0.0114,-0.0150
PK00065616,2021,4,0.0385,0.0107,0.0203,0.0241
PK00065616,2022,8,0.0212,-0.0099,-0.0101,0.0253
PK00065616,2023,1,0.0000,-0.0113,0.0000,-0.0053
PK00065616,2024,4,0.0944,0.0441,0.0645,0.0894
PK00065616,2025,8,0.0205,0.0140,0.0111,0.0263
PK00065616,2026,14,0.0498,0.0312,0.0165,0.0536
PK00065617,2018,4,0.0372,0.0001,0.0180,-0.0236
PK00065617,2019,4,0.0003,0.0000,0.0055,0.0000
PK00065617,2020,2,-0.5155,-0.1602,-0.3223,-0.3952
PK00065617,2021,4,0.0592,0.0035,0.0000,0.0425
PK00065617,2022,8,0.0375,0.0648,0.0119,0.0183
PK00065617,2023,1,-0.0136,-0.0283,-0.0313,-0.0068
PK00065617,2024,4,0.0000,0.0554,0.0575,0.0430
PK00065617,2025,8,0.0734,0.0807,0.0422,0.0309
PK00065617,2026,14,0.0421,0.0717,0.0356,-0.0014
PK00065618,2018,4,-0.0147,-0.0368,-0.0103,-0.0275
PK00065618,2019,4,0.0000,0.0000,-0.0106,0.0000
PK00065618,2020,2,-0.4041,-0.1313,-0.2638,-0.3824
PK00065618,2021,4,0.0241,0.0170,0.0145,0.0298
PK00065618,2022,8,0.0014,0.0268,0.0051,-0.0049
PK00065618,2023,1,-0.0369,-0.0038,0.0000,-0.0278
PK00065618,2024,4,0.0340,0.0391,0.0340,0.0325
PK00065618,2025,8,0.0111,0.0279,0.0080,-0.0029
PK00065618,2026,15,-0.0022,0.0191,-0.0181,-0.0235
PK00065619,2018,4,0.0048,-0.0700,-0.0233,-0.0297
PK00065619,2019,4,0.0000,-0.0330,-0.0439,0.0000
PK00065619,2020,2,-0.4206,-0.1597,-0.2789,-0.3696
PK00065619,2021,4,0.0140,0.0124,0.0055,0.0292
PK00065619,2022,8,-0.0041,-0.0050,-0.0144,-0.0174
PK00065619,2023,1,-0.0540,0.0022,0.0037,-0.0312
PK00065619,2024,4,0.0228,0.0000,0.0000,0.0145
PK00065619,2025,8,0.0325,0.0264,0.0122,-0.0025
PK00065619,2026,15,0.0162,0.0041,0.0008,-0.0230
PK00065620,2018,4,0.0433,-0.0559,0.0681,-0.0327
PK00065620,2019,4,0.0000,-0.0424,-0.0056,0.0000
PK00065620,2020,2,-0.4011,-0.1894,-0.2906,-0.3711
PK00065620,2021,4,0.0139,0.0096,0.0285,0.0304
PK00065620,2022,8,0.0438,0.0228,0.0398,-0.0208
PK00065620,2023,1,-0.0357,0.0000,0.0000,-0.0264
PK00065620,2024,4,0.0694,0.0209,0.0792,0.0150
PK00065620,2025,8,0.0754,0.0680,0.0925,-0.0047
PK00065620,2026,15,0.0638,0.0517,0.0826,-0.0198
PK00065621,2018,5,-0.0476,-0.0395,0.0034,-0.0495
PK00065621,2019,4,0.0000,-0.0395,0.0000,0.0000
PK00065621,2020,2,-0.3524,-0.1208,-0.2308,-0.3503
PK00065621,2021,4,0.0227,0.0040,0.0242,0.0233
PK00065621,2022,8,-0.0376,-0.0188,-0.0044,-0.0388
PK00065621,2023,1,-0.0552,0.0000,-0.0072,-0.0542
PK00065621,2024,4,0.0068,0.0213,0.0499,0.0060
PK00065621,2025,8,-0.0262,-0.0108,0.0156,-0.0290
PK00065621,2026,15,-0.0298,-0.0079,-0.0039,-0.0330
PK00065622,2018,5,-0.0203,-0.0158,-0.0014,-0.0435
PK00065622,2019,4,0.0000,0.0000,0.0000,0.0000
PK00065622,2020,2,-0.3776,-0.1085,-0.2373,-0.3386
PK00065622,2021,4,0.0087,0.0045,0.0023,0.0205
PK00065622,2022,8,-0.0129,0.0207,-0.0096,-0.0262
PK00065622,2023,2,-0.0484,-0.0055,-0.0095,-0.0285
PK00065622,2024,4,0.0067,0.0651,0.0587,0.0012
PK00065622,2025,8,0.0120,0.0072,0.0010,-0.0285
PK00065622,2026,16,-0.0006,0.0152,0.0088,-0.0337
PK00065623,2018,5,-0.0392,-0.0113,0.0019,-0.0642
PK00065623,2019,4,0.0000,0.0000,0.0015,0.0000
PK00065623,2020,2,-0.3017,-0.1146,-0.2463,-0.2780
PK00065623,2021,4,0.0131,0.0019,0.0000,0.0246
PK00065623,2022,8,-0.0194,0.0247,-0.0086,-0.0447
PK00065623,2023,2,-0.0433,-0.0085,-0.0124,-0.0253
PK00065623,2024,4,0.0129,0.0689,0.0604,0.0027
PK00065623,2025,8,0.0206,0.0143,0.0071,-0.0296
PK00065623,2026,16,-0.0006,0.0208,0.0148,-0.0324
PK00065624,2018,5,-0.0281,0.0172,0.0007,-0.0609
PK00065624,2019,4,0.0130,-0.0032,0.0285,0.0079
PK00065624,2020,2,-0.2118,-0.0818,-0.1846,-0.1846
PK00065624,2021,4,0.0139,0.0413,-0.0127,0.0347
PK00065624,2022,8,0.0008,0.0770,0.0122,-0.0361
PK00065624,2023,2,-0.0432,0.0000,0.0000,-0.0129
PK00065624,2024,4,0.0000,0.0314,0.0429,0.0000
PK00065624,2025,8,0.0404,0.0625,0.0079,-0.0334
PK00065624,2026,16,0.0150,0.0424,0.0089,-0.0403
PK00065625,2018,5,0.0131,0.0027,0.0002,-0.0079
PK00065625,2019,4,0.0000,-0.0117,0.0136,0.0000
PK00065625,2020,2,-0.2089,-0.0962,-0.1820,-0.1722
PK00065625,2021,4,0.0173,0.0276,-0.0099,0.0384
PK00065625,2022,8,0.0016,0.0574,0.0054,-0.0199
PK00065625,2023,2,-0.0357,0.0000,0.0000,-0.0039
PK00065625,2024,4,0.0210,0.0421,0.0413,0.0249
PK00065625,2025,8,0.0556,0.0598,0.0062,0.0089
PK00065625,2026,15,0.0061,0.0350,-0.0159,-0.0227
PK00065626,2018,5,0.0021,-0.0179,0.0199,-0.0050
PK00065626,2019,4,0.0000,-0.0258,-0.0185,0.0000
PK00065626,2020,2,-0.1849,-0.1074,-0.1537,-0.1730
PK00065626,2021,4,0.0344,0.0225,0.0089,0.0317
PK00065626,2022,8,-0.0034,0.0291,-0.0012,-0.0019
PK00065626,2023,2,-0.0294,0.0000,0.0000,-0.0017
PK00065626,2024,4,0.0101,0.0404,0.0341,0.0310
PK00065626,2025,8,0.0329,0.0359,-0.0033,0.0214
PK00065626,2026,15,-0.0081,0.0119,-0.0365,-0.0187
PK00065627,2018,5,0.0105,-0.0216,-0.0024,-0.0152
PK00065627,2019,4,0.0000,-0.0321,-0.0365,-0.0161
PK00065627,2020,2,-0.2022,-0.1199,-0.1623,-0.2035
PK00065627,2021,4,0.0385,0.0176,0.0119,0.0216
PK00065627,2022,8,0.0000,0.0183,-0.0176,-0.0164
PK00065627,2023,2,-0.0046,0.0000,0.0000,0.0000
PK00065627,2024,4,0.0221,0.0223,0.0153,0.0197
PK00065627,2025,8,0.0252,0.0093,-0.0304,0.0039
PK00065627,2026,15,-0.0059,-0.0123,-0.0483,-0.0291
PK00065628,2018,5,-0.0061,-0.0522,-0.0327,-0.0157
PK00065628,2019,4,-0.0212,-0.0547,-0.0452,-0.0299
PK00065628,2020,2,-0.2736,-0.1257,-0.1680,-0.2664
PK00065628,2021,4,0.0289,0.0000,0.0306,0.0293
PK00065628,2022,8,-0.0152,-0.0370,-0.0379,-0.0249
PK00065628,2023,2,0.0000,0.0046,0.0109,0.0000
PK00065628,2024,5,0.0185,0.0061,0.0000,0.0165
PK00065628,2025,8,0.0108,-0.0460,-0.0444,-0.0066
PK00065628,2026,15,-0.0123,-0.0618,-0.0579,-0.0251
PK00065629,2018,5,0.0076,-0.0570,-0.0409,-0.0235
PK00065629,2019,4,-0.0244,-0.0531,-0.0513,-0.0545
PK00065629,2020,1,-0.0007,0.0113,0.0084,0.0000
PK00065629,2021,4,0.0217,0.0000,0.0202,0.0214
PK00065629,2022,8,-0.0034,-0.0248,-0.0396,-0.0358
PK00065629,2023,2,0.0000,-0.0012,0.0000,-0.0066
PK00065629,2024,5,0.0175,0.0060,0.0000,0.0091
PK00065629,2025,8,0.0273,-0.0364,-0.0472,-0.0263
PK00065629,2026,15,0.0151,-0.0528,-0.0612,-0.0320
PK00065631,2018,5,0.0609,-0.0635,-0.0274,-0.0335
PK00065631,2019,4,0.0304,-0.0314,-0.0581,-0.0583
PK00065631,2020,1,-0.0443,0.0252,0.0000,0.0000
PK00065631,2021,4,0.0000,0.0000,0.0037,0.0274
PK00065631,2022,8,0.0374,-0.0008,-0.0297,-0.0270
PK00065631,2023,2,-0.0112,-0.0021,-0.0150,-0.0109
PK00065631,2024,5,0.0477,0.0203,0.0085,0.0216
PK00065631,2025,8,0.1545,-0.0067,-0.0366,-0.0135
PK00065631,2026,15,0.1016,-0.0256,-0.0723,-0.0259
PK00065632,2018,5,-0.0124,-0.0864,-0.0588,-0.0577
PK00065632,2019,4,-0.0468,-0.0509,-0.0548,-0.0679
PK00065632,2020,3,0.0000,0.0437,0.0109,0.0000
PK00065632,2021,4,0.0454,0.0372,0.0275,0.0376
PK00065632,2022,8,0.0003,-0.0404,-0.0475,-0.0290
PK00065632,2023,2,-0.0059,-0.0088,0.0000,-0.0112
PK00065632,2024,5,0.0353,0.0000,-0.0046,0.0105
PK00065632,2025,8,0.0435,-0.0332,-0.0172,-0.0072
PK00065632,2026,15,0.0112,-0.0749,-0.0965,-0.0359
PK00065633,2018,5,0.0157,-0.0811,-0.0508,-0.0608
PK00065633,2019,4,-0.0051,-0.0521,-0.0482,-0.0481
PK00065633,2020,3,0.0000,0.0428,0.0085,0.0000
PK00065633,2021,4,0.0368,0.0350,0.0298,0.0286
PK00065633,2022,8,0.0117,-0.0284,-0.0420,-0.0370
PK00065633,2023,2,-0.0278,-0.0109,0.0000,-0.0202
PK00065633,2024,5,0.0443,0.0000,-0.0030,0.0110
PK00065633,2025,8,0.0424,-0.0261,-0.0129,-0.0287
PK00065633,2026,15,0.0172,-0.0648,-0.0886,-0.0534
PK00065634,2018,4,-0.0103,-0.0559,-0.0144,-0.0468
PK00065634,2019,4,0.0000,-0.0515,-0.0359,-0.0103
PK00065634,2020,3,-0.0354,0.0021,0.0000,0.0000
PK00065634,2021,4,0.0054,0.0000,0.0353,0.0324
PK00065634,2022,8,-0.0356,-0.0326,-0.0318,-0.0444
PK00065634,2023,2,-0.0645,-0.0430,-0.0323,-0.0181
PK00065634,2024,5,0.0046,0.0107,0.0034,0.0198
PK00065634,2025,8,-0.0030,-0.0215,-0.0125,-0.0346
PK00065634,2026,15,-0.0103,-0.0264,-0.0411,-0.0439
PK00065635,2018,4,0.0032,-0.0722,-0.0352,-0.0596
PK00065635,2019,4,0.0000,-0.0552,-0.0478,-0.0222
PK00065635,2020,3,-0.0294,0.0141,0.0017,0.0000
PK00065635,2021,4,0.0436,0.0004,0.0331,0.0496
PK00065635,2022,8,-0.0046,-0.0506,-0.0432,-0.0442
PK00065635,2023,2,-0.0557,-0.0386,-0.0247,-0.0066
PK00065635,2024,5,0.0290,0.0000,0.0000,0.0162
PK00065635,2025,8,0.0255,-0.0397,-0.0213,-0.0383
PK00065635,2026,15,0.0309,-0.0452,-0.0558,-0.0230
PK00065636,2018,5,-0.0338,-0.0556,-0.0060,-0.0349
PK00065636,2019,4,0.0000,-0.0395,-0.0197,0.0000
PK00065636,2020,3,-0.0062,0.0153,0.0000,-0.0007
PK00065636,2021,4,0.0324,0.0000,0.0409,0.0368
PK00065636,2022,8,-0.0205,-0.0141,-0.0122,-0.0183
PK00065636,2023,2,-0.0590,-0.0706,-0.0467,-0.0475
PK00065636,2024,5,0.0098,0.0135,0.0143,0.0166
PK00065636,2025,8,-0.0013,-0.0092,-0.0060,-0.0019
PK00065636,2026,15,-0.0284,-0.0218,-0.0101,-0.0296
PK00065637,2018,4,-0.0106,-0.0870,-0.0397,-0.0158
PK00065637,2019,4,0.0102,-0.0476,-0.0389,0.0066
PK00065637,2020,3,0.0000,0.0387,0.0000,0.0000
PK00065637,2021,4,0.0409,0.0138,0.0226,0.0400
PK00065637,2022,8,-0.0122,-0.0260,-0.0229,-0.0143
PK00065637,2023,2,-0.0623,-0.0542,-0.0376,-0.0581
PK00065637,2024,5,-0.0044,0.0000,0.0147,-0.0042
PK00065637,2025,8,0.0020,-0.0218,-0.0248,-0.0016
PK00065637,2026,15,-0.0143,-0.0416,-0.0408,-0.0169
PK00065638,2018,4,-0.1632,-0.1107,-0.0764,-0.1628
PK00065638,2019,4,-0.0329,-0.0555,-0.0457,-0.0337
PK00065638,2020,3,0.0000,0.0556,0.0000,0.0000
PK00065638,2021,4,0.0205,0.0323,0.0158,0.0223
PK00065638,2022,8,-0.0594,-0.0142,-0.0271,-0.0595
PK00065638,2023,2,-0.0342,-0.0320,-0.0152,-0.0275
PK00065638,2024,5,0.0199,0.0000,0.0254,0.0198
PK00065638,2025,8,-0.0546,-0.0266,-0.0311,-0.0558
PK00065638,2026,15,-0.0758,-0.0527,-0.0581,-0.0774
PK00065639,2018,5,-0.1977,-0.1862,-0.1856,-0.2187
PK00065639,2019,4,-0.0087,-0.0916,-0.0441,-0.0353
PK00065639,2020,2,-0.0970,0.0000,-0.0075,-0.0992
PK00065639,2021,4,0.0421,0.0124,0.0328,0.0278
PK00065639,2022,8,-0.0575,-0.1097,-0.0914,-0.0827
PK00065639,2023,2,0.0110,0.0198,0.0294,0.0143
PK00065639,2024,5,0.0000,-0.0405,0.0000,0.0000
PK00065639,2025,8,-0.0488,-0.1060,-0.0990,-0.0791
PK00065639,2026,15,-0.0886,-0.1225,-0.1216,-0.1158
PK00065640,2018,5,-0.2219,-0.1904,-0.1553,-0.2560
PK00065640,2019,4,-0.0276,-0.0667,-0.0541,-0.0605
PK00065640,2020,2,-0.0787,0.0000,-0.0465,-0.0730
PK00065640,2021,4,0.0510,0.0300,0.0193,0.0264
PK00065640,2022,8,-0.0095,-0.0544,-0.0811,-0.0894
PK00065640,2023,2,0.0000,0.0247,0.0090,0.0221
PK00065640,2024,5,0.0335,-0.0029,0.0000,0.0000
PK00065640,2025,8,0.0334,-0.0324,-0.0640,-0.0592
PK00065640,2026,15,-0.0268,-0.0631,-0.0870,-0.0917
PK00065643,2018,4,-0.1715,-0.1539,-0.1593,-0.1947
PK00065643,2019,4,-0.0208,-0.0482,-0.0372,-0.0386
PK00065643,2020,2,-0.0977,0.0000,-0.0371,-0.0979
PK00065643,2021,4,0.0383,0.0133,0.0418,0.0299
PK00065643,2022,8,-0.0548,-0.0755,-0.0597,-0.0754
PK00065643,2023,2,0.0000,-0.0064,0.0145,0.0000
PK00065643,2024,5,0.0351,0.0042,0.0000,0.0082
PK00065643,2025,8,-0.0473,-0.0682,-0.0589,-0.0678
PK00065643,2026,15,-0.0799,-0.0986,-0.0938,-0.1054
PK00065648,2018,5,-0.0567,-0.0841,-0.0548,-0.0644
PK00065648,2019,4,0.0000,-0.0606,-0.0125,-0.0024
PK00065648,2020,2,-0.0606,-0.0436,-0.0233,-0.0515
PK00065648,2021,4,0.0238,0.0006,0.0142,0.0285
PK00065648,2022,8,-0.0333,-0.0282,-0.0369,-0.0387
PK00065648,2023,2,-0.0105,0.0062,0.0000,0.0000
PK00065648,2024,5,0.0232,0.0000,0.0325,0.0267
PK00065648,2025,8,-0.0266,-0.0477,-0.0162,-0.0350
PK00065648,2026,16,-0.0493,-0.0674,-0.0587,-0.0581
PK00065649,2018,5,-0.0459,-0.0881,-0.0636,-0.0477
PK00065649,2019,4,0.0000,-0.0632,-0.0185,0.0000
PK00065649,2020,2,-0.0445,-0.0423,-0.0242,-0.0417
PK00065649,2021,4,0.0178,0.0017,0.0120,0.0197
PK00065649,2022,8,-0.0188,-0.0328,-0.0429,-0.0204
PK00065649,2023,2,-0.0036,0.0078,0.0000,-0.0004
PK00065649,2024,5,0.0119,0.0000,0.0271,0.0135
PK00065649,2025,8,-0.0172,-0.0528,-0.0236,-0.0195
PK00065649,2026,16,-0.0470,-0.0730,-0.0642,-0.0498
PK00065650,2018,5,-0.0575,-0.0884,-0.0667,-0.0683
PK00065650,2019,4,0.0000,-0.0377,-0.0440,0.0000
PK00065650,2020,2,-0.0385,-0.0658,-0.0840,-0.0345
PK00065650,2021,4,0.0312,0.0025,0.0293,0.0333
PK00065650,2022,8,-0.0057,-0.0456,-0.0258,-0.0158
PK00065650,2023,2,-0.0093,0.0141,0.0083,-0.0024
PK00065650,2024,5,0.0178,0.0000,0.0000,0.0184
PK00065650,2025,8,-0.0013,-0.0359,-0.0111,-0.0114
PK00065650,2026,16,-0.0421,-0.0697,-0.0782,-0.0563
PK00065651,2018,5,-0.0731,-0.0864,-0.0629,-0.0942
PK00065651,2019,4,0.0000,-0.0365,-0.0443,-0.0062
PK00065651,2020,2,-0.0571,-0.0683,-0.0871,-0.0529
PK00065651,2021,4,0.0258,0.0003,0.0288,0.0265
PK00065651,2022,8,-0.0111,-0.0416,-0.0243,-0.0288
PK00065651,2023,2,-0.0073,0.0109,0.0047,0.0000
PK00065651,2024,5,0.0113,0.0000,0.0000,0.0034
PK00065651,2025,8,-0.0044,-0.0320,-0.0074,-0.0239
PK00065651,2026,16,-0.0498,-0.0664,-0.0739,-0.0715
PK00065653,2018,5,0.0207,-0.0714,0.0013,-0.0544
PK00065653,2019,4,0.0000,-0.0384,-0.0145,-0.0242
PK00065653,2020,2,-0.1827,-0.0858,-0.1053,-0.1720
PK00065653,2021,4,0.0408,0.0066,0.0240,0.0274
PK00065653,2022,8,0.0189,-0.0087,0.0015,-0.0241
PK00065653,2023,2,-0.0036,0.0000,0.0000,0.0000
PK00065653,2024,5,0.0194,0.0226,0.0532,0.0119
PK00065653,2025,8,0.0670,-0.0096,0.0033,-0.0113
PK00065653,2026,16,0.0168,-0.0305,-0.0349,-0.0432
PK00065654,2018,5,0.0099,-0.0382,0.0252,-0.0939
PK00065654,2019,4,-0.0184,-0.0463,-0.0447,-0.0424
PK00065654,2020,2,-0.2505,-0.1662,-0.2362,-0.2237
PK00065654,2021,4,0.0180,0.0000,0.0106,0.0020
PK00065654,2022,8,0.0395,-0.0002,0.0272,-0.0290
PK00065654,2023,2,0.0000,0.0086,0.0000,0.0000
PK00065654,2024,5,0.0167,0.0342,0.0443,0.0071
PK00065654,2025,8,0.0555,0.0312,0.0311,-0.0449
PK00065654,2026,15,0.0118,-0.0014,-0.0116,-0.0798
PK00065655,2018,5,0.0888,-0.0170,0.0303,-0.0330
PK00065655,2019,4,0.0076,-0.0362,-0.0250,-0.0264
PK00065655,2020,2,-0.3512,-0.1650,-0.2502,-0.3163
PK00065655,2021,4,0.0797,0.0000,0.0027,0.0203
PK00065655,2022,8,0.0473,0.0214,0.0189,-0.0075
PK00065655,2023,2,-0.0115,0.0100,0.0000,0.0000
PK00065655,2024,5,0.0000,0.0416,0.0475,0.0151
PK00065655,2025,8,0.0790,0.0472,0.0234,-0.0063
PK00065655,2026,15,0.0384,0.0149,-0.0020,-0.0324
PK00065656,2018,3,-0.1600,-0.0343,-0.0465,-0.1391
PK00065656,2019,5,0.0267,0.0000,0.0018,0.0218
PK00065656,2020,1,0.0000,-0.0376,-0.0291,-0.0117
PK00065656,2021,4,0.0224,-0.0422,0.0000,0.0207
PK00065656,2022,8,0.0053,0.0157,0.0340,0.0051
PK00065656,2023,2,-0.0066,0.0111,0.0248,-0.0006
PK00065656,2024,6,-0.0026,0.0132,-0.0015,0.0000
PK00065656,2025,8,0.0196,0.0420,0.0311,0.0241
PK00065656,2026,14,0.0037,0.0237,0.0158,0.0106
PK00065658,2018,3,-0.1299,-0.0082,-0.0250,-0.1102
PK00065658,2019,5,0.0143,0.0472,0.0173,0.0083
PK00065658,2020,1,0.0000,0.0000,-0.0248,-0.0265
PK00065658,2021,4,0.0041,-0.0353,0.0000,0.0024
PK00065658,2022,8,0.0147,0.0841,0.0459,0.0048
PK00065658,2023,2,-0.0162,0.0542,0.0328,-0.0103
PK00065658,2024,6,-0.0116,-0.0383,-0.0113,0.0000
PK00065658,2025,8,-0.0041,0.0882,0.0343,0.0021
PK00065658,2026,14,-0.0139,0.0251,0.0124,0.0002
PK00065659,2018,3,-0.1515,-0.0120,-0.0519,-0.1220
PK00065659,2019,5,0.0207,0.0620,0.0120,0.0202
PK00065659,2020,1,-0.0146,0.0000,-0.0640,-0.0290
PK00065659,2021,4,0.0000,-0.0115,0.0000,0.0000
PK00065659,2022,8,0.0002,0.0899,0.0302,0.0062
PK00065659,2023,2,-0.0162,0.0712,0.0260,-0.0075
PK00065659,2024,6,0.0148,-0.0258,-0.0281,0.0294
PK00065659,2025,8,0.0027,0.1069,0.0192,0.0167
PK00065659,2026,14,0.0112,0.0301,-0.0112,0.0187
PK00065660,2018,2,-0.0245,-0.0127,-0.0297,-0.0452
PK00065660,2019,5,0.0073,0.0392,0.0013,0.0042
PK00065660,2021,4,-0.0073,-0.0392,0.0013,-0.0042
PK00065660,2022,8,0.0255,0.0575,0.0051,0.0098
PK00065660,2023,2,0.0231,0.0421,-0.0013,0.0132
PK00065660,2024,6,-0.0647,-0.0592,-0.0498,-0.0353
PK00065660,2025,8,0.0243,0.1320,0.0347,-0.0084
PK00065660,2026,14,-0.0023,0.0307,-0.0017,-0.0389
PK00065661,2018,3,-0.1324,-0.0550,-0.0744,-0.1062
PK00065661,2019,5,0.0332,0.0325,0.0000,0.0122
PK00065661,2020,1,-0.0995,-0.0263,-0.0975,-0.1103
PK00065661,2021,4,0.0248,-0.0154,0.0091,0.0000
PK00065661,2022,8,-0.0005,0.0587,0.0170,-0.0069
PK00065661,2023,2,0.0000,0.0432,0.0270,-0.0087
PK00065661,2024,6,-0.0067,0.0000,-0.0052,0.0018
PK00065661,2025,8,0.0020,0.0845,0.0324,0.0059
PK00065661,2026,14,-0.0133,0.0145,-0.0036,-0.0140
PK00065663,2018,3,0.0232,-0.0004,0.0136,-0.0832
PK00065663,2019,5,0.0016,0.0688,0.0000,0.0000
PK00065663,2020,1,-0.0948,-0.0518,-0.1010,-0.0716
PK00065663,2021,4,0.0000,0.0000,0.0046,0.0019
PK00065663,2022,8,0.0370,0.0980,0.0247,-0.0208
PK00065663,2023,2,0.0154,0.0532,0.0228,0.0018
PK00065663,2024,6,-0.0194,-0.0426,-0.0646,-0.0430
PK00065663,2025,8,0.0413,0.1334,0.0336,-0.0414
PK00065663,2026,15,0.0452,0.0567,0.0238,-0.0789
PK00065665,2018,3,0.0065,0.0438,-0.0238,-0.1066
PK00065665,2019,5,0.0172,0.0421,-0.0227,0.0074
PK00065665,2020,1,-0.0237,-0.0032,0.0022,-0.0546
PK00065665,2021,4,0.0204,0.0000,0.0000,0.0029
PK00065665,2022,8,0.0086,0.0587,0.0051,-0.0042
PK00065665,2023,2,0.0000,0.0510,0.0166,0.0000
PK00065665,2024,6,-0.0606,-0.0555,-0.0579,-0.0295
PK00065665,2025,8,-0.0111,0.0614,-0.0203,-0.0050
PK00065665,2026,14,-0.0251,0.0078,-0.0391,-0.0140
PK00065666,2018,2,-0.0879,0.0514,-0.0290,-0.1888
PK00065666,2019,5,0.0194,0.0580,0.0145,0.0000
PK00065666,2020,1,-0.0409,-0.0148,-0.0164,-0.0367
PK00065666,2021,4,0.0000,0.0000,0.0000,0.0032
PK00065666,2022,8,0.0150,0.0769,0.0411,-0.0245
PK00065666,2023,2,0.0137,0.0647,0.0415,0.0073
PK00065666,2024,6,-0.0310,-0.0260,-0.0026,-0.0449
PK00065666,2025,8,0.0226,0.1048,0.0399,-0.0449
PK00065666,2026,14,0.0286,0.0638,0.0272,-0.0675
PK00065667,2018,3,-0.0729,-0.0406,-0.0375,-0.1312
PK00065667,2019,5,0.0117,0.0325,0.0000,0.0016
PK00065667,2020,1,0.0185,0.0000,0.0273,-0.0171
PK00065667,2021,4,0.0000,-0.0675,-0.0271,0.0024
PK00065667,2022,8,0.0070,0.0047,-0.0024,-0.0006
PK00065667,2023,2,-0.0082,0.0062,0.0010,0.0000
PK00065667,2024,6,-0.0274,-0.0911,-0.0415,-0.0048
PK00065667,2025,8,0.0332,0.0243,-0.0097,0.0072
PK00065667,2026,14,-0.0041,-0.0085,-0.0068,-0.0010
PK00065669,2018,2,-0.1168,0.0417,-0.0658,-0.1839
PK00065669,2019,5,0.0092,0.1162,0.0377,0.0000
PK00065669,2020,1,0.0000,-0.0017,-0.0247,-0.0108
PK00065669,2021,4,0.0321,0.0000,0.0000,0.0138
PK00065669,2022,8,0.0360,0.0907,0.0274,-0.0078
PK00065669,2023,2,-0.0023,0.1101,0.0396,0.0133
PK00065669,2024,6,-0.0385,-0.0157,-0.0092,-0.0348
PK00065669,2025,8,0.0251,0.1327,0.0284,-0.0160
PK00065669,2026,16,0.0015,0.0805,-0.0049,-0.0447
PK00065670,2018,2,-0.2038,-0.0578,-0.0899,-0.1948
PK00065670,2019,5,-0.0019,0.0491,0.0051,-0.0074
PK00065670,2020,1,0.0000,0.0000,0.0000,-0.0093
PK00065670,2021,4,-0.0076,-0.0449,-0.0231,0.0000
PK00065670,2022,8,-0.0083,0.0166,0.0008,-0.0176
PK00065670,2023,2,0.0106,0.0349,0.0103,0.0102
PK00065670,2024,6,0.0010,-0.0546,-0.0171,0.0025
PK00065670,2025,8,0.0105,0.0442,-0.0017,-0.0045
PK00065670,2026,14,-0.0014,0.0058,-0.0102,-0.0163
PK00065674,2018,2,-0.1249,-0.0004,-0.0680,-0.2010
PK00065674,2019,5,0.0000,0.0962,0.0324,0.0000
PK00065674,2020,1,-0.0145,-0.0105,-0.0040,-0.0133
PK00065674,2021,4,0.0325,0.0000,0.0000,0.0041
PK00065674,2022,8,0.0417,0.0847,0.0388,-0.0149
PK00065674,2023,2,0.0131,0.1063,0.0547,0.0268
PK00065674,2024,6,-0.0217,-0.0292,-0.0125,-0.0310
PK00065674,2025,8,0.0470,0.1022,0.0342,-0.0204
PK00065674,2026,15,0.0279,0.0557,0.0005,-0.0451
PK00065705,2018,2,-0.3703,-0.2105,-0.2946,-0.3392
PK00065705,2019,5,-0.0035,-0.0243,-0.0008,-0.0120
PK00065705,2021,3,0.0756,0.0243,0.0584,0.0768
PK00065705,2022,8,-0.0453,-0.0554,-0.0602,-0.0351
PK00065705,2023,2,-0.0319,0.0347,0.0000,-0.0154
PK00065705,2024,5,0.0035,-0.0273,0.0000,0.0120
PK00065705,2025,8,-0.0316,-0.0330,-0.0183,-0.0230
PK00065705,2026,16,-0.0477,-0.0544,-0.0453,-0.0431
PK00065717,2018,4,-0.0527,0.0029,0.0045,-0.0383
PK00065717,2019,5,0.0175,0.0131,0.0030,0.0302
PK00065717,2020,1,-0.0231,-0.0628,-0.0260,-0.0168
PK00065717,2021,4,0.0038,0.0000,0.0000,0.0098
PK00065717,2022,8,0.0195,0.0272,0.0144,0.0055
PK00065717,2023,2,0.0000,0.0357,0.0372,0.0000
PK00065717,2024,6,-0.0242,-0.0648,-0.0433,-0.0022
PK00065717,2025,8,-0.0032,0.0230,0.0068,0.0025
PK00065717,2026,14,-0.0148,0.0010,0.0045,-0.0142
PK00065721,2018,5,-0.0886,-0.0962,-0.0475,-0.0690
PK00065721,2019,7,0.0114,0.0378,0.0268,0.0169
PK00065721,2020,1,-0.0137,0.0000,-0.0026,-0.0007
PK00065721,2021,4,0.0000,-0.0581,0.0000,0.0000
PK00065721,2022,8,0.0164,-0.0312,0.0044,-0.0043
PK00065721,2023,2,0.0181,0.0082,0.0309,0.0146
PK00065721,2024,6,-0.0736,-0.1642,-0.0699,-0.0549
PK00065721,2025,8,-0.0163,0.0034,-0.0134,-0.0264
PK00065721,2026,14,-0.0453,-0.0660,-0.0713,-0.0514
PK00065730,2018,4,0.0918,0.0540,0.0563,-0.0185
PK00065730,2019,8,0.0114,0.0063,0.0088,0.0127
PK00065730,2020,3,-0.0033,-0.0228,0.0000,0.0000
PK00065730,2021,3,0.0909,0.0000,0.0182,0.0771
PK00065730,2022,7,0.0347,0.0223,-0.0118,-0.0167
PK00065730,2023,1,-0.4201,-0.2136,-0.2743,-0.3462
PK00065730,2024,6,0.0000,0.0219,-0.0296,-0.0108
PK00065730,2025,8,0.0853,0.0818,0.0086,-0.0054
PK00065730,2026,15,0.0178,-0.0086,-0.0343,-0.0370
PK00065731,2018,4,0.0536,0.0026,0.0410,0.0123
PK00065731,2019,8,0.0000,0.0023,0.0204,0.0053
PK00065731,2020,2,-0.0184,-0.0198,0.0000,-0.0106
PK00065731,2021,3,0.0712,0.0000,0.0489,0.0747
PK00065731,2022,7,0.0057,-0.0075,-0.0153,-0.0120
PK00065731,2023,1,-0.3169,-0.1749,-0.2026,-0.2985
PK00065731,2024,6,0.0027,0.0051,-0.0112,0.0000
PK00065731,2025,8,0.0419,0.0377,0.0143,0.0092
PK00065731,2026,15,0.0101,-0.0271,-0.0135,-0.0261
PK00065732,2018,4,0.0754,0.0139,0.0558,0.0298
PK00065732,2019,8,0.0283,0.0000,0.0249,0.0278
PK00065732,2020,2,-0.0073,-0.0239,0.0000,0.0000
PK00065732,2021,3,0.0628,0.0005,0.0465,0.0689
PK00065732,2022,7,0.0454,0.0250,0.0248,0.0115
PK00065732,2023,1,-0.3189,-0.1565,-0.1885,-0.2979
PK00065732,2024,6,0.0000,0.0116,-0.0067,-0.0007
PK00065732,2025,8,0.0638,0.0449,0.0149,0.0293
PK00065732,2026,15,0.0563,0.0240,0.0275,0.0144
PK00065733,2018,4,0.0564,0.0157,0.0561,0.0134
PK00065733,2019,8,0.0000,0.0013,0.0158,0.0039
PK00065733,2020,2,-0.0150,-0.0114,-0.0014,-0.0096
PK00065733,2021,3,0.0636,0.0171,0.0314,0.0641
PK00065733,2022,7,0.0121,0.0016,-0.0057,-0.0069
PK00065733,2023,1,-0.2364,-0.1583,-0.1479,-0.2309
PK00065733,2024,6,0.0037,0.0000,0.0000,0.0000
PK00065733,2025,8,0.0409,0.0344,0.0232,0.0091
PK00065733,2026,15,0.0158,-0.0091,0.0074,-0.0271
PK00065734,2018,4,0.0246,0.0027,0.0337,0.0052
PK00065734,2019,8,0.0000,0.0144,0.0136,0.0000
PK00065734,2020,2,-0.0217,-0.0032,0.0000,-0.0173
PK00065734,2021,3,0.0603,0.0278,0.0345,0.0570
PK00065734,2022,7,0.0018,-0.0039,-0.0136,-0.0057
PK00065734,2023,1,-0.1925,-0.1476,-0.1512,-0.1938
PK00065734,2024,6,0.0042,0.0000,-0.0044,0.0017
PK00065734,2025,8,0.0202,0.0228,0.0069,0.0047
PK00065734,2026,15,-0.0060,-0.0150,-0.0086,-0.0205
PK00065737,2018,4,0.0901,0.0475,0.0639,0.0006
PK00065737,2019,8,0.0000,0.0169,0.0154,0.0031
PK00065737,2020,2,-0.0315,-0.0127,-0.0122,-0.0217
PK00065737,2021,3,0.0669,0.0000,0.0303,0.0670
PK00065737,2022,7,0.0450,0.0553,0.0267,-0.0081
PK00065737,2023,1,-0.2883,-0.1597,-0.1923,-0.2732
PK00065737,2024,6,0.0132,0.0203,0.0000,0.0000
PK00065737,2025,8,0.0823,0.0621,0.0203,0.0056
PK00065737,2026,15,0.0806,0.0374,0.0360,0.0018
PK00065743,2018,4,-0.0131,-0.0579,-0.0239,-0.0389
PK00065743,2019,8,0.0142,0.0183,0.0201,0.0196
PK00065743,2020,2,-0.0186,-0.0055,0.0000,-0.0084
PK00065743,2021,3,0.0548,0.0170,0.0251,0.0633
PK00065743,2022,7,-0.0076,-0.0142,-0.0080,-0.0319
PK00065743,2023,2,-0.1169,-0.0353,-0.0609,-0.1117
PK00065743,2024,6,0.0000,0.0000,-0.0033,0.0000
PK00065743,2025,9,0.0231,-0.0274,-0.0310,-0.0104
PK00065743,2026,15,0.0074,-0.0410,-0.0295,-0.0190
PK00065772,2018,3,0.0010,-0.0159,0.0038,-0.0296
PK00065772,2019,8,0.0112,0.0101,0.0127,0.0088
PK00065772,2020,3,-0.0385,0.0065,0.0000,-0.0188
PK00065772,2021,3,0.0478,0.0000,0.0442,0.0595
PK00065772,2022,7,-0.0200,-0.0267,0.0150,-0.0214
PK00065772,2023,1,-0.4032,-0.1912,-0.2578,-0.3915
PK00065772,2024,6,0.0000,-0.0137,-0.0080,0.0000
PK00065772,2025,8,-0.0020,-0.0204,-0.0133,-0.0198
PK00065772,2026,15,-0.0193,-0.0507,-0.0304,-0.0612
PK00065774,2018,3,0.0056,0.0056,0.0166,-0.0012
PK00065774,2019,8,0.0047,0.0255,0.0111,0.0083
PK00065774,2020,3,0.0000,0.0173,0.0000,0.0000
PK00065774,2021,4,0.0145,-0.0123,0.0439,0.0146
PK00065774,2022,7,-0.0218,-0.0183,0.0137,-0.0207
PK00065774,2023,1,-0.3727,-0.1931,-0.2588,-0.3567
PK00065774,2024,6,-0.0119,0.0000,-0.0043,-0.0101
PK00065774,2025,8,0.0108,-0.0085,-0.0094,0.0045
PK00065774,2026,15,-0.0117,-0.0364,-0.0211,-0.0174
PK00065775,2018,3,0.0231,-0.0134,0.0191,0.0050
PK00065775,2019,8,0.0073,0.0092,0.0000,0.0069
PK00065775,2020,3,0.0000,0.0000,-0.0058,-0.0001
PK00065775,2021,4,0.0292,-0.0079,0.0079,0.0226
PK00065775,2022,7,-0.0018,-0.0048,0.0049,-0.0050
PK00065775,2023,1,-0.2582,-0.1708,-0.1859,-0.2460
PK00065775,2024,6,0.0000,0.0030,0.0027,0.0000
PK00065775,2025,8,0.0216,0.0099,-0.0109,0.0068
PK00065775,2026,15,-0.0071,-0.0169,-0.0216,-0.0196
PK00065776,2018,3,0.0005,-0.0258,0.0189,-0.0126
PK00065776,2019,8,0.0000,0.0166,0.0113,0.0016
PK00065776,2020,3,0.0062,0.0000,-0.0041,0.0000
PK00065776,2021,4,0.0106,-0.0035,0.0107,0.0064
PK00065776,2022,7,-0.0102,-0.0264,-0.0041,-0.0138
PK00065776,2023,2,-0.0633,-0.0461,-0.0483,-0.0745
PK00065776,2024,6,-0.0005,0.0104,0.0000,-0.0010
PK00065776,2025,8,0.0005,0.0157,-0.0033,-0.0084
PK00065776,2026,15,-0.0329,-0.0181,-0.0122,-0.0361
PK00065777,2018,3,0.0006,-0.0267,0.0100,-0.0231
PK00065777,2019,8,0.0141,0.0000,0.0165,0.0183
PK00065777,2020,3,0.0090,0.0082,0.0000,0.0010
PK00065777,2021,4,0.0000,-0.0208,0.0062,0.0000
PK00065777,2022,7,-0.0192,-0.0314,-0.0001,-0.0234
PK00065777,2023,2,-0.0607,-0.0537,-0.0346,-0.0739
PK00065777,2024,7,-0.0179,0.0043,-0.0184,-0.0223
PK00065777,2025,8,-0.0004,-0.0085,-0.0359,-0.0068
PK00065777,2026,15,-0.0337,-0.0483,-0.0365,-0.0385
PK00065778,2018,3,-0.0059,-0.0238,-0.0002,-0.0217
PK00065778,2019,8,0.0000,0.0000,0.0192,0.0165
PK00065778,2020,3,0.0227,0.0172,0.0000,0.0184
PK00065778,2021,4,-0.0222,-0.0168,0.0073,0.0000
PK00065778,2022,7,0.0103,-0.0408,-0.0002,-0.0111
PK00065778,2023,1,-0.1623,-0.0690,-0.0705,-0.1541
PK00065778,2024,7,0.0061,0.0062,-0.0159,-0.0043
PK00065778,2025,8,0.0161,-0.0086,-0.0369,-0.0132
PK00065778,2026,15,-0.0171,-0.0470,-0.0372,-0.0213
PK00065779,2018,3,-0.0152,-0.1001,-0.0648,-0.0622
PK00065779,2019,8,0.0116,0.0000,0.0184,0.0176
PK00065779,2020,3,0.0045,-0.0093,0.0000,0.0000
PK00065779,2021,4,0.0000,0.0023,0.0208,0.0052
PK00065779,2022,7,-0.0073,-0.0799,-0.0868,-0.0368
PK00065779,2023,2,-0.0688,-0.0082,-0.0203,-0.0799
PK00065779,2024,7,-0.0109,0.0209,-0.0068,-0.0253
PK00065779,2025,8,-0.0053,-0.0551,-0.0620,-0.0328
PK00065779,2026,15,0.0058,-0.0227,-0.0402,-0.0139
PK00065780,2018,3,0.0367,-0.0996,-0.0721,-0.0041
PK00065780,2019,8,0.0289,0.0000,0.0139,0.0277
PK00065780,2020,3,0.0000,-0.0099,0.0000,0.0000
PK00065780,2021,4,0.0156,0.0115,0.0158,0.0057
PK00065780,2022,7,-0.0054,-0.0768,-0.1036,-0.0263
PK00065780,2023,2,-0.0259,-0.0012,-0.0210,-0.0491
PK00065780,2024,7,-0.0213,0.0271,-0.0097,-0.0338
PK00065780,2025,8,0.0403,-0.0606,-0.0728,-0.0002
PK00065780,2026,15,0.0071,-0.0255,-0.0395,-0.0068
PK00065781,2018,4,0.0019,-0.0484,-0.0072,-0.0220
PK00065781,2019,8,0.0036,-0.0029,0.0497,0.0026
PK00065781,2020,3,0.0115,0.0133,0.0174,0.0035
PK00065781,2021,4,0.0000,0.0000,0.0000,0.0000
PK00065781,2022,7,-0.0081,0.0168,0.0230,-0.0166
PK00065781,2023,2,-0.0686,-0.0311,-0.0401,-0.0822
PK00065781,2024,7,-0.0183,0.0121,-0.0154,-0.0165
PK00065781,2025,8,0.0136,-0.0170,-0.0125,-0.0032
PK00065781,2026,15,-0.0093,-0.0384,-0.0068,-0.0266
PK00065782,2018,5,-0.0154,-0.0583,-0.0222,-0.0196
PK00065782,2019,8,0.0257,0.0000,0.0000,0.0290
PK00065782,2020,3,0.0000,0.0227,0.0114,0.0000
PK00065782,2021,4,0.0057,-0.0394,0.0025,0.0085
PK00065782,2022,7,-0.0009,0.0095,0.0003,-0.0005
PK00065782,2023,2,-0.0812,-0.0582,-0.0230,-0.0688
PK00065782,2024,7,-0.0131,0.0092,-0.0067,-0.0057
PK00065782,2025,8,0.0215,-0.0276,-0.0009,0.0120
PK00065782,2026,15,-0.0085,-0.0378,-0.0099,-0.0136
PK00065783,2018,4,-0.0376,-0.0593,-0.0349,-0.0337
PK00065783,2019,8,0.0168,0.0091,0.0000,0.0226
PK00065783,2020,3,0.0000,0.0189,0.0294,0.0000
PK00065783,2021,4,0.0311,-0.0334,0.0117,0.0250
PK00065783,2022,7,-0.0352,-0.0609,-0.0378,-0.0095
PK00065783,2023,1,-0.2458,-0.1106,-0.1325,-0.1792
PK00065783,2024,7,-0.0203,0.0000,-0.0450,-0.0125
PK00065783,2025,8,0.0022,-0.0084,0.0039,-0.0077
PK00065783,2026,15,0.0048,-0.0289,-0.0275,-0.0088
PK00065784,2018,4,-0.0559,-0.0699,-0.0538,-0.0800
PK00065784,2019,8,0.0254,0.0000,0.0102,0.0102
PK00065784,2020,4,0.0000,0.0464,0.0000,0.0000
PK00065784,2021,2,0.0721,-0.0043,0.0259,0.0511
PK00065784,2022,7,0.0181,-0.0192,-0.0605,-0.0144
PK00065784,2023,1,-0.3327,-0.1062,-0.2138,-0.2843
PK00065784,2024,7,-0.0246,0.0361,-0.0401,-0.0220
PK00065784,2025,8,0.0327,-0.0083,-0.0348,-0.0198
PK00065784,2026,15,0.0397,-0.0167,-0.0522,-0.0257
PK00065821,2018,5,-0.0021,-0.0970,-0.0591,-0.0500
PK00065821,2019,8,0.0291,0.0210,0.0377,0.0208
PK00065821,2020,4,0.0000,0.0079,0.0000,0.0000
PK00065821,2021,2,0.0548,0.0000,0.0168,0.0550
PK00065821,2022,7,0.0420,-0.0277,-0.0303,-0.0046
PK00065821,2023,1,-0.2303,-0.1698,-0.2147,-0.1903
PK00065821,2024,7,-0.0262,-0.0041,-0.0228,-0.0247
PK00065821,2025,8,0.0110,-0.0764,-0.0655,-0.0277
PK00065821,2026,15,0.0186,-0.0396,-0.0807,-0.0423
PK00065827,2018,5,-0.0753,-0.0804,-0.0558,-0.0577
PK00065827,2019,8,0.0427,0.0185,0.0165,0.0292
PK00065827,2020,4,-0.0033,0.0000,-0.0057,0.0000
PK00065827,2021,2,0.0907,0.0105,0.0432,0.0736
PK00065827,2022,7,0.0207,-0.0553,-0.0206,-0.0041
PK00065827,2023,1,-0.2913,-0.1230,-0.1572,-0.2593
PK00065827,2024,7,0.0000,-0.0264,0.0000,-0.0056
PK00065827,2025,8,0.0416,-0.0434,-0.0018,0.0006
PK00065827,2026,14,0.0405,-0.0373,-0.0171,-0.0219
PK00065829,2018,5,-0.0235,0.0053,0.0199,-0.0518
PK00065829,2019,8,0.0212,0.0535,0.0012,0.0220
PK00065829,2020,4,-0.0300,0.0000,-0.0315,-0.0151
PK00065829,2021,2,0.0797,0.0228,0.0444,0.0816
PK00065829,2022,7,0.0082,0.0131,-0.0082,-0.0084
PK00065829,2023,1,-0.3747,-0.1081,-0.1754,-0.3454
PK00065829,2024,7,0.0000,-0.0044,0.0000,0.0000
PK00065829,2025,9,0.0157,0.0175,0.0116,-0.0107
PK00065829,2026,14,0.0217,0.0110,0.0095,-0.0105
PK00065843,2018,4,-0.1076,-0.2285,-0.1468,-0.1775
PK00065843,2019,7,0.0000,0.0212,0.0000,0.0056
PK00065843,2020,5,-0.0094,0.0352,0.0017,0.0000
PK00065843,2021,2,0.0565,0.0000,0.0364,0.0591
PK00065843,2022,7,-0.0210,-0.1209,-0.0798,-0.0747
PK00065843,2023,1,-0.1461,-0.0117,-0.0386,-0.1165
PK00065843,2024,7,0.0083,-0.0464,-0.0251,-0.0033
PK00065843,2025,8,0.0019,-0.1094,-0.0858,-0.0636
PK00065843,2026,15,-0.0188,-0.1323,-0.1199,-0.0919
PK00065878,2018,2,-0.5443,-0.1929,-0.2694,-0.2834
PK00065878,2019,7,-0.0035,0.0514,0.0039,0.0068
PK00065878,2020,3,0.0035,-0.0516,-0.0039,-0.0068
PK00065878,2021,3,0.0685,0.0049,0.0982,0.0508
PK00065878,2022,8,-0.0560,-0.0493,-0.0339,-0.0269
PK00065878,2024,6,-0.0701,-0.0049,-0.0549,-0.0388
PK00065878,2025,7,-0.0297,-0.0563,-0.0596,-0.0117
PK00065878,2026,14,-0.0472,-0.0177,-0.0365,-0.0126
PK00065880,2019,7,0.0062,0.0509,0.0063,0.0068
PK00065880,2020,3,-0.0062,0.0526,0.0519,-0.0068
PK00065880,2021,3,0.0641,-0.0509,-0.0063,0.0590
PK00065880,2022,8,-0.0515,0.0234,-0.0146,-0.0265
PK00065880,2024,6,-0.0793,-0.0664,-0.0522,-0.0396
PK00065880,2025,7,-0.0244,0.0356,0.0102,-0.0012
PK00065880,2026,14,-0.0698,-0.0145,-0.0417,-0.0337
PK00065881,2018,1,-0.3537,-0.2196,-0.1514,-0.0870
PK00065881,2019,7,-0.0105,0.0896,0.0092,0.0054
PK00065881,2020,3,0.0105,0.0974,0.0970,-0.0054
PK00065881,2021,3,0.0214,-0.0896,-0.0092,0.0362
PK00065881,2022,8,-0.0430,0.0391,0.0066,-0.0127
PK00065881,2024,6,-0.2984,-0.1155,-0.0745,-0.1427
PK00065881,2025,7,-0.1625,0.0895,0.0354,-0.0744
PK00065881,2026,14,-0.1800,-0.0168,-0.0534,-0.0796
PK00065882,2018,2,-0.0390,-0.0249,-0.0404,-0.0261
PK00065882,2019,7,-0.0081,0.0310,-0.0052,-0.0090
PK00065882,2020,3,0.0286,0.0200,0.0135,0.0204
PK00065882,2021,3,0.0081,-0.0200,0.0052,0.0090
PK00065882,2022,8,-0.0328,0.0130,-0.0091,-0.0210
PK00065882,2024,6,-0.4554,-0.0831,-0.1745,-0.3523
PK00065882,2025,7,-0.4534,-0.1027,-0.1697,-0.3576
PK00065882,2026,14,-0.3592,-0.1306,-0.1664,-0.2824
PK00066400,2018,6,-0.0944,-0.1137,-0.0390,-0.1728
PK00066400,2019,8,0.0000,0.0256,0.0410,0.0000
PK00066400,2020,4,-0.0590,0.0272,-0.0045,-0.0730
PK00066400,2021,2,0.0187,-0.0115,0.0282,0.0139
PK00066400,2022,8,-0.0334,-0.0504,-0.0582,-0.1276
PK00066400,2023,1,0.0239,0.0000,0.0000,0.0126
PK00066400,2024,5,-0.0514,-0.0579,-0.0602,-0.0384
PK00066400,2025,8,-0.0284,-0.0503,-0.0311,-0.1254
PK00066400,2026,16,-0.0299,-0.0762,-0.0397,-0.1593
PK00066561,2018,3,-0.1391,-0.0433,-0.0360,-0.1385
PK00066561,2019,5,0.0192,-0.0171,0.0006,0.0180
PK00066561,2020,3,-0.0017,0.0112,-0.0081,-0.0025
PK00066561,2021,3,0.0542,0.0016,0.0394,0.0516
PK00066561,2022,10,-0.0134,-0.0365,-0.0030,-0.0146
PK00066561,2023,1,-0.0398,-0.0132,-0.0210,-0.0381
PK00066561,2024,8,0.0000,0.0000,0.0000,0.0000
PK00066561,2025,7,0.0124,-0.0160,0.0055,0.0085
PK00066561,2026,14,-0.0102,-0.0333,-0.0418,-0.0106
PK00066566,2018,3,-0.1411,-0.0149,-0.0520,-0.1171
PK00066566,2019,5,0.0113,-0.0074,0.0000,0.0130
PK00066566,2020,3,-0.0263,0.0424,-0.0076,-0.0234
PK00066566,2021,3,0.0645,0.0110,0.0214,0.0496
PK00066566,2022,9,-0.0187,-0.0324,-0.0108,-0.0169
PK00066566,2023,1,-0.0211,-0.0433,-0.0571,-0.0163
PK00066566,2024,8,0.0000,0.0000,0.0069,0.0000
PK00066566,2025,7,0.0008,-0.0230,0.0034,-0.0067
PK00066566,2026,14,-0.0039,-0.0162,-0.0366,-0.0081
PK00066567,2018,3,-0.1483,-0.0111,-0.0768,-0.1233
PK00066567,2019,5,0.0182,0.0000,-0.0051,0.0209
PK00066567,2020,3,-0.0068,0.0252,0.0000,-0.0034
PK00066567,2021,3,0.0658,0.0416,0.0160,0.0556
PK00066567,2022,9,-0.0006,-0.0257,0.0056,-0.0074
PK00066567,2023,1,-0.0215,-0.0233,-0.0397,-0.0160
PK00066567,2024,8,0.0000,-0.0062,0.0174,0.0000
PK00066567,2025,7,0.0016,-0.0234,-0.0074,-0.0011
PK00066567,2026,14,-0.0028,-0.0269,-0.0329,-0.0102
PK00066625,2018,3,-0.0867,-0.0844,-0.1005,-0.1114
PK00066625,2019,5,0.0233,-0.0105,0.0000,0.0168
PK00066625,2020,3,0.0000,0.0330,0.0028,0.0000
PK00066625,2021,3,0.0458,0.0000,0.0169,0.0470
PK00066625,2022,9,-0.0006,-0.0694,-0.0339,-0.0199
PK00066625,2023,1,-0.0161,0.0042,-0.0069,-0.0179
PK00066625,2024,8,-0.0040,-0.0092,-0.0275,-0.0113
PK00066625,2025,7,0.0246,-0.0759,-0.0627,0.0003
PK00066625,2026,14,-0.0397,-0.1175,-0.1212,-0.0767
PK00066631,2018,3,-0.0346,-0.0275,-0.0403,-0.0411
PK00066631,2019,5,0.0225,0.0060,0.0024,0.0157
PK00066631,2020,3,0.0000,0.0000,0.0000,0.0000
PK00066631,2021,3,0.0535,-0.0039,-0.0290,0.0428
PK00066631,2022,9,-0.0185,-0.0106,-0.0446,-0.0154
PK00066631,2023,1,-0.0176,0.0684,0.0247,-0.0101
PK00066631,2024,8,-0.0262,-0.0226,-0.0660,-0.0306
PK00066631,2025,7,0.0065,-0.0581,-0.0447,-0.0103
PK00066631,2026,14,-0.0081,-0.0367,-0.0489,-0.0331
PK00066648,2018,3,-0.2085,-0.0521,-0.0745,-0.1617
PK00066648,2019,5,0.0000,0.0029,0.0178,0.0000
PK00066648,2020,3,0.0040,0.0000,0.0000,0.0074
PK00066648,2021,3,0.0638,-0.0290,0.0069,0.0494
PK00066648,2022,10,-0.0292,0.0016,-0.0313,-0.0189
PK00066648,2023,1,-0.0091,0.0119,-0.0047,-0.0001
PK00066648,2024,8,-0.0728,-0.0060,-0.0330,-0.0550
PK00066648,2025,7,0.0088,-0.0271,0.0184,0.0102
PK00066648,2026,14,-0.0238,-0.0403,-0.0358,-0.0132
PK00066694,2018,5,-0.0400,-0.0513,-0.0414,-0.0108
PK00066694,2019,5,-0.1089,-0.0220,-0.0176,0.0000
PK00066694,2020,2,-0.2286,-0.0427,-0.0849,-0.0889
PK00066694,2021,4,0.0000,0.0000,0.0000,0.0754
PK00066694,2022,9,-0.0206,-0.0296,-0.0073,-0.0147
PK00066694,2023,2,0.0299,0.0927,0.0726,0.0148
PK00066694,2024,6,0.1212,0.0411,0.0717,-0.0437
PK00066694,2025,7,0.1489,0.0243,0.0684,0.0227
PK00066694,2026,14,0.0588,-0.0088,0.0013,-0.0213
PK00066768,2018,3,-0.1894,-0.1612,-0.0835,-0.1864
PK00066768,2019,7,-0.0085,-0.0045,-0.0019,-0.0074
PK00066768,2020,3,0.0085,0.0173,0.0180,0.0074
PK00066768,2021,3,0.0543,-0.0437,0.0019,0.0459
PK00066768,2022,10,-0.0535,-0.0154,-0.0075,-0.0535
PK00066768,2024,6,-0.0113,0.0045,-0.0106,-0.0140
PK00066768,2025,7,-0.0495,-0.0560,-0.0111,-0.0538
PK00066768,2026,14,-0.0978,-0.1159,-0.0878,-0.1043
PK00066794,2018,2,-0.1850,-0.1746,-0.1683,-0.2058
PK00066794,2019,7,0.0013,-0.0185,0.0043,0.0000
PK00066794,2020,3,-0.0013,0.0228,-0.0043,0.0000
PK00066794,2021,3,0.0302,0.0185,0.0340,0.0346
PK00066794,2022,9,-0.0301,-0.1134,-0.0275,-0.0357
PK00066794,2024,7,-0.0469,-0.0191,-0.0250,-0.0469
PK00066794,2025,7,-0.1009,-0.1215,-0.0630,-0.1128
PK00066794,2026,14,-0.1646,-0.1641,-0.1518,-0.1661
PK00066796,2018,2,-0.2486,-0.1775,-0.2097,-0.3023
PK00066796,2019,7,0.0084,-0.0096,-0.0047,0.0041
PK00066796,2020,3,-0.0084,0.0456,0.0143,-0.0041
PK00066796,2021,3,0.0265,0.0096,0.0047,0.0330
PK00066796,2022,9,-0.0157,-0.0548,-0.0259,-0.0443
PK00066796,2024,6,-0.0354,-0.0318,-0.0381,-0.0340
PK00066796,2025,7,-0.0491,-0.0716,-0.0571,-0.0837
PK00066796,2026,14,-0.0791,-0.0997,-0.0982,-0.1190
PK00066799,2018,3,-0.0944,-0.0924,-0.0385,-0.0936
PK00066799,2019,7,-0.0024,0.0034,0.0156,-0.0024
PK00066799,2020,3,-0.0029,-0.0257,-0.0156,-0.0043
PK00066799,2021,3,0.0496,0.0103,0.0456,0.0459
PK00066799,2022,9,-0.0495,-0.0191,0.0034,-0.0488
PK00066799,2024,7,0.0024,-0.0034,-0.0283,0.0024
PK00066799,2025,7,-0.0190,-0.0120,0.0187,-0.0221
PK00066799,2026,14,-0.0527,-0.0714,-0.0672,-0.0555
PK00067340,2018,7,-0.1365,-0.1074,-0.0573,-0.1304
PK00067340,2019,9,0.0562,0.0064,0.0260,0.0605
PK00067340,2020,3,0.0000,-0.0134,-0.0396,0.0000
PK00067340,2021,3,0.1196,0.0000,0.0463,0.1178
PK00067340,2022,8,-0.1921,-0.1502,-0.1358,-0.1580
PK00067340,2023,1,-0.0602,0.0007,0.0000,-0.0202
PK00067340,2024,6,-0.1360,-0.1167,-0.0972,-0.1008
PK00067340,2025,8,-0.1310,-0.1532,-0.1179,-0.1159
PK00067340,2026,17,-0.1567,-0.1400,-0.1453,-0.1343
PK00067391,2018,1,-0.4246,-0.1348,-0.2858,-0.3973
PK00067391,2019,6,0.0000,-0.0161,-0.0066,0.0000
PK00067391,2020,4,-0.0356,-0.0550,-0.0149,-0.0332
PK00067391,2021,3,0.0211,0.0090,0.0411,0.0234
PK00067391,2022,9,0.0272,-0.0120,-0.0023,0.0003
PK00067391,2023,2,0.0160,0.0333,0.0354,0.0165
PK00067391,2024,7,-0.0739,0.0000,0.0000,-0.0644
PK00067391,2025,7,0.0192,-0.0160,-0.0146,0.0021
PK00067391,2026,14,0.0150,-0.0007,-0.0146,-0.0061
PK00067395,2018,2,-0.1858,-0.0059,-0.1501,-0.1783
PK00067395,2019,6,-0.0039,-0.0047,-0.0113,0.0000
PK00067395,2020,4,0.0000,-0.0416,0.0000,-0.0017
PK00067395,2021,3,0.0777,0.0189,0.0181,0.0623
PK00067395,2022,9,0.0646,0.0085,-0.0395,0.0193
PK00067395,2023,2,0.0152,0.0644,0.0542,0.0223
PK00067395,2024,7,-0.0241,0.0000,-0.0350,-0.0246
PK00067395,2025,7,0.0090,-0.0506,-0.0535,-0.0224
PK00067395,2026,13,0.0130,-0.0477,-0.0337,-0.0196
PK00067440,2018,2,0.0492,-0.0374,-0.0026,0.0332
PK00067440,2019,6,0.0189,-0.0181,-0.0070,0.0082
PK00067440,2020,3,-0.0189,0.0083,0.0450,-0.0082
PK00067440,2021,4,0.0603,-0.0063,0.0070,0.0403
PK00067440,2022,8,-0.0345,0.0035,0.0320,-0.0239
PK00067440,2024,5,-0.0857,0.0063,-0.0497,-0.0592
PK00067440,2025,7,0.0199,-0.0021,0.0807,0.0187
PK00067440,2026,14,-0.0556,-0.0452,0.0113,-0.0334
PK00067447,2018,1,-0.0333,-0.0020,-0.0049,-0.0371
PK00067447,2019,5,0.0236,0.0000,0.0000,0.0185
PK00067447,2020,3,-0.0563,-0.0903,-0.0606,-0.0618
PK00067447,2021,2,0.0657,-0.0280,0.0354,0.0574
PK00067447,2022,8,-0.0048,0.0139,0.0107,-0.0038
PK00067447,2023,1,0.0000,0.0237,0.0620,-0.0053
PK00067447,2024,6,-0.0071,0.0007,-0.0236,0.0000
PK00067447,2025,6,0.0118,0.0196,0.0156,0.0097
PK00067447,2026,16,-0.0166,0.0032,-0.0284,-0.0153
PK00067448,2018,1,-0.0807,0.0047,0.0054,-0.0951
PK00067448,2019,5,0.0316,0.0000,0.0000,0.0246
PK00067448,2020,3,-0.0885,-0.0904,-0.0597,-0.0935
PK00067448,2021,2,0.1098,-0.0218,0.0391,0.0996
PK00067448,2022,8,0.0014,0.0131,0.0124,0.0069
PK00067448,2023,1,0.0000,0.0229,0.0676,0.0000
PK00067448,2024,6,-0.0571,0.0044,-0.0166,-0.0407
PK00067448,2025,6,0.0237,0.0180,0.0169,0.0254
PK00067448,2026,16,-0.0009,0.0017,-0.0265,0.0103
PK00067548,2018,4,-0.0641,-0.1394,-0.1052,-0.0871
PK00067548,2019,7,0.0107,0.0287,0.0228,0.0239
PK00067548,2020,3,0.0000,-0.0589,0.0000,-0.0013
PK00067548,2021,2,0.0749,0.0000,0.0234,0.0723
PK00067548,2022,7,-0.0328,-0.1708,-0.1159,-0.0542
PK00067548,2023,2,-0.0253,0.0583,-0.0065,0.0000
PK00067548,2024,6,-0.0886,-0.0875,-0.0629,-0.0531
PK00067548,2025,4,-0.0271,-0.1283,-0.1231,-0.0569
PK00067548,2026,15,-0.0522,-0.1048,-0.1142,-0.0917
PK00067556,2018,3,0.0382,-0.0403,0.0024,-0.0476
PK00067556,2019,8,0.0706,0.0609,0.0484,0.0361
PK00067556,2020,4,0.0000,-0.0032,0.0000,0.0000
PK00067556,2021,2,-0.1825,0.0000,-0.0711,-0.1363
PK00067556,2022,6,-0.0300,-0.0453,-0.0507,-0.0796
PK00067556,2023,2,0.0523,0.1410,0.0907,0.0595
PK00067556,2024,6,-0.0548,-0.0110,-0.0215,-0.0436
PK00067556,2025,4,-0.0703,-0.0501,-0.0930,-0.1050
PK00067556,2026,15,-0.2181,-0.0759,-0.1095,-0.2388
PK00067557,2018,4,-0.0052,-0.0179,-0.0030,-0.0448
PK00067557,2019,8,0.0627,0.0673,0.0515,0.0433
PK00067557,2020,4,0.0000,0.0000,0.0000,0.0000
PK00067557,2021,2,-0.1637,-0.0030,-0.0741,-0.1183
PK00067557,2022,7,-0.0488,-0.0332,-0.0528,-0.0745
PK00067557,2023,2,0.0847,0.1491,0.0986,0.0786
PK00067557,2024,6,-0.0385,-0.0110,-0.0184,-0.0368
PK00067557,2025,4,-0.0600,-0.0501,-0.0951,-0.0806
PK00067557,2026,15,-0.1650,-0.0676,-0.0998,-0.1821
PK00067559,2018,3,0.0368,-0.0445,-0.0372,-0.0271
PK00067559,2019,7,0.0079,0.0295,0.0000,0.0107
PK00067559,2020,3,-0.0234,0.0000,-0.0335,-0.0107
PK00067559,2021,2,0.0450,-0.0554,0.0123,0.0395
PK00067559,2022,7,0.0210,-0.0433,-0.0439,-0.0314
PK00067559,2023,2,0.0000,0.0436,0.0106,0.0000
PK00067559,2024,6,-0.0178,-0.0790,-0.0365,-0.0332
PK00067559,2025,4,0.0399,-0.0292,-0.0582,-0.0308
PK00067559,2026,15,0.0212,-0.0258,-0.0770,-0.0727
PK00067596,2018,3,0.0309,-0.0274,0.0039,-0.0464
PK00067596,2019,7,0.0101,0.0223,0.0000,0.0045
PK00067596,2020,3,-0.0047,0.0000,-0.0228,-0.0097
PK00067596,2021,2,0.0476,-0.0481,0.0394,0.0446
PK00067596,2022,7,-0.0171,-0.0259,-0.0017,-0.0726
PK00067596,2023,2,0.0000,0.0486,0.0417,0.0000
PK00067596,2024,6,-0.0290,-0.0583,-0.0033,-0.0430
PK00067596,2025,4,0.0117,-0.0013,-0.0065,-0.0399
PK00067596,2026,15,-0.0431,-0.0387,-0.0511,-0.0904
PK00067599,2018,4,-0.0903,-0.0109,-0.0031,-0.1209
PK00067599,2019,7,-0.0074,0.0071,0.0157,0.0000
PK00067599,2020,3,0.0000,0.0000,-0.0060,-0.0125
PK00067599,2021,2,0.0026,-0.0754,0.0000,0.0107
PK00067599,2022,7,-0.0728,-0.0195,-0.0048,-0.1118
PK00067599,2023,2,0.0439,0.0633,0.0451,0.0275
PK00067599,2024,6,-0.0656,-0.0700,-0.0507,-0.0591
PK00067599,2025,4,-0.0526,-0.0524,-0.0857,-0.0907
PK00067599,2026,15,-0.1461,-0.0285,-0.0744,-0.1575
PK00067601,2018,4,-0.1885,-0.1476,-0.1905,-0.1672
PK00067601,2019,7,0.0000,0.0781,0.0000,0.0063
PK00067601,2020,3,-0.0481,-0.0179,-0.0720,-0.0305
PK00067601,2021,2,0.0242,0.0000,0.0022,0.0159
PK00067601,2022,7,-0.1703,-0.1038,-0.1233,-0.1271
PK00067601,2023,2,0.0050,0.1062,0.0499,0.0000
PK00067601,2024,6,-0.0927,-0.0466,-0.0400,-0.0631
PK00067601,2025,5,-0.1470,-0.1543,-0.1733,-0.1339
PK00067601,2026,15,-0.2107,-0.1164,-0.1631,-0.1842
PK00067679,2018,4,0.0219,-0.0432,-0.0146,-0.0445
PK00067679,2019,8,0.0688,0.0580,0.0599,0.0566
PK00067679,2020,4,0.0000,0.0081,-0.0051,0.0000
PK00067679,2021,1,0.0691,-0.0272,0.0559,0.0748
PK00067679,2022,5,-0.1129,-0.0308,-0.0274,-0.1047
PK00067679,2023,2,-0.0065,0.0000,0.0000,-0.0325
PK00067679,2024,6,-0.0395,-0.0072,-0.0039,-0.0374
PK00067679,2025,4,-0.0473,-0.0282,-0.0360,-0.0958
PK00067679,2026,16,-0.0403,-0.0119,-0.0183,-0.1061
PK00067680,2018,3,-0.0289,-0.0414,-0.0199,-0.0085
PK00067680,2019,8,0.0576,0.0536,0.0450,0.0597
PK00067680,2020,4,-0.0148,0.0079,0.0000,-0.0009
PK00067680,2021,1,0.1080,-0.0188,0.0499,0.0993
PK00067680,2022,5,-0.1203,0.0046,-0.0165,-0.0848
PK00067680,2023,2,-0.0158,0.0000,-0.0048,-0.0062
PK00067680,2024,6,0.0000,-0.0044,-0.0016,0.0000
PK00067680,2025,4,-0.0187,-0.0237,-0.0272,-0.0277
PK00067680,2026,16,0.0005,-0.0013,-0.0246,-0.0381
PK00067685,2018,5,-0.0110,-0.0253,-0.0161,-0.1029
PK00067685,2019,8,0.0291,0.0505,0.0513,0.0063
PK00067685,2020,4,0.0000,-0.0469,-0.0213,-0.0265
PK00067685,2021,1,-0.0311,-0.0538,0.0000,0.0034
PK00067685,2022,5,-0.0021,-0.0334,-0.0490,-0.0742
PK00067685,2023,2,0.0163,0.0505,0.0318,0.0000
PK00067685,2024,6,-0.0122,0.0000,-0.0209,-0.0391
PK00067685,2025,4,0.0198,-0.0210,-0.0529,-0.0872
PK00067685,2026,16,-0.0253,-0.0208,-0.0585,-0.1180
PK00067686,2018,5,0.0023,-0.0836,-0.0798,-0.0410
PK00067686,2019,8,0.0000,0.0381,0.0000,0.0049
PK00067686,2020,4,0.0074,-0.0102,-0.0289,-0.0032
PK00067686,2021,1,-0.0417,0.0000,0.0162,0.0000
PK00067686,2022,5,-0.0055,-0.0590,-0.0631,-0.0434
PK00067686,2023,2,0.0274,0.0641,0.0269,0.0214
PK00067686,2024,6,-0.0361,-0.0217,-0.0631,-0.0393
PK00067686,2025,4,-0.0379,-0.0660,-0.0787,-0.0744
PK00067686,2026,16,-0.0699,-0.0491,-0.0924,-0.0995
PK00067689,2018,5,-0.0309,-0.0038,-0.0088,-0.0738
PK00067689,2019,8,0.0701,0.0511,0.0369,0.0285
PK00067689,2020,4,-0.0159,0.0000,-0.0567,-0.0260
PK00067689,2021,1,0.0000,-0.0420,0.0000,0.0000
PK00067689,2022,5,-0.0128,-0.0067,-0.0176,-0.0290
PK00067689,2023,2,0.0204,0.0684,0.0564,0.0057
PK00067689,2024,6,-0.0260,-0.0489,-0.0594,-0.0337
PK00067689,2025,4,0.0086,-0.0298,-0.0118,-0.0646
PK00067689,2026,16,-0.0293,-0.0491,-0.0682,-0.0866
PK00067693,2018,4,0.0084,-0.0998,-0.0996,-0.0755
PK00067693,2019,8,0.0116,0.0316,0.0000,0.0019
PK00067693,2020,4,-0.0407,-0.0389,-0.0395,-0.0367
PK00067693,2021,1,0.0606,0.0000,0.0118,0.0660
PK00067693,2022,5,-0.0276,-0.1079,-0.1057,-0.0972
PK00067693,2023,2,0.0000,0.0794,0.0027,0.0000
PK00067693,2024,6,-0.0174,-0.0219,-0.0893,-0.0429
PK00067693,2025,4,0.0258,-0.0853,-0.0953,-0.0586
PK00067693,2026,16,-0.0096,-0.0449,-0.0950,-0.0965
PK00067701,2018,4,0.0213,-0.0434,-0.0174,-0.0030
PK00067701,2019,8,0.0000,0.0150,0.0000,0.0000
PK00067701,2020,3,-0.0266,-0.0190,-0.0472,-0.0256
PK00067701,2021,1,0.0214,-0.0432,0.0072,0.0055
PK00067701,2022,5,0.0056,0.0088,-0.0196,0.0040
PK00067701,2023,2,0.0397,0.0418,0.0062,0.0222
PK00067701,2024,7,-0.0309,0.0000,-0.0209,-0.0338
PK00067701,2025,4,0.0246,0.0214,-0.0256,0.0094
PK00067701,2026,16,-0.0105,0.0012,-0.0297,-0.0207
PK00067741,2018,5,-0.1125,-0.0951,-0.0401,-0.1475
PK00067741,2019,8,0.0039,-0.0059,0.0000,0.0000
PK00067741,2020,2,-0.0921,-0.0403,-0.0572,-0.0814
PK00067741,2021,1,0.0453,0.0364,0.0503,0.0618
PK00067741,2022,5,-0.0622,-0.0704,-0.0603,-0.0892
PK00067741,2023,2,0.0000,0.0715,0.0525,0.0194
PK00067741,2024,7,-0.0413,0.0000,-0.0410,-0.0282
PK00067741,2025,5,-0.0129,-0.0115,-0.0307,-0.0319
PK00067741,2026,16,-0.0428,-0.0136,-0.0397,-0.0701
PK00067742,2018,5,0.0072,-0.0995,-0.0444,-0.0535
PK00067742,2019,7,0.0077,0.0078,0.0097,0.0000
PK00067742,2020,3,-0.0366,0.0000,-0.0572,-0.0333
PK00067742,2021,1,0.0400,-0.0217,0.0000,0.0387
PK00067742,2022,5,-0.0497,-0.0568,-0.0922,-0.0947
PK00067742,2023,2,0.0000,0.0443,0.0446,0.0042
PK00067742,2024,7,-0.0840,-0.0160,-0.0895,-0.0984
PK00067742,2025,5,0.0145,0.0091,-0.0343,-0.0253
PK00067742,2026,16,-0.0224,-0.0363,-0.0704,-0.0512
PK00067745,2018,4,-0.0554,-0.0794,0.0087,-0.0503
PK00067745,2019,8,0.0000,0.0217,0.0214,0.0200
PK00067745,2020,3,0.0104,0.0102,0.0034,0.0000
PK00067745,2021,2,-0.3392,-0.1252,-0.1710,-0.2429
PK00067745,2022,5,-0.0547,-0.1037,-0.0633,-0.0544
PK00067745,2023,2,0.0204,0.0000,0.0000,0.0280
PK00067745,2024,7,-0.1224,-0.0565,-0.0053,-0.0680
PK00067745,2025,5,-0.0264,-0.0276,-0.0040,-0.0179
PK00067745,2026,16,-0.0918,-0.0941,-0.0908,-0.0721
PK00067754,2018,5,-0.0258,-0.0357,-0.0243,-0.0258
PK00067754,2019,7,0.0165,0.0073,0.0042,0.0209
PK00067754,2020,3,-0.1609,-0.0416,-0.1228,-0.1442
PK00067754,2021,1,0.0632,-0.0251,0.0162,0.0623
PK00067754,2022,5,-0.0380,-0.0504,-0.0604,-0.0371
PK00067754,2023,2,0.0000,0.0175,0.0000,0.0000
PK00067754,2024,7,-0.0226,0.0000,-0.0587,-0.0216
PK00067754,2025,5,0.0110,-0.0219,-0.0282,-0.0005
PK00067754,2026,16,-0.0348,-0.0344,-0.0447,-0.0402
PK00067755,2018,4,0.0145,-0.0189,0.0251,0.0230
PK00067755,2019,7,0.0597,0.0155,0.0479,0.0555
PK00067755,2020,3,-0.0702,-0.0901,-0.0744,-0.0595
PK00067755,2021,2,-0.0031,-0.0818,-0.0284,0.0000
PK00067755,2022,5,-0.0223,-0.0195,-0.0465,-0.0226
PK00067755,2023,2,0.0515,0.0373,0.0769,0.0491
PK00067755,2024,7,0.0000,0.0000,0.0000,-0.0046
PK00067755,2025,5,0.0466,-0.0111,0.0273,0.0314
PK00067755,2026,16,-0.0034,-0.0331,0.0132,-0.0051
PK00067756,2018,5,-0.0057,-0.0377,-0.0060,-0.0082
PK00067756,2019,8,0.0249,0.0329,0.0429,0.0260
PK00067756,2020,4,-0.1307,-0.0204,-0.0502,-0.1047
PK00067756,2021,2,0.0000,-0.0584,-0.0092,0.0000
PK00067756,2022,6,-0.0274,-0.0113,-0.0258,-0.0263
PK00067756,2023,2,0.0320,0.0000,0.0000,0.0253
PK00067756,2024,7,-0.0476,0.0095,0.0043,-0.0337
PK00067756,2025,6,0.0005,-0.0571,-0.0053,-0.0115
PK00067756,2026,16,-0.0091,-0.0227,0.0030,-0.0212
PK00067757,2018,5,0.0401,-0.0554,0.0101,0.0275
PK00067757,2019,7,0.0594,0.0254,0.0209,0.0536
PK00067757,2020,3,-0.0183,-0.0808,-0.0349,-0.0409
PK00067757,2021,2,-0.0933,-0.1169,-0.1302,-0.0876
PK00067757,2022,5,0.0106,-0.0561,-0.0380,0.0085
PK00067757,2023,2,0.0391,0.0213,0.0265,0.0374
PK00067757,2024,7,0.0000,0.0000,0.0000,0.0000
PK00067757,2025,5,0.0631,-0.0097,-0.0331,0.0507
PK00067757,2026,16,0.0333,-0.0332,-0.0263,0.0142
PK00067758,2018,4,0.0109,-0.0194,0.0154,-0.0037
PK00067758,2019,7,0.0366,0.0254,0.0300,0.0375
PK00067758,2020,3,-0.0517,-0.0636,-0.0234,-0.0730
PK00067758,2021,2,-0.0025,0.0000,-0.0117,0.0000
PK00067758,2022,5,0.0016,0.0102,-0.0007,0.0074
PK00067758,2023,2,0.0142,-0.0056,0.0000,0.0227
PK00067758,2024,7,0.0000,0.0424,0.0076,-0.0007
PK00067758,2025,6,0.0063,0.0198,-0.0236,0.0068
PK00067758,2026,16,0.0124,-0.0025,-0.0251,-0.0001
PK00067759,2018,3,0.0031,-0.0925,0.0157,-0.0331
PK00067759,2019,7,0.0245,0.0100,0.0268,0.0198
PK00067759,2020,3,-0.0745,-0.0265,-0.0200,-0.0853
PK00067759,2021,2,0.0524,0.0000,0.0144,0.0187
PK00067759,2022,6,0.0140,-0.0176,-0.0302,-0.0100
PK00067759,2023,2,-0.0122,-0.0132,-0.0209,-0.0092
PK00067759,2024,7,0.0000,0.0250,0.0000,0.0000
PK00067759,2025,6,0.0279,-0.0328,-0.0341,0.0024
PK00067759,2026,16,0.0295,-0.0273,-0.0238,0.0037
PK00067761,2018,6,-0.1565,-0.1252,-0.1349,-0.1690
PK00067761,2019,9,0.0000,0.0496,0.0211,0.0009
PK00067761,2020,3,-0.0574,-0.0484,-0.0606,-0.0585
PK00067761,2021,2,0.0068,0.0000,0.0000,0.0120
PK00067761,2022,6,-0.0977,-0.0896,-0.1180,-0.1196
PK00067761,2023,2,0.0012,0.1316,0.0554,0.0000
PK00067761,2024,7,-0.0395,-0.0206,-0.0721,-0.0614
PK00067761,2025,5,-0.0732,-0.0923,-0.1287,-0.1239
PK00067761,2026,17,-0.1217,-0.0511,-0.1853,-0.1663
PK00067762,2018,6,-0.0423,-0.0909,-0.1046,-0.1044
PK00067762,2019,9,0.0388,0.0554,0.0276,0.0181
PK00067762,2020,3,-0.0324,-0.0451,-0.0512,-0.0539
PK00067762,2021,2,0.0440,-0.0097,0.0000,0.0289
PK00067762,2022,6,-0.0200,-0.0561,-0.0897,-0.0820
PK00067762,2023,1,0.0000,0.1345,0.0509,0.0000
PK00067762,2024,7,-0.0524,0.0000,-0.0596,-0.0755
PK00067762,2025,5,-0.0068,-0.0606,-0.0879,-0.0921
PK00067762,2026,17,-0.0768,-0.0417,-0.1398,-0.1432
PK00067766,2018,6,0.0003,-0.1367,-0.0918,-0.0744
PK00067766,2019,8,0.0473,0.0639,0.0261,0.0399
PK00067766,2020,2,-0.2427,-0.0220,-0.1411,-0.2442
PK00067766,2021,2,0.0422,0.0220,0.0566,0.0624
PK00067766,2022,6,-0.0585,-0.0859,-0.0659,-0.0930
PK00067766,2024,6,-0.0422,-0.0428,-0.0261,-0.0399
PK00067766,2025,5,-0.0072,-0.0545,-0.0683,-0.0831
PK00067766,2026,17,-0.0185,-0.0198,-0.0632,-0.0673
PK00067770,2018,6,-0.1663,-0.1121,-0.1077,-0.1391
PK00067770,2019,8,0.0000,0.0131,0.0000,0.0000
PK00067770,2020,2,-0.0338,-0.0233,-0.0067,-0.0295
PK00067770,2021,2,0.0556,0.0000,0.0408,0.0424
PK00067770,2022,6,-0.0892,-0.0711,-0.0567,-0.0759
PK00067770,2023,1,0.0827,0.0242,0.0260,0.0599
PK00067770,2024,6,-0.0091,-0.0363,-0.0119,-0.0019
PK00067770,2025,5,-0.1165,-0.0649,-0.0484,-0.0959
PK00067770,2026,17,-0.0547,-0.0454,-0.0449,-0.0424
PK00067771,2018,6,-0.0522,-0.1965,-0.1268,-0.1068
PK00067771,2019,8,0.0000,0.0000,0.0000,0.0000
PK00067771,2020,2,-0.1052,-0.0465,-0.0696,-0.0785
PK00067771,2021,2,0.0666,0.0083,0.0357,0.0388
PK00067771,2022,6,-0.0650,-0.1532,-0.0846,-0.0919
PK00067771,2023,1,0.1211,0.0985,0.1277,0.0232
PK00067771,2024,6,-0.0358,-0.0390,-0.0124,-0.0359
PK00067771,2025,5,-0.0307,-0.1131,-0.0479,-0.0741
PK00067771,2026,17,-0.0418,-0.1144,-0.0593,-0.0737
PK00067772,2018,6,-0.0320,-0.1539,-0.1114,-0.0864
PK00067772,2019,8,0.0000,0.0000,0.0000,0.0000
PK00067772,2020,2,-0.1341,-0.0384,-0.0476,-0.1124
PK00067772,2021,2,0.0445,0.0098,0.0397,0.0297
PK00067772,2022,6,-0.0461,-0.1117,-0.0475,-0.0820
PK00067772,2023,1,0.2809,0.1892,0.2362,0.0132
PK00067772,2024,6,-0.0011,-0.0264,-0.0006,-0.0256
PK00067772,2025,5,0.0051,-0.0758,-0.0238,-0.0635
PK00067772,2026,17,0.0011,-0.0907,-0.0345,-0.0612
PK00067773,2018,6,-0.0589,-0.1698,-0.0676,-0.1022
PK00067773,2019,8,0.0000,0.0000,0.0000,0.0000
PK00067773,2020,2,-0.2100,-0.0181,-0.0922,-0.1436
PK00067773,2021,3,0.0582,0.0370,0.0229,0.0330
PK00067773,2022,6,-0.0773,-0.1500,-0.0640,-0.0946
PK00067773,2023,1,0.1390,0.1386,0.1239,0.0182
PK00067773,2024,6,-0.0047,-0.0031,-0.0069,-0.0197
PK00067773,2025,5,-0.0041,-0.0762,-0.0553,-0.0619
PK00067773,2026,17,-0.0309,-0.0670,-0.0326,-0.0708
PK00067775,2018,6,-0.0971,-0.2083,-0.1627,-0.0931
PK00067775,2019,8,0.0000,0.0213,0.0000,0.0000
PK00067775,2020,2,-0.1905,-0.0477,-0.1156,-0.1335
PK00067775,2021,2,0.0830,0.0000,0.0469,0.0598
PK00067775,2022,6,-0.1297,-0.2123,-0.1818,-0.1094
PK00067775,2023,1,0.0055,0.1014,0.0322,0.0167
PK00067775,2024,6,-0.0063,-0.0238,-0.0379,-0.0186
PK00067775,2025,5,-0.0490,-0.1967,-0.1381,-0.0727
PK00067775,2026,17,-0.0701,-0.1599,-0.1327,-0.0760
PK00067776,2018,6,-0.0875,-0.1949,-0.1511,-0.0884
PK00067776,2019,8,0.0000,0.0282,0.0000,0.0000
PK00067776,2020,2,-0.2057,-0.0328,-0.1097,-0.1727
PK00067776,2021,2,0.0595,0.0000,0.0306,0.0516
PK00067776,2022,6,-0.1201,-0.2054,-0.1770,-0.1172
PK00067776,2023,1,0.0007,0.0888,0.0273,0.0052
PK00067776,2024,6,-0.0199,-0.0343,-0.0419,-0.0154
PK00067776,2025,5,-0.0717,-0.1702,-0.1390,-0.0808
PK00067776,2026,17,-0.0928,-0.1488,-0.1337,-0.0974
PK00067777,2018,6,-0.1316,-0.2855,-0.1756,-0.1337
PK00067777,2019,9,0.0112,0.0173,0.0000,0.0000
PK00067777,2020,2,-0.3830,-0.0386,-0.1410,-0.2756
PK00067777,2021,2,0.0940,0.0000,0.0498,0.0650
PK00067777,2022,6,-0.1982,-0.3035,-0.1845,-0.1570
PK00067777,2023,1,0.0000,0.1140,0.0743,0.0030
PK00067777,2024,6,-0.0317,-0.0519,-0.0281,-0.0359
PK00067777,2025,5,-0.0820,-0.2015,-0.1574,-0.0919
PK00067777,2026,17,-0.1336,-0.1904,-0.1513,-0.1226
PK00067778,2018,6,-0.0138,-0.1127,-0.0450,-0.0427
PK00067778,2019,9,-0.0046,0.0000,0.0000,-0.0009
PK00067778,2020,2,-0.2972,-0.0319,-0.1003,-0.2097
PK00067778,2021,2,0.0787,-0.0232,0.0065,0.0569
PK00067778,2022,6,-0.0448,-0.1177,-0.0863,-0.0583
PK00067778,2023,1,0.0279,0.0359,-0.0207,0.0254
PK00067778,2024,6,0.0000,0.0097,0.0078,0.0000
PK00067778,2025,5,-0.0071,-0.0932,-0.0601,-0.0399
PK00067778,2026,17,-0.0566,-0.0972,-0.0769,-0.0731
PK00067779,2018,6,-0.0021,-0.0420,-0.0024,-0.0498
PK00067779,2019,9,0.0000,0.0084,0.0029,0.0022
PK00067779,2020,2,-0.2208,-0.0475,-0.1120,-0.1963
PK00067779,2021,2,0.0494,-0.0165,0.0000,0.0365
PK00067779,2022,6,-0.0196,-0.0304,-0.0602,-0.0586
PK00067779,2023,1,0.0025,0.0118,0.0233,0.0000
PK00067779,2024,6,-0.0052,0.0000,-0.0041,-0.0155
PK00067779,2025,5,0.0015,-0.0084,-0.0089,-0.0500
PK00067779,2026,17,-0.0247,-0.0632,-0.0165,-0.0690
PK00067780,2018,6,-0.0695,-0.0805,-0.0297,-0.0907
PK00067780,2019,9,0.0064,0.0000,0.0000,0.0000
PK00067780,2020,2,-0.1666,-0.0086,-0.0403,-0.1454
PK00067780,2021,2,0.0502,-0.0428,0.0000,0.0376
PK00067780,2022,6,-0.0692,-0.0948,-0.0713,-0.0841
PK00067780,2023,1,0.0000,0.0394,0.0509,0.0210
PK00067780,2024,6,-0.0134,0.0154,0.0123,-0.0214
PK00067780,2025,5,-0.0119,-0.0915,-0.0728,-0.0414
PK00067780,2026,17,-0.0671,-0.0736,-0.0490,-0.0783
PK00067781,2018,6,-0.0232,-0.0897,-0.0311,-0.0655
PK00067781,2019,9,0.0142,0.0000,-0.0014,0.0000
PK00067781,2020,2,-0.0745,-0.0075,-0.0306,-0.0796
PK00067781,2021,2,0.0579,-0.0551,0.0000,0.0401
PK00067781,2022,6,-0.0243,-0.1165,-0.0740,-0.0568
PK00067781,2023,1,0.0000,0.0448,0.0646,0.0233
PK00067781,2024,6,-0.0193,0.0068,0.0134,-0.0332
PK00067781,2025,5,0.0028,-0.1121,-0.0843,-0.0341
PK00067781,2026,17,-0.0308,-0.0867,-0.0534,-0.0565
PK00067782,2018,6,-0.0158,-0.1292,-0.0774,-0.0745
PK00067782,2019,9,0.0205,0.0437,0.0291,0.0129
PK00067782,2020,2,-0.0614,-0.0427,-0.0262,-0.0430
PK00067782,2021,2,0.0482,-0.0328,-0.0172,0.0287
PK00067782,2022,6,0.0006,-0.0839,-0.0515,-0.0598
PK00067782,2024,6,-0.0205,0.0328,0.0172,-0.0129
PK00067782,2025,5,-0.0040,-0.1114,-0.0998,-0.0542
PK00067782,2026,17,-0.0329,-0.0959,-0.1083,-0.0784
PK00068224,2018,7,0.0568,-0.1514,-0.0469,-0.0685
PK00068224,2019,11,0.0332,0.0454,0.0376,0.0114
PK00068224,2020,4,-0.0099,0.0000,0.0000,-0.0143
PK00068224,2021,3,0.0412,0.0296,0.0196,0.0157
PK00068224,2022,8,0.0627,-0.0355,0.0076,-0.0184
PK00068224,2023,1,0.0000,-0.0113,-0.0008,0.0000
PK00068224,2024,6,-0.0120,-0.0191,-0.0659,-0.0541
PK00068224,2025,6,0.0929,-0.0448,-0.0193,-0.0309
PK00068224,2026,16,0.0839,-0.0151,-0.0400,-0.0284
PK00068319,2018,4,-0.0088,-0.0700,-0.0635,-0.0399
PK00068319,2019,9,0.0000,0.0070,0.0012,0.0000
PK00068319,2020,3,0.0049,0.0000,-0.0250,0.0054
PK00068319,2021,2,0.0221,-0.0255,0.0118,0.0458
PK00068319,2022,6,-0.0541,-0.0613,-0.0597,-0.0455
PK00068319,2023,1,-0.0662,0.0486,0.0000,-0.0368
PK00068319,2024,7,-0.0804,-0.0254,-0.0821,-0.0436
PK00068319,2025,5,-0.1053,-0.0814,-0.1268,-0.0924
PK00068319,2026,16,-0.2024,-0.0915,-0.1571,-0.1610
PK00068332,2018,6,0.0225,-0.1666,-0.0864,-0.1060
PK00068332,2019,8,0.0000,0.0123,0.0107,0.0000
PK00068332,2020,2,-0.0636,-0.0148,-0.0390,-0.0705
PK00068332,2021,2,0.0245,0.0000,0.0824,0.0325
PK00068332,2022,6,0.0184,-0.1058,-0.1362,-0.0835
PK00068332,2023,1,0.0103,0.0292,0.0000,0.0088
PK00068332,2024,6,-0.0191,-0.0657,-0.0627,-0.0411
PK00068332,2025,5,0.0557,-0.0574,-0.0610,-0.0431
PK00068332,2026,17,0.0140,-0.0474,-0.0794,-0.0524
PK00068333,2018,5,0.0258,-0.0602,-0.0017,-0.0794
PK00068333,2019,8,0.0000,0.0063,0.0095,0.0000
PK00068333,2020,2,-0.0975,-0.0507,-0.0268,-0.0856
PK00068333,2021,2,0.0288,-0.0411,0.0000,0.0331
PK00068333,2022,6,-0.0283,-0.0464,0.0004,-0.0818
PK00068333,2023,1,0.0345,0.0517,0.0701,0.0297
PK00068333,2024,6,-0.0346,0.0000,-0.0021,-0.0411
PK00068333,2025,5,0.0226,-0.0549,-0.0314,-0.0271
PK00068333,2026,17,-0.0028,-0.0337,-0.0136,-0.0589
PK00068334,2018,5,0.0128,-0.0896,-0.0485,-0.0678
PK00068334,2019,8,0.0000,0.0067,0.0000,0.0000
PK00068334,2020,2,-0.2054,-0.0486,-0.0438,-0.1462
PK00068334,2021,2,0.0555,0.0000,0.0159,0.0386
PK00068334,2022,6,-0.0067,-0.0605,-0.0367,-0.0576
PK00068334,2023,1,0.0594,0.0424,0.0413,0.0433
PK00068334,2024,6,-0.0324,-0.0233,-0.0393,-0.0343
PK00068334,2025,5,0.0199,-0.0714,-0.0619,-0.0404
PK00068334,2026,17,-0.0106,-0.0692,-0.0539,-0.0658
PK00068335,2018,5,0.0500,-0.0324,0.0563,-0.0471
PK00068335,2019,8,0.0000,-0.0004,0.0321,0.0000
PK00068335,2020,2,-0.2226,-0.0324,-0.0432,-0.1397
PK00068335,2021,2,0.0087,0.0523,0.1148,0.0161
PK00068335,2022,6,-0.0202,0.0188,0.0272,-0.0419
PK00068335,2023,1,0.0045,0.0347,0.0000,0.0216
PK00068335,2024,6,-0.0866,0.0000,-0.0515,-0.0609
PK00068335,2025,5,0.0240,0.0306,0.0506,-0.0425
PK00068335,2026,17,-0.0386,-0.0016,-0.0012,-0.0725
PK00068336,2018,5,0.0223,-0.1021,-0.0708,-0.0265
PK00068336,2019,8,0.0000,0.0000,0.0000,0.0000
PK00068336,2020,2,-0.1562,-0.0306,-0.0437,-0.1349
PK00068336,2021,2,0.0506,0.0436,0.0737,0.0430
PK00068336,2022,6,-0.0366,-0.0900,-0.0831,-0.0553
PK00068336,2023,1,0.0240,0.0490,0.0206,0.0237
PK00068336,2024,7,-0.0474,-0.0239,-0.0630,-0.0472
PK00068336,2025,5,0.0094,-0.0644,-0.0360,-0.0235
PK00068336,2026,17,-0.0335,-0.0584,-0.0644,-0.0607
PK00068337,2018,5,0.0331,-0.0960,0.0319,-0.0539
PK00068337,2019,8,0.0000,-0.0126,-0.0028,0.0000
PK00068337,2020,2,-0.1257,-0.0908,-0.0780,-0.0983
PK00068337,2021,2,0.0883,0.0134,0.0472,0.0540
PK00068337,2022,6,0.0053,-0.0676,-0.0467,-0.0472
PK00068337,2023,1,0.0682,0.0432,0.0630,0.0488
PK00068337,2024,7,-0.0743,0.0000,0.0000,-0.0604
PK00068337,2025,5,0.0658,-0.0892,-0.0643,-0.0048
PK00068337,2026,17,0.0198,-0.0719,-0.0173,-0.0396
PK00068338,2018,5,0.0321,-0.0760,0.0418,-0.0506
PK00068338,2019,9,0.0000,-0.0489,-0.0358,0.0000
PK00068338,2020,2,-0.1090,-0.1028,-0.0989,-0.0895
PK00068338,2021,2,0.0892,0.0000,0.0333,0.0468
PK00068338,2022,6,-0.0327,-0.0626,-0.0346,-0.0750
PK00068338,2023,1,0.0706,0.0281,0.0511,0.0409
PK00068338,2024,7,-0.0719,0.0001,0.0000,-0.0661
PK00068338,2025,5,0.0450,-0.0694,-0.0625,-0.0234
PK00068338,2026,17,-0.0264,-0.0625,-0.0194,-0.0559
PK00068339,2018,5,0.0534,-0.1024,-0.0201,-0.0363
PK00068339,2019,8,0.0000,0.0000,0.0032,0.0000
PK00068339,2020,2,-0.1405,-0.0478,-0.0456,-0.1225
PK00068339,2021,2,0.0638,0.0039,0.0317,0.0428
PK00068339,2022,6,0.0090,-0.0782,-0.0711,-0.0537
PK00068339,2023,1,0.0405,0.0429,0.0000,0.0272
PK00068339,2024,7,-0.0963,-0.0277,-0.0398,-0.0895
PK00068339,2025,5,0.0235,-0.0542,-0.0701,-0.0289
PK00068339,2026,17,-0.0170,-0.0442,-0.0531,-0.0682
PK00068340,2018,6,0.0663,-0.1278,-0.0320,-0.0320
PK00068340,2019,9,0.0000,0.0000,0.0000,0.0000
PK00068340,2020,2,-0.2386,-0.0518,-0.0822,-0.1967
PK00068340,2021,3,0.0098,0.0375,0.0805,0.0066
PK00068340,2022,6,0.0118,-0.0506,-0.0372,-0.0501
PK00068340,2023,1,0.0361,0.0483,0.0606,0.0285
PK00068340,2024,7,-0.0392,-0.0137,-0.0281,-0.0428
PK00068340,2025,5,0.0571,-0.0048,0.0036,-0.0184
PK00068340,2026,17,-0.0097,-0.0455,-0.0223,-0.0560
PK00068341,2018,6,0.0056,-0.1491,-0.0536,-0.0419
PK00068341,2019,9,0.0000,0.0000,0.0000,0.0000
PK00068341,2020,2,-0.2280,-0.0568,-0.0829,-0.1935
PK00068341,2021,3,0.0054,0.0369,0.0578,0.0070
PK00068341,2022,6,-0.0681,-0.0850,-0.0666,-0.0762
PK00068341,2023,1,0.0176,0.0405,0.0435,0.0191
PK00068341,2024,7,-0.0371,-0.0220,-0.0466,-0.0345
PK00068341,2025,5,-0.0004,-0.0409,-0.0218,-0.0361
PK00068341,2026,17,-0.0444,-0.0629,-0.0465,-0.0520
PK00068342,2018,6,-0.0434,-0.1033,-0.0112,-0.0809
PK00068342,2019,8,0.0000,0.0167,0.0403,0.0000
PK00068342,2020,2,-0.1769,-0.0549,-0.0575,-0.1428
PK00068342,2021,3,0.0245,0.0000,0.0530,0.0088
PK00068342,2022,6,-0.0585,-0.0957,-0.0640,-0.0813
PK00068342,2023,1,0.0238,0.0183,0.0000,0.0132
PK00068342,2024,6,-0.0463,-0.0088,-0.0085,-0.0439
PK00068342,2025,5,0.0179,-0.1242,-0.0758,-0.0434
PK00068342,2026,17,-0.0309,-0.0673,-0.0141,-0.0595
PK00068343,2018,6,-0.0233,-0.1070,-0.0426,-0.0720
PK00068343,2019,8,0.0000,0.0247,0.0245,0.0000
PK00068343,2020,2,-0.2078,-0.0650,-0.1195,-0.1228
PK00068343,2021,3,0.0564,0.0000,0.0421,0.0161
PK00068343,2022,6,-0.0353,-0.1036,-0.1148,-0.0722
PK00068343,2023,1,0.0473,0.0408,-0.0426,0.0148
PK00068343,2024,5,-0.0334,-0.0057,0.0000,-0.0164
PK00068343,2025,5,-0.0063,-0.1352,-0.1031,-0.0552
PK00068343,2026,17,-0.0346,-0.0681,-0.0803,-0.0696
PK00068344,2018,6,-0.0318,-0.0823,-0.0427,-0.0508
PK00068344,2019,8,0.0000,0.0000,0.0270,0.0000
PK00068344,2020,2,-0.1555,-0.0489,-0.0594,-0.1302
PK00068344,2021,3,0.0454,-0.0194,0.0000,0.0270
PK00068344,2022,6,-0.0459,-0.0612,-0.0646,-0.0507
PK00068344,2023,1,0.0219,0.0366,0.0053,0.0186
PK00068344,2024,5,-0.0371,0.0066,-0.0160,-0.0312
PK00068344,2025,6,-0.0254,-0.0716,-0.0791,-0.0453
PK00068344,2026,17,-0.0321,-0.0606,-0.0534,-0.0558
PK00068345,2018,6,0.0439,-0.0634,-0.0186,-0.0230
PK00068345,2019,8,0.0000,0.0000,0.0000,0.0000
PK00068345,2020,2,-0.2374,-0.0722,-0.0886,-0.1577
PK00068345,2021,3,0.1008,-0.0024,0.0360,0.0199
PK00068345,2022,6,-0.0066,-0.0731,-0.0428,-0.0372
PK00068345,2023,1,0.0686,0.0271,0.0764,0.0245
PK00068345,2024,6,-0.0247,0.0208,-0.0402,-0.0363
PK00068345,2025,6,0.0492,-0.0085,-0.0174,-0.0158
PK00068345,2026,17,0.0142,-0.0379,-0.0181,-0.0400
PK00068346,2018,6,-0.0490,-0.1310,-0.0791,-0.0684
PK00068346,2019,9,0.0000,-0.0121,0.0000,0.0000
PK00068346,2020,2,-0.1240,-0.0487,-0.0733,-0.1158
PK00068346,2021,3,0.0615,0.0173,0.0321,0.0410
PK00068346,2022,6,-0.0758,-0.1298,-0.0757,-0.0763
PK00068346,2023,1,0.0331,0.0528,0.0599,0.0213
PK00068346,2024,6,-0.0329,0.0000,-0.0615,-0.0398
PK00068346,2025,6,0.0096,-0.0575,-0.0570,-0.0198
PK00068346,2026,17,-0.0248,-0.0792,-0.0614,-0.0564
PK00068366,2018,2,-0.1077,-0.0521,-0.0099,-0.0859
PK00068366,2019,5,0.0000,-0.0283,0.0000,0.0000
PK00068366,2020,3,-0.0392,-0.0907,-0.0704,-0.0588
PK00068366,2021,2,0.1254,0.0010,-0.0388,0.0463
PK00068366,2022,9,-0.0082,0.0037,-0.0293,-0.0357
PK00068366,2023,1,-0.0070,0.0000,0.0111,-0.0364
PK00068366,2024,5,0.0150,0.0771,0.0220,0.0539
PK00068366,2025,8,0.0690,0.0707,0.0266,0.0305
PK00068366,2026,16,0.0574,0.0535,0.0068,0.0272
PK00068374,2018,2,0.0375,-0.0147,0.0053,0.0113
PK00068374,2019,6,0.0355,0.0000,-0.0290,0.0302
PK00068374,2020,2,-0.0665,-0.0377,-0.0411,-0.0856
PK00068374,2021,2,0.0771,-0.0039,0.0000,0.0278
PK00068374,2022,9,0.0094,0.0036,-0.0421,-0.0070
PK00068374,2023,1,0.0000,0.0319,0.0168,-0.0238
PK00068374,2024,6,-0.0106,0.0260,0.0034,0.0000
PK00068374,2025,7,0.0416,0.0338,0.0082,0.0202
PK00068374,2026,17,0.0071,0.0318,-0.0232,-0.0035
PK00068382,2018,3,-0.0926,-0.0417,-0.0251,-0.0813
PK00068382,2019,6,0.0513,0.0229,0.0000,0.0386
PK00068382,2020,3,-0.0685,0.0015,-0.0668,-0.0784
PK00068382,2021,2,0.1789,0.0000,0.0456,0.1499
PK00068382,2022,9,0.0347,0.0190,0.0017,0.0066
PK00068382,2023,1,0.0000,-0.0154,-0.0156,0.0000
PK00068382,2024,6,-0.0146,-0.0174,0.0053,-0.0226
PK00068382,2025,8,0.0381,0.0719,0.0028,0.0174
PK00068382,2026,17,0.0607,0.0389,-0.0168,0.0455
PK00068383,2018,2,0.0238,0.0052,0.0020,0.0202
PK00068383,2019,5,0.0003,-0.0025,-0.0313,0.0000
PK00068383,2020,2,-0.0453,-0.0305,-0.0549,-0.0442
PK00068383,2021,2,0.0727,0.0000,0.0076,0.0723
PK00068383,2022,9,0.0040,0.0118,-0.0490,0.0068
PK00068383,2023,1,-0.0134,0.0138,0.0023,-0.0067
PK00068383,2024,5,0.0000,0.0057,0.0000,0.0104
PK00068383,2025,7,0.0155,0.0061,-0.0313,0.0147
PK00068383,2026,17,0.0100,0.0055,-0.0456,0.0070
PK00068384,2018,2,0.0245,-0.0129,0.0063,0.0182
PK00068384,2019,5,0.0054,0.0000,-0.0157,0.0019
PK00068384,2020,2,-0.0454,-0.0432,-0.0573,-0.0483
PK00068384,2021,2,0.0700,-0.0097,0.0023,0.0659
PK00068384,2022,9,0.0163,0.0311,-0.0217,0.0125
PK00068384,2023,1,-0.0019,0.0166,0.0000,0.0000
PK00068384,2024,6,0.0000,0.0169,0.0082,-0.0021
PK00068384,2025,8,0.0372,0.0206,-0.0112,0.0311
PK00068384,2026,17,0.0157,-0.0087,-0.0346,0.0069
PK00068385,2018,2,0.0159,-0.0370,-0.0050,-0.0038
PK00068385,2019,5,0.0000,-0.0075,-0.0076,0.0000
PK00068385,2020,2,-0.0721,-0.0483,-0.0430,-0.0827
PK00068385,2021,2,0.0893,0.0019,0.0344,0.0735
PK00068385,2022,9,0.0305,-0.0194,-0.0279,0.0017
PK00068385,2023,1,0.0049,0.0217,0.0310,0.0001
PK00068385,2024,6,-0.0240,0.0000,0.0000,-0.0230
PK00068385,2025,8,0.0490,-0.0207,-0.0209,0.0189
PK00068385,2026,17,0.0016,-0.0321,-0.0420,-0.0207
PK00068386,2018,2,0.0089,0.0044,0.0081,0.0078
PK00068386,2019,5,0.0005,-0.0063,-0.0208,0.0000
PK00068386,2020,2,-0.0521,-0.0281,-0.0476,-0.0513
PK00068386,2021,2,0.0749,0.0000,0.0243,0.0741
PK00068386,2022,9,-0.0019,0.0098,-0.0437,-0.0014
PK00068386,2023,1,-0.0107,0.0098,0.0124,-0.0081
PK00068386,2024,5,0.0000,0.0028,0.0000,0.0041
PK00068386,2025,7,0.0134,0.0004,-0.0245,0.0116
PK00068386,2026,17,0.0032,0.0037,-0.0402,0.0007
PK00068387,2018,2,-0.0090,-0.0166,0.0173,-0.0113
PK00068387,2019,5,0.0000,-0.0228,0.0000,0.0000
PK00068387,2020,2,-0.0588,-0.0228,-0.0244,-0.0595
PK00068387,2021,2,0.0984,0.0064,0.0634,0.0945
PK00068387,2022,9,-0.0171,-0.0073,-0.0336,-0.0200
PK00068387,2023,1,-0.0330,0.0194,0.0457,-0.0295
PK00068387,2024,5,0.0119,0.0000,-0.0076,0.0040
PK00068387,2025,7,0.0019,-0.0036,-0.0058,-0.0050
PK00068387,2026,17,0.0001,0.0051,-0.0146,-0.0086
PK00068402,2018,3,0.0629,-0.0315,-0.0287,-0.0416
PK00068402,2019,8,0.0410,0.0027,0.0000,0.0174
PK00068402,2020,2,-0.0275,-0.0191,-0.0417,-0.0280
PK00068402,2021,2,0.1182,-0.0140,0.0325,0.0760
PK00068402,2022,9,0.0357,-0.0369,-0.0400,-0.0242
PK00068402,2023,1,-0.0097,0.0346,0.0504,0.0000
PK00068402,2024,7,0.0000,0.0000,-0.0521,-0.0284
PK00068402,2025,8,0.0632,-0.0316,-0.0265,-0.0001
PK00068402,2026,18,0.0495,-0.0353,-0.0389,-0.0387
PK00068408,2018,3,-0.0332,-0.1812,-0.0699,-0.0689
PK00068408,2019,8,0.0038,0.0000,0.0144,0.0000
PK00068408,2020,2,-0.0289,0.0190,-0.0075,-0.0293
PK00068408,2021,2,0.0769,-0.0761,0.0000,0.0557
PK00068408,2022,9,-0.0226,-0.0346,-0.0170,-0.0364
PK00068408,2023,1,0.0000,0.0349,0.0568,0.0012
PK00068408,2024,7,-0.0475,-0.0130,-0.0345,-0.0491
PK00068408,2025,8,0.0038,-0.0492,-0.0597,-0.0144
PK00068408,2026,16,-0.0357,-0.0685,-0.0513,-0.0519
PK00068409,2018,3,-0.0372,0.0121,-0.0148,-0.0487
PK00068409,2019,8,0.0000,-0.0048,0.0000,0.0000
PK00068409,2020,2,-0.0381,0.0000,-0.0093,-0.0366
PK00068409,2021,2,0.0872,0.0371,0.0936,0.0808
PK00068409,2022,9,-0.0085,-0.0637,-0.0524,-0.0141
PK00068409,2023,1,0.0148,0.0483,0.0714,0.0151
PK00068409,2024,7,-0.0484,-0.0478,-0.0287,-0.0542
PK00068409,2025,8,-0.1201,-0.0388,-0.0560,-0.1312
PK00068409,2026,17,-0.1427,-0.0408,-0.0997,-0.1462
PK00068410,2018,2,0.0111,-0.0281,-0.0182,-0.0325
PK00068410,2019,8,0.0000,-0.0079,-0.0195,0.0000
PK00068410,2020,2,-0.0453,0.0000,-0.0396,-0.0304
PK00068410,2021,2,0.1525,0.0204,0.0966,0.1075
PK00068410,2022,9,-0.0144,-0.0309,-0.0073,-0.0216
PK00068410,2023,1,-0.0232,0.0181,0.0382,-0.0100
PK00068410,2024,7,0.1086,-0.0518,0.0000,0.0390
PK00068410,2025,8,0.0538,0.0021,-0.0008,0.0089
PK00068410,2026,15,0.0630,-0.0299,-0.0382,0.0180
PK00068417,2018,3,0.0020,-0.1046,-0.0245,-0.0322
PK00068417,2019,6,0.0137,-0.0371,-0.0097,0.0097
PK00068417,2020,2,-0.0357,-0.0455,0.0000,-0.0414
PK00068417,2021,2,0.1398,0.0283,0.0860,0.1125
PK00068417,2022,9,-0.0180,-0.0513,-0.0410,-0.0452
PK00068417,2023,1,-0.0049,0.0264,0.0771,-0.0130
PK00068417,2024,7,0.0000,0.0000,-0.0397,0.0000
PK00068417,2025,7,0.0028,-0.0304,-0.0218,-0.0194
PK00068417,2026,16,-0.0065,-0.0617,-0.0517,-0.0221
PK00068424,2018,2,0.0241,0.0215,0.0040,-0.0091
PK00068424,2019,5,0.0640,-0.0060,-0.0354,0.0035
PK00068424,2020,2,0.0000,-0.0113,-0.0488,-0.0175
PK00068424,2021,2,0.1828,0.0143,0.0223,0.1350
PK00068424,2022,9,0.0109,-0.0063,-0.0793,-0.0248
PK00068424,2023,2,-0.0027,0.0000,0.0079,-0.0022
PK00068424,2024,6,-0.0008,0.0391,0.0000,0.0000
PK00068424,2025,7,0.0630,-0.0493,-0.0957,0.0393
PK00068424,2026,16,0.0090,-0.0170,-0.0435,-0.0117
PK00068429,2018,2,0.0106,-0.0362,-0.0087,0.0084
PK00068429,2019,6,0.0000,-0.0068,-0.0100,0.0014
PK00068429,2020,2,-0.0129,0.0000,-0.0086,-0.0153
PK00068429,2021,2,0.1145,0.0191,0.0355,0.1083
PK00068429,2022,9,0.0217,0.0331,0.0071,0.0078
PK00068429,2023,2,0.0071,-0.0083,0.0219,0.0000
PK00068429,2024,7,-0.0162,0.0150,0.0000,-0.0115
PK00068429,2025,8,0.0261,0.0354,0.0062,0.0320
PK00068429,2026,15,-0.0019,-0.0296,-0.0464,0.0013
PK00068431,2018,2,0.0470,0.0038,0.0285,0.0081
PK00068431,2019,6,0.0027,-0.0074,-0.0216,0.0000
PK00068431,2020,2,-0.0070,-0.0038,-0.0198,-0.0171
PK00068431,2021,2,0.1104,0.0161,0.0279,0.1033
PK00068431,2022,9,0.0347,0.0522,0.0180,0.0035
PK00068431,2023,2,-0.0108,0.0000,0.0138,-0.0052
PK00068431,2024,7,0.0000,0.0172,0.0000,0.0008
PK00068431,2025,8,0.0416,0.0576,0.0318,0.0254
PK00068431,2026,15,0.0255,-0.0204,-0.0299,-0.0041
PK00068436,2018,3,-0.0924,-0.0410,-0.0355,-0.0784
PK00068436,2019,6,0.0000,-0.0055,-0.0065,0.0000
PK00068436,2020,3,0.0100,0.0264,0.0174,0.0084
PK00068436,2021,3,0.0354,-0.0031,0.0296,0.0369
PK00068436,2022,8,-0.0079,0.0277,0.0182,-0.0011
PK00068436,2023,2,-0.0420,0.0000,0.0000,-0.0267
PK00068436,2024,6,-0.0841,0.0123,-0.0416,-0.0601
PK00068436,2025,7,-0.0690,-0.0146,-0.0191,-0.0561
PK00068436,2026,14,-0.0824,-0.0273,-0.0380,-0.0647
PK00068462,2018,2,-0.0816,-0.0202,0.0117,-0.0428
PK00068462,2019,5,-0.0345,-0.0154,-0.0460,-0.0348
PK00068462,2020,2,-0.0361,-0.0359,-0.0031,-0.0364
PK00068462,2021,2,0.0345,0.0154,0.0031,0.0348
PK00068462,2022,8,-0.1165,0.0597,-0.0219,-0.0665
PK00068462,2024,5,0.0372,0.0282,0.0361,0.0590
PK00068462,2025,8,-0.0246,-0.0031,-0.0021,0.0017
PK00068462,2026,16,-0.0126,0.0300,0.0144,0.0227
PK00068463,2018,2,-0.0435,-0.0561,-0.0243,-0.0252
PK00068463,2019,5,0.0141,-0.0405,-0.0630,-0.0034
PK00068463,2020,2,-0.0141,-0.0086,-0.0014,-0.0336
PK00068463,2021,2,0.1399,0.0086,0.0161,0.0937
PK00068463,2022,8,-0.0148,0.0621,0.0028,-0.0153
PK00068463,2024,5,-0.0163,0.0305,0.0014,0.0034
PK00068463,2025,8,0.0142,-0.0230,-0.0334,0.0041
PK00068463,2026,16,0.0105,0.0106,-0.0100,0.0083
PK00068464,2018,2,-0.1493,-0.0548,-0.0161,-0.1027
PK00068464,2019,5,-0.0115,-0.0416,-0.0564,-0.0128
PK00068464,2020,2,-0.1307,0.0031,0.0072,-0.1158
PK00068464,2021,2,0.0768,-0.0031,0.0340,0.0536
PK00068464,2022,8,-0.1649,0.0568,0.0354,-0.1080
PK00068464,2024,5,0.0115,0.0230,-0.0072,0.0128
PK00068464,2025,8,-0.0891,-0.0168,-0.0309,-0.0649
PK00068464,2026,16,-0.0566,-0.0003,-0.0112,-0.0510
PK00068468,2018,3,-0.0906,-0.0309,0.1172,-0.0444
PK00068468,2019,7,-0.0255,0.0249,0.0878,0.0082
PK00068468,2020,3,-0.4073,-0.0214,-0.0843,-0.0765
PK00068468,2021,2,0.0647,-0.0723,-0.1469,-0.0082
PK00068468,2022,8,-0.0348,0.0031,0.1022,0.0108
PK00068468,2024,5,0.0255,0.0214,0.0843,0.0599
PK00068468,2025,8,0.0288,-0.0558,0.0854,0.0594
PK00068468,2026,16,-0.0517,-0.0297,0.0524,0.0003
PK00068489,2018,6,0.0246,-0.0411,0.0046,-0.0180
PK00068489,2019,5,0.0000,-0.0234,-0.0058,0.0000
PK00068489,2020,3,-0.0518,0.0000,0.0000,-0.0189
PK00068489,2021,3,0.1095,0.0494,0.0980,0.1312
PK00068489,2022,8,0.0453,0.0121,0.0389,0.0702
PK00068489,2023,2,-0.1510,-0.0167,-0.0037,-0.0683
PK00068489,2024,6,0.0144,0.0654,0.0667,0.0787
PK00068489,2025,8,0.0745,0.0392,0.0653,0.0822
PK00068489,2026,15,0.0091,0.0254,0.0135,0.0394
PK00068491,2018,6,-0.0477,-0.0469,-0.0263,-0.0643
PK00068491,2019,5,0.0000,-0.0498,-0.0344,-0.0067
PK00068491,2020,3,-0.0222,0.0000,-0.0176,-0.0307
PK00068491,2021,4,0.0655,0.0551,0.0603,0.0640
PK00068491,2022,8,0.0544,0.0208,0.0360,0.0441
PK00068491,2023,2,-0.0123,-0.0128,0.0000,0.0000
PK00068491,2024,6,0.0423,0.0770,0.0683,0.0583
PK00068491,2025,8,0.0804,0.0634,0.0911,0.0717
PK00068491,2026,15,0.0475,0.0431,0.0120,0.0541
PK00068497,2018,4,-0.4328,-0.1272,-0.2326,-0.2924
PK00068497,2019,5,0.0000,0.0131,0.0240,0.0176
PK00068497,2020,2,-0.2052,-0.0436,-0.1579,-0.1330
PK00068497,2021,3,0.0833,-0.1632,0.0000,0.0450
PK00068497,2022,8,-0.0078,0.0175,-0.0385,-0.0075
PK00068497,2023,2,0.0139,0.0199,-0.0014,0.0000
PK00068497,2024,5,-0.1197,0.0000,0.0331,-0.0541
PK00068497,2025,8,0.0333,0.0172,-0.0163,0.0122
PK00068497,2026,14,0.0205,0.0337,0.0201,0.0369
PK00068498,2018,4,-0.2109,-0.0987,-0.1660,-0.2049
PK00068498,2019,5,0.0157,0.0002,0.0000,0.0079
PK00068498,2020,1,-0.4191,-0.1106,-0.2297,-0.3616
PK00068498,2021,3,0.1010,-0.1120,0.0058,0.0739
PK00068498,2022,8,0.0048,0.0074,-0.0328,-0.0236
PK00068498,2023,2,-0.0105,0.0000,-0.0068,-0.0326
PK00068498,2024,5,0.0000,0.0047,0.0328,0.0000
PK00068498,2025,8,0.0246,0.0050,-0.0061,0.0045
PK00068498,2026,14,0.0061,0.0125,0.0100,0.0055
PK00068499,2018,3,-0.1191,-0.0751,-0.0675,-0.1433
PK00068499,2019,5,0.0000,0.0000,-0.0047,0.0000
PK00068499,2020,1,-0.5123,-0.0706,-0.2111,-0.4451
PK00068499,2021,3,0.0516,-0.0089,0.0202,0.0558
PK00068499,2022,8,-0.0118,0.0274,-0.0269,-0.0246
PK00068499,2023,2,-0.0492,0.0231,0.0000,-0.0443
PK00068499,2024,5,0.0021,0.0275,0.0354,0.0188
PK00068499,2025,8,0.0047,0.0490,0.0096,-0.0007
PK00068499,2026,14,-0.0234,0.0163,-0.0174,-0.0209
PK00068500,2018,3,-0.1213,-0.0438,-0.0684,-0.1116
PK00068500,2019,5,0.0000,0.0000,0.0163,0.0000
PK00068500,2020,2,-0.2955,-0.0560,-0.1377,-0.2422
PK00068500,2021,3,0.0380,-0.0050,0.0000,0.0519
PK00068500,2022,8,-0.0299,0.0351,0.0167,-0.0136
PK00068500,2023,2,-0.0895,0.0010,-0.0016,-0.0377
PK00068500,2024,5,0.0270,0.0415,0.0591,0.0385
PK00068500,2025,8,-0.0106,0.0587,0.0219,0.0031
PK00068500,2026,14,-0.0375,0.0202,-0.0017,-0.0220
PK00068520,2018,3,-0.0743,-0.1130,-0.0459,-0.0768
PK00068520,2019,5,0.0034,-0.0059,0.0073,-0.0010
PK00068520,2020,2,-0.1002,0.0059,-0.0352,-0.1059
PK00068520,2021,3,0.0090,-0.0227,-0.0073,0.0070
PK00068520,2022,8,-0.0245,-0.0014,-0.0113,-0.0289
PK00068520,2024,6,-0.0034,0.0312,0.0282,0.0010
PK00068520,2025,8,-0.0179,0.0237,0.0035,-0.0276
PK00068520,2026,14,-0.0456,-0.0213,-0.0535,-0.0598
PK00068521,2018,3,-0.1719,-0.1296,-0.0586,-0.1028
PK00068521,2019,5,0.0260,0.0000,0.0180,0.0089
PK00068521,2020,2,-0.1059,0.0231,-0.0349,-0.0918
PK00068521,2021,3,0.0211,-0.0222,0.0000,0.0000
PK00068521,2022,8,-0.0524,0.0045,-0.0200,-0.0395
PK00068521,2023,1,-0.0875,-0.0095,-0.0094,-0.0653
PK00068521,2024,6,0.0000,0.0299,0.0327,0.0199
PK00068521,2025,8,0.0020,0.0312,0.0041,-0.0226
PK00068521,2026,14,-0.0409,0.0046,-0.0188,-0.0710
PK00068522,2018,3,-0.1372,-0.0726,-0.0438,-0.1084
PK00068522,2019,5,0.0107,0.0000,0.0115,0.0002
PK00068522,2020,2,-0.0719,0.0507,0.0000,-0.0711
PK00068522,2021,3,0.0287,-0.0524,-0.0404,0.0099
PK00068522,2022,8,-0.0386,-0.0308,-0.0454,-0.0458
PK00068522,2023,1,-0.1333,-0.0469,-0.0602,-0.1100
PK00068522,2024,6,0.0000,0.0275,0.0725,0.0000
PK00068522,2025,8,-0.0153,-0.0002,-0.0128,-0.0364
PK00068522,2026,14,-0.0279,0.0011,0.0030,-0.0566
PK00068523,2018,3,-0.1649,-0.1375,-0.1421,-0.1529
PK00068523,2019,5,0.0380,0.0000,0.0302,0.0355
PK00068523,2020,2,-0.0404,0.0886,0.0000,-0.0380
PK00068523,2021,3,0.0165,-0.0570,-0.0247,0.0177
PK00068523,2022,8,-0.0328,-0.0428,-0.0771,-0.0362
PK00068523,2023,1,-0.1171,-0.0466,-0.0555,-0.1080
PK00068523,2024,6,0.0000,0.0279,0.0352,0.0000
PK00068523,2025,8,0.0066,0.0151,-0.0564,-0.0012
PK00068523,2026,14,-0.0180,-0.0037,-0.0462,-0.0228
PK00068524,2018,3,-0.1831,-0.0288,-0.0591,-0.1494
PK00068524,2019,5,0.0000,-0.0013,0.0000,0.0000
PK00068524,2020,2,-0.0549,0.0000,-0.0412,-0.0481
PK00068524,2021,3,0.0617,0.0124,0.0366,0.0566
PK00068524,2022,8,-0.0359,0.0202,-0.0276,-0.0325
PK00068524,2023,1,-0.1179,-0.0037,-0.0198,-0.1000
PK00068524,2024,5,0.0289,0.0546,0.0123,0.0449
PK00068524,2025,8,-0.0125,-0.0062,-0.0512,-0.0340
PK00068524,2026,14,-0.0293,-0.0149,-0.0463,-0.0341
PK00068525,2018,3,-0.0296,-0.0787,-0.0117,-0.0446
PK00068525,2019,6,0.0000,-0.0483,-0.0380,0.0000
PK00068525,2020,2,-0.0349,-0.1194,-0.0232,-0.0375
PK00068525,2021,3,0.0362,0.0054,0.0155,0.0318
PK00068525,2022,8,0.0256,-0.0017,-0.0374,0.0147
PK00068525,2023,1,-0.0701,0.0000,0.0531,-0.0611
PK00068525,2024,5,0.0628,0.0092,0.0000,0.0547
PK00068525,2025,8,0.0173,-0.0273,0.0018,-0.0106
PK00068525,2026,14,-0.0087,-0.0644,-0.0357,-0.0261
PK00068526,2018,2,-0.0244,-0.0690,-0.0013,-0.0309
PK00068526,2019,6,0.0367,-0.0234,-0.0156,0.0232
PK00068526,2020,2,0.0000,-0.0630,-0.0045,-0.0069
PK00068526,2021,3,0.0107,0.0086,0.0339,0.0079
PK00068526,2022,8,0.0402,-0.0134,-0.0175,0.0364
PK00068526,2023,1,-0.0388,0.0024,0.0436,-0.0340
PK00068526,2024,5,-0.0064,0.0000,0.0000,0.0000
PK00068526,2025,8,0.0384,-0.0292,-0.0269,0.0256
PK00068526,2026,14,0.0159,-0.0455,-0.0279,0.0082
PK00068552,2018,3,-0.1543,-0.0692,0.0241,-0.0930
PK00068552,2019,6,-0.0099,-0.0107,-0.0279,-0.0087
PK00068552,2020,2,-0.0927,-0.0014,-0.0245,-0.0691
PK00068552,2021,2,0.1364,0.0014,0.0245,0.1064
PK00068552,2022,8,-0.0751,-0.0466,-0.0343,-0.0554
PK00068552,2024,5,0.0099,0.0166,0.0496,0.0087
PK00068552,2025,9,-0.0246,-0.0299,0.0340,-0.0118
PK00068552,2026,16,0.0055,-0.0419,0.0112,0.0154
PK00068554,2018,3,-0.1028,-0.0693,-0.0543,-0.0641
PK00068554,2019,6,-0.0349,-0.0179,-0.0892,-0.0315
PK00068554,2020,2,-0.0733,0.0041,-0.0474,-0.0600
PK00068554,2021,2,0.0744,-0.0041,0.0729,0.0695
PK00068554,2022,8,-0.0161,-0.0289,-0.0680,-0.0133
PK00068554,2024,5,0.0349,0.0256,0.0474,0.0315
PK00068554,2025,9,0.0153,0.0171,-0.0043,0.0156
PK00068554,2026,16,0.0013,-0.0148,-0.0164,0.0152
PK00068556,2018,3,-0.1572,-0.0959,-0.0717,-0.1020
PK00068556,2019,6,-0.0270,-0.0076,-0.0485,-0.0229
PK00068556,2020,2,-0.0527,-0.0100,-0.0654,-0.0440
PK00068556,2021,2,0.1132,0.0483,0.0622,0.0961
PK00068556,2022,8,-0.0397,0.0195,-0.0112,-0.0382
PK00068556,2024,5,0.0270,0.0076,0.0485,0.0229
PK00068556,2025,9,-0.0359,-0.0570,-0.0473,-0.0152
PK00068556,2026,15,-0.0664,-0.0478,-0.0704,-0.0327
PK00068558,2018,3,-0.1600,-0.0877,-0.0627,-0.1528
PK00068558,2019,6,-0.0061,-0.0140,-0.0409,-0.0107
PK00068558,2020,2,-0.0793,-0.0081,-0.0504,-0.0751
PK00068558,2021,2,0.1347,0.0439,0.0637,0.1151
PK00068558,2022,8,-0.0601,0.0081,-0.0014,-0.0621
PK00068558,2024,5,0.0061,0.0081,0.0409,0.0107
PK00068558,2025,9,-0.0424,-0.0639,-0.0345,-0.0364
PK00068558,2026,15,-0.0512,-0.0502,-0.0500,-0.0410
PK00068561,2018,1,0.0386,-0.0930,-0.0205,-0.0240
PK00068561,2019,6,0.0196,-0.0038,-0.0143,0.0033
PK00068561,2020,3,-0.3551,-0.0786,-0.1743,-0.2858
PK00068561,2021,2,0.1074,0.0038,0.0191,0.0677
PK00068561,2022,8,0.0384,-0.0301,0.0101,-0.0034
PK00068561,2024,4,-0.0196,0.0111,0.0143,-0.0033
PK00068561,2025,8,0.0391,0.0137,0.0314,0.0048
PK00068561,2026,16,0.0019,-0.0378,-0.0029,-0.0050
PK00068571,2018,4,-0.2565,-0.0523,-0.0956,-0.1639
PK00068571,2019,8,-0.1109,-0.0635,-0.1004,-0.0685
PK00068571,2020,2,0.0000,0.0000,0.0022,0.0000
PK00068571,2021,2,0.2739,0.0119,0.0000,0.2118
PK00068571,2022,8,-0.0559,-0.0196,-0.1878,-0.0666
PK00068571,2023,1,-0.0901,-0.1033,-0.2797,-0.0732
PK00068571,2024,4,0.1393,0.0486,0.0569,0.1131
PK00068571,2025,7,0.1209,-0.0390,0.0280,0.0719
PK00068571,2026,16,0.1303,-0.0176,0.0256,0.0902
PK00068572,2018,4,-0.0123,-0.0337,-0.0086,-0.0051
PK00068572,2019,8,0.0000,-0.0034,0.0000,0.0000
PK00068572,2020,2,-0.0250,0.0000,-0.0028,-0.0243
PK00068572,2021,2,0.0951,0.0075,0.0286,0.0910
PK00068572,2022,8,-0.0101,-0.0954,-0.1077,-0.0158
PK00068572,2023,1,-0.0767,-0.1487,-0.0989,-0.0811
PK00068572,2024,4,0.0395,0.0029,0.0517,0.0424
PK00068572,2025,7,0.0728,-0.0003,0.0813,0.0692
PK00068572,2026,15,-0.0264,-0.0572,0.0061,-0.0252
PK00068573,2018,4,-0.0207,-0.0508,-0.0579,0.0017
PK00068573,2019,8,0.0000,-0.0177,-0.0319,-0.0040
PK00068573,2020,2,-0.0045,0.0028,0.0000,0.0000
PK00068573,2021,2,0.1475,0.0000,0.0196,0.1219
PK00068573,2022,8,0.0652,-0.0291,0.0335,0.0567
PK00068573,2023,1,-0.1122,-0.0529,-0.0342,-0.0998
PK00068573,2024,4,0.1328,0.0346,0.1151,0.1371
PK00068573,2025,7,0.1446,0.0779,0.1367,0.1221
PK00068573,2026,15,0.0511,0.0058,0.0339,0.0519
PK00068576,2018,3,0.0050,-0.0335,0.0593,0.0106
PK00068576,2019,8,0.0010,0.0000,-0.0231,0.0062
PK00068576,2020,2,0.0000,0.0198,0.0000,0.0000
PK00068576,2021,2,-0.0256,-0.0010,-0.0579,-0.0275
PK00068576,2022,8,-0.1416,-0.0506,0.0142,-0.1217
PK00068576,2023,1,-0.1638,-0.0186,0.0074,-0.1356
PK00068576,2024,4,0.0439,0.0526,0.0855,0.0380
PK00068576,2025,7,-0.0197,-0.0023,0.0661,-0.0196
PK00068576,2026,15,0.0205,0.0128,0.0593,0.0219
PK00068577,2018,3,0.0766,-0.0240,0.0925,0.0667
PK00068577,2019,8,0.0097,-0.0090,-0.0275,0.0112
PK00068577,2020,2,0.0000,0.0126,0.0000,0.0000
PK00068577,2021,2,-0.0055,0.0000,-0.0698,-0.0156
PK00068577,2022,8,-0.0647,-0.0426,0.0631,-0.0647
PK00068577,2023,1,-0.0586,-0.0130,0.0424,-0.0534
PK00068577,2024,4,0.1201,0.0534,0.1096,0.0934
PK00068577,2025,7,0.0600,-0.0125,0.0905,0.0396
PK00068577,2026,15,0.0892,0.0107,0.0822,0.0630
PK00068578,2018,3,0.0671,-0.0280,0.0650,0.0678
PK00068578,2019,8,0.0000,0.0000,-0.0176,0.0001
PK00068578,2020,2,-0.0106,0.0196,0.0073,-0.0080
PK00068578,2021,2,0.0061,-0.0039,-0.0478,0.0000
PK00068578,2022,8,-0.1020,-0.0505,0.0085,-0.0894
PK00068578,2023,1,-0.1103,-0.0198,0.0000,-0.0932
PK00068578,2024,4,0.0976,0.0485,0.0831,0.0906
PK00068578,2025,7,0.0350,-0.0030,0.0678,0.0325
PK00068578,2026,15,0.0545,0.0123,0.0568,0.0514
PK00068579,2018,4,0.0117,-0.0430,0.0368,0.0175
PK00068579,2019,8,0.0000,0.0000,-0.0094,0.0000
PK00068579,2020,2,-0.0118,0.0115,0.0000,-0.0088
PK00068579,2021,2,0.0037,-0.0156,-0.0267,0.0026
PK00068579,2022,8,-0.0479,-0.0478,-0.0405,-0.0455
PK00068579,2023,1,-0.0267,-0.0383,0.0183,-0.0246
PK00068579,2024,4,0.1127,0.0439,0.0877,0.1113
PK00068579,2025,7,0.0768,0.0139,0.0614,0.0709
PK00068579,2026,16,0.0808,-0.0092,0.0485,0.0771
PK00068581,2018,4,-0.0372,-0.0454,0.0390,-0.0251
PK00068581,2019,8,0.0000,0.0000,-0.0113,0.0000
PK00068581,2020,2,-0.0119,0.0106,0.0000,-0.0106
PK00068581,2021,2,0.0286,-0.0167,-0.0242,0.0211
PK00068581,2022,8,-0.0301,-0.0493,-0.0380,-0.0359
PK00068581,2023,1,-0.0463,-0.0409,0.0147,-0.0417
PK00068581,2024,4,0.0996,0.0410,0.0908,0.0971
PK00068581,2025,7,0.0384,0.0115,0.0575,0.0367
PK00068581,2026,16,0.0464,-0.0136,0.0475,0.0458
PK00068583,2018,3,-0.0960,-0.0595,0.0300,-0.0786
PK00068583,2019,6,-0.0265,-0.0129,-0.0253,-0.0258
PK00068583,2020,2,-0.0548,-0.0013,-0.0214,-0.0517
PK00068583,2021,2,0.0407,0.0013,0.0214,0.0314
PK00068583,2022,8,-0.0826,-0.0403,-0.0236,-0.0809
PK00068583,2024,5,0.0265,0.0202,0.0485,0.0258
PK00068583,2025,9,-0.0298,-0.0197,0.0259,-0.0282
PK00068583,2026,16,-0.0021,-0.0319,0.0211,0.0003
PK00068649,2018,2,-0.0585,-0.0175,-0.0090,-0.0532
PK00068649,2019,6,0.0022,0.0055,0.0045,0.0000
PK00068649,2020,1,-0.0175,0.0000,-0.0023,-0.0250
PK00068649,2021,3,0.0898,-0.0645,0.0000,0.0778
PK00068649,2022,8,0.0019,-0.0107,-0.0062,-0.0010
PK00068649,2023,2,0.0000,0.0042,0.0248,0.0045
PK00068649,2024,6,-0.0209,-0.0401,-0.0481,-0.0247
PK00068649,2025,8,-0.0614,-0.0615,-0.0617,-0.0541
PK00068649,2026,13,-0.1222,-0.0815,-0.0993,-0.1081
PK00068652,2018,3,-0.0726,-0.0882,-0.1036,-0.0782
PK00068652,2019,6,-0.0036,0.0156,-0.0318,-0.0062
PK00068652,2020,1,-0.0050,0.0893,0.0000,-0.0033
PK00068652,2021,3,0.0431,-0.0758,-0.1120,0.0352
PK00068652,2022,8,-0.0155,0.0093,-0.0793,-0.0282
PK00068652,2023,2,0.0000,0.0000,0.0056,0.0000
PK00068652,2024,7,0.0045,-0.0267,0.0341,0.0240
PK00068652,2025,8,0.0084,-0.0617,-0.0612,0.0112
PK00068652,2026,14,-0.0562,-0.0859,-0.0865,-0.0411
PK00068654,2018,3,-0.0223,-0.0130,0.0288,-0.0127
PK00068654,2019,5,0.0000,-0.0130,-0.0337,0.0000
PK00068654,2020,3,-0.0089,-0.0218,-0.0099,-0.0054
PK00068654,2021,4,0.0165,0.0000,0.0000,0.0177
PK00068654,2022,8,0.0218,0.0279,-0.0094,0.0257
PK00068654,2023,2,0.0107,0.0451,0.0610,0.0153
PK00068654,2024,6,-0.0100,0.0313,0.0472,-0.0034
PK00068654,2025,7,0.0548,0.0082,0.0249,0.0596
PK00068654,2026,15,0.0089,0.0213,0.0115,0.0142
PK00068671,2018,4,-0.1675,-0.1582,-0.1877,-0.0936
PK00068671,2019,6,-0.0588,-0.0386,-0.0352,-0.0483
PK00068671,2020,2,-0.2865,-0.0691,-0.1200,-0.1836
PK00068671,2021,2,0.1281,0.0917,0.0776,0.0730
PK00068671,2022,8,0.0463,0.0330,-0.0214,0.0292
PK00068671,2024,4,0.0588,0.0386,0.0352,0.0483
PK00068671,2025,7,0.0467,0.0924,0.1078,0.0287
PK00068671,2026,15,-0.0207,0.0100,0.0521,-0.0244
PK00068673,2018,1,0.0840,0.0041,0.0650,-0.0209
PK00068673,2019,6,0.0107,-0.0387,-0.0524,-0.0195
PK00068673,2020,2,-0.2543,-0.0360,-0.0804,-0.1328
PK00068673,2021,2,0.1992,0.0837,0.0678,0.0891
PK00068673,2022,8,0.0344,0.0437,0.0108,-0.0133
PK00068673,2024,4,-0.0107,0.0360,0.0524,0.0195
PK00068673,2025,7,0.0633,0.1270,0.1337,0.0150
PK00068673,2026,15,0.0246,0.0166,0.0380,-0.0053
PK00068674,2018,3,-0.0850,-0.0349,-0.0241,-0.0171
PK00068674,2019,6,0.0163,-0.0353,-0.0418,-0.0110
PK00068674,2020,2,-0.1474,-0.0471,-0.0702,-0.1280
PK00068674,2021,2,0.1158,0.0532,0.0746,0.0969
PK00068674,2022,8,0.0159,0.0369,0.0080,0.0043
PK00068674,2024,4,-0.0163,0.0353,0.0418,0.0110
PK00068674,2025,7,0.0690,0.0597,0.0592,0.0558
PK00068674,2026,15,0.0120,0.0136,-0.0142,0.0006
PK00068681,2018,4,-0.1747,-0.0726,-0.0940,-0.1336
PK00068681,2019,6,-0.0327,-0.0235,-0.0569,-0.0401
PK00068681,2020,2,-0.2246,-0.0501,-0.1062,-0.2087
PK00068681,2021,2,0.0826,0.0235,0.0569,0.0771
PK00068681,2022,8,0.0097,0.0468,-0.0258,-0.0004
PK00068681,2024,4,0.0327,0.0673,0.0616,0.0401
PK00068681,2025,7,0.0342,0.0756,0.0787,0.0375
PK00068681,2026,14,-0.0027,0.0772,0.0511,0.0001
PK00068682,2018,4,-0.2047,-0.0687,-0.1082,-0.1227
PK00068682,2019,5,-0.0261,-0.0179,-0.0390,-0.0365
PK00068682,2020,2,-0.3734,-0.0769,-0.1232,-0.2858
PK00068682,2021,2,0.0769,0.0179,0.0480,0.0708
PK00068682,2022,8,-0.0236,0.0297,0.0110,-0.0127
PK00068682,2024,4,0.0261,0.0486,0.0390,0.0365
PK00068682,2025,7,0.0198,0.0559,0.0425,0.0288
PK00068682,2026,14,-0.0207,0.0527,0.0047,-0.0110
PK00068683,2018,4,-0.1789,-0.0535,-0.0583,-0.1111
PK00068683,2019,5,-0.0349,-0.0120,-0.0308,-0.0398
PK00068683,2020,2,-0.4454,-0.0976,-0.1244,-0.3174
PK00068683,2021,2,0.0965,0.0120,0.0372,0.0771
PK00068683,2022,8,-0.0191,0.0224,0.0159,-0.0028
PK00068683,2024,4,0.0349,0.0257,0.0308,0.0398
PK00068683,2025,7,0.0211,0.0246,0.0329,0.0326
PK00068683,2026,14,-0.0200,0.0165,-0.0071,-0.0176
PK00068684,2018,4,-0.0936,-0.0530,-0.0444,-0.0718
PK00068684,2019,5,-0.0182,-0.0096,-0.0218,-0.0241
PK00068684,2020,2,-0.4313,-0.0974,-0.1197,-0.2760
PK00068684,2021,2,0.0182,0.0096,0.0468,0.0241
PK00068684,2022,8,0.0042,0.0204,0.0014,0.0209
PK00068684,2024,4,0.0583,0.0377,0.0218,0.0665
PK00068684,2025,7,0.0197,0.0276,0.0158,0.0312
PK00068684,2026,14,-0.0356,0.0080,-0.0258,-0.0248
PK00068687,2018,4,-0.1292,-0.1082,-0.0686,-0.1171
PK00068687,2019,5,-0.0265,-0.0101,-0.0105,-0.0244
PK00068687,2020,2,-0.3812,-0.1146,-0.1786,-0.3412
PK00068687,2021,2,0.0265,0.0101,0.0105,0.0244
PK00068687,2022,8,-0.0343,0.0120,-0.0616,-0.0326
PK00068687,2024,4,0.0658,0.0254,0.0326,0.0635
PK00068687,2025,7,0.0169,0.0223,0.0254,0.0188
PK00068687,2026,14,-0.0166,-0.0079,-0.0265,-0.0132
PK00068693,2018,3,-0.1144,-0.1209,-0.1061,-0.0973
PK00068693,2019,4,-0.0155,-0.0082,-0.0108,-0.0165
PK00068693,2020,3,-0.1519,-0.0111,-0.0125,-0.1272
PK00068693,2021,3,0.0155,0.1288,0.1571,0.0228
PK00068693,2022,8,-0.0386,0.0108,0.0214,-0.0270
PK00068693,2024,4,0.0353,0.0082,0.0108,0.0165
PK00068693,2025,7,0.0483,-0.0065,0.0033,0.0317
PK00068693,2026,15,-0.0137,0.0235,0.0453,-0.0162
PK00068718,2018,1,-0.0277,-0.0123,0.0067,-0.0161
PK00068718,2019,5,-0.0787,-0.0353,-0.0368,-0.0507
PK00068718,2020,1,-0.0330,0.0195,0.0149,-0.0084
PK00068718,2021,3,0.0330,-0.0195,-0.0149,0.0084
PK00068718,2022,8,0.0558,0.0174,-0.0200,0.0089
PK00068718,2024,4,0.0383,0.0327,0.0383,0.0325
PK00068718,2025,6,0.0148,0.0424,0.0345,0.0218
PK00068718,2026,14,0.0043,0.0075,-0.0156,0.0065
PK00068719,2018,3,-0.0584,-0.0209,-0.0192,-0.0427
PK00068719,2019,5,-0.0343,-0.0092,0.0372,-0.0335
PK00068719,2020,2,-0.3185,-0.0700,-0.1092,-0.2331
PK00068719,2021,3,0.0343,0.0092,-0.0372,0.0335
PK00068719,2022,8,0.0270,0.0578,-0.0097,0.0114
PK00068719,2024,4,0.0591,0.0825,0.0779,0.0414
PK00068719,2025,6,0.0530,0.1001,0.0709,0.0529
PK00068719,2026,15,0.0184,0.0528,0.0163,0.0121
PK00068720,2018,3,-0.0906,-0.0477,-0.0496,-0.0879
PK00068720,2019,5,-0.0477,-0.0069,-0.0155,-0.0449
PK00068720,2020,2,-0.3495,-0.1140,-0.1627,-0.2611
PK00068720,2021,3,0.0571,0.0069,0.0155,0.0698
PK00068720,2022,8,0.0129,0.0374,-0.0014,0.0106
PK00068720,2024,4,0.0477,0.0627,0.0723,0.0449
PK00068720,2025,6,0.0504,0.0836,0.0361,0.0482
PK00068720,2026,14,0.0096,0.0408,-0.0042,0.0018
PK00068721,2018,3,-0.0702,-0.0717,-0.0684,-0.0924
PK00068721,2019,5,-0.0246,-0.0060,-0.0374,-0.0507
PK00068721,2020,2,-0.3462,-0.1370,-0.1805,-0.2809
PK00068721,2021,3,0.0246,0.0060,0.0374,0.0770
PK00068721,2022,8,0.0504,0.0246,-0.0076,0.0166
PK00068721,2024,4,0.0868,0.0670,0.0452,0.0507
PK00068721,2025,6,0.0671,0.0548,0.0128,0.0432
PK00068721,2026,14,0.0417,0.0365,-0.0087,0.0052
PK00068722,2018,2,-0.0758,-0.0529,-0.0633,-0.1072
PK00068722,2019,5,-0.0279,-0.0224,-0.0379,-0.0465
PK00068722,2020,2,-0.3884,-0.1264,-0.1744,-0.3529
PK00068722,2021,3,0.0279,0.0224,0.0725,0.0517
PK00068722,2022,8,0.0080,0.0439,0.0202,-0.0035
PK00068722,2024,4,0.0456,0.0572,0.0379,0.0465
PK00068722,2025,6,0.0296,0.0475,0.0354,0.0275
PK00068722,2026,15,0.0069,0.0226,-0.0142,-0.0061
PK00068723,2018,2,-0.1214,-0.0583,-0.0675,-0.1444
PK00068723,2019,5,-0.0082,-0.0130,-0.0324,-0.0356
PK00068723,2020,2,-0.4233,-0.1086,-0.1698,-0.3835
PK00068723,2021,3,0.0082,0.0130,0.0810,0.0356
PK00068723,2022,8,-0.0035,0.0555,0.0437,-0.0152
PK00068723,2024,4,0.0358,0.0690,0.0324,0.0402
PK00068723,2025,6,0.0232,0.0695,0.0486,0.0242
PK00068723,2026,15,-0.0127,0.0266,-0.0037,-0.0184
PK00068724,2018,2,-0.1859,-0.1038,-0.1222,-0.1933
PK00068724,2019,5,-0.0185,-0.0190,-0.0281,-0.0510
PK00068724,2020,1,0.0004,0.0190,0.0161,-0.0170
PK00068724,2021,3,0.0211,-0.0249,-0.0152,0.0443
PK00068724,2022,8,-0.0436,0.0033,-0.0384,-0.0393
PK00068724,2024,4,-0.0004,0.0379,0.0152,0.0170
PK00068724,2025,6,0.0114,0.0336,0.0075,0.0160
PK00068724,2026,15,-0.0366,-0.0009,-0.0548,-0.0406
PK00068725,2018,3,-0.0433,-0.0248,-0.0222,-0.0750
PK00068725,2019,5,-0.0109,-0.0216,-0.0104,-0.0329
PK00068725,2020,1,0.0109,0.0216,0.0104,0.0016
PK00068725,2021,3,-0.0411,-0.0543,-0.0727,-0.0016
PK00068725,2022,8,-0.0358,0.0051,-0.0364,-0.0297
PK00068725,2024,4,0.0133,0.0377,0.0396,0.0279
PK00068725,2025,6,0.0037,0.0281,0.0119,0.0146
PK00068725,2026,15,-0.0420,0.0013,-0.0480,-0.0363
PK00068727,2018,3,-0.0280,-0.0626,-0.0374,-0.0812
PK00068727,2019,5,-0.0124,-0.0238,-0.0041,-0.0456
PK00068727,2020,1,0.0007,0.0301,0.0041,-0.0141
PK00068727,2021,3,-0.0007,-0.0598,-0.0203,0.0141
PK00068727,2022,8,0.0231,-0.0130,-0.0155,-0.0137
PK00068727,2024,4,0.0663,0.0238,0.0263,0.0332
PK00068727,2025,6,0.0201,0.0315,0.0212,0.0119
PK00068727,2026,15,-0.0242,0.0053,-0.0152,-0.0436
PK00068728,2018,3,-0.0126,-0.0573,-0.0112,-0.0519
PK00068728,2019,5,-0.0009,-0.0190,-0.0454,-0.0306
PK00068728,2020,1,0.0009,-0.0146,-0.0218,-0.0046
PK00068728,2021,3,-0.0333,0.0146,0.0218,0.0046
PK00068728,2022,8,0.0507,0.0069,0.0137,0.0100
PK00068728,2024,4,0.0773,0.0366,0.0493,0.0435
PK00068728,2025,6,0.0275,0.0287,0.0327,0.0213
PK00068728,2026,15,-0.0094,-0.0023,-0.0094,-0.0263
PK00068729,2018,3,-0.0539,-0.0621,-0.0192,-0.0978
PK00068729,2019,5,0.0083,-0.0154,-0.0462,-0.0352
PK00068729,2020,1,-0.0083,-0.0203,-0.0240,-0.0229
PK00068729,2021,3,-0.0690,0.0154,0.0240,0.0229
PK00068729,2022,8,0.0156,0.0039,0.0090,-0.0037
PK00068729,2024,4,0.0487,0.0410,0.0504,0.0265
PK00068729,2025,6,-0.0002,0.0305,0.0394,0.0070
PK00068729,2026,15,-0.0484,0.0068,-0.0151,-0.0441
PK00068730,2018,3,-0.0658,-0.1280,-0.1054,-0.1213
PK00068730,2019,5,-0.0361,-0.0233,-0.0443,-0.0570
PK00068730,2020,1,-0.0125,-0.0870,-0.0518,-0.0289
PK00068730,2021,3,0.0125,0.0375,0.0585,0.0446
PK00068730,2022,8,0.0055,-0.0162,-0.0111,-0.0173
PK00068730,2024,4,0.0562,0.0233,0.0443,0.0289
PK00068730,2025,6,0.0191,-0.0043,0.0230,0.0004
PK00068730,2026,15,-0.0401,-0.0119,-0.0241,-0.0424
PK00068731,2018,3,-0.1105,-0.1227,-0.1031,-0.1127
PK00068731,2019,5,-0.0613,-0.0293,-0.0405,-0.0538
PK00068731,2020,1,-0.0227,-0.1089,-0.0554,-0.0243
PK00068731,2021,3,0.0790,0.0397,0.0688,0.0665
PK00068731,2022,8,-0.0234,-0.0128,-0.0279,-0.0158
PK00068731,2024,4,0.0227,0.0293,0.0405,0.0243
PK00068731,2025,6,0.0159,0.0047,0.0256,0.0098
PK00068731,2026,15,-0.0470,-0.0154,-0.0282,-0.0287
PK00068732,2018,2,-0.1269,-0.0382,0.0304,-0.0767
PK00068732,2019,5,-0.0710,-0.0224,-0.0357,-0.0473
PK00068732,2020,1,-0.0260,-0.0947,-0.0320,-0.0271
PK00068732,2021,3,0.0604,0.0224,0.0909,0.0423
PK00068732,2022,8,-0.0370,-0.0036,0.0014,-0.0158
PK00068732,2024,3,0.0260,0.0311,0.0320,0.0271
PK00068732,2025,6,-0.0062,0.0447,0.0259,0.0041
PK00068732,2026,14,-0.0703,-0.0311,-0.0256,-0.0390
PK00068733,2018,2,-0.1512,-0.0124,0.0299,-0.0789
PK00068733,2019,5,-0.0437,-0.0119,-0.0345,-0.0371
PK00068733,2020,2,-0.3835,-0.2178,-0.2523,-0.2517
PK00068733,2021,3,0.1134,0.0119,0.0803,0.0661
PK00068733,2022,8,-0.0089,0.0252,-0.0110,-0.0082
PK00068733,2024,3,0.0437,0.0207,0.0345,0.0371
PK00068733,2025,6,0.0164,0.1088,0.0129,0.0203
PK00068733,2026,14,-0.0401,-0.0126,-0.0689,-0.0265
PK00068734,2018,3,-0.3843,-0.0697,-0.0407,-0.2011
PK00068734,2019,5,-0.0512,-0.0113,-0.0573,-0.0459
PK00068734,2020,2,-0.3993,-0.1908,-0.2169,-0.2750
PK00068734,2021,3,0.2014,0.0113,0.0573,0.1095
PK00068734,2022,8,0.0122,0.0813,0.0591,0.0022
PK00068734,2024,3,0.0512,0.1021,0.1686,0.0459
PK00068734,2025,6,0.0669,0.1777,0.0581,0.0483
PK00068734,2026,13,0.0342,0.0541,-0.0459,0.0061
PK00068735,2018,3,-0.2064,-0.0520,-0.0568,-0.1223
PK00068735,2019,5,-0.0480,-0.0172,-0.0338,-0.0480
PK00068735,2020,2,-0.4573,-0.1250,-0.1674,-0.3623
PK00068735,2021,3,0.0795,0.0172,0.0338,0.0689
PK00068735,2022,8,-0.0152,0.1164,0.0729,-0.0058
PK00068735,2024,3,0.0480,0.1439,0.1945,0.0480
PK00068735,2025,6,0.0563,0.1615,0.0598,0.0288
PK00068735,2026,14,0.0027,0.0494,-0.0147,-0.0120
PK00068736,2018,4,-0.0210,-0.0668,-0.0902,-0.0268
PK00068736,2019,5,-0.0151,-0.0322,-0.0413,-0.0220
PK00068736,2020,1,-0.0129,0.0000,0.0251,0.0000
PK00068736,2021,4,0.0177,-0.0505,-0.0666,0.0186
PK00068736,2022,8,0.0370,0.0409,-0.0221,0.0223
PK00068736,2023,1,0.0000,0.0882,0.0583,-0.0221
PK00068736,2024,5,0.0481,0.0783,0.0000,0.0398
PK00068736,2025,7,0.0904,-0.0028,-0.0724,0.0491
PK00068736,2026,14,0.0425,0.0559,-0.0261,0.0133
PK00068737,2018,4,0.0182,-0.0635,-0.0661,-0.0094
PK00068737,2019,5,0.0275,-0.0221,-0.0122,0.0051
PK00068737,2020,1,-0.0124,0.0000,0.0293,-0.0118
PK00068737,2021,4,0.0000,-0.0554,-0.0596,0.0000
PK00068737,2022,8,0.0275,0.0184,-0.0208,0.0231
PK00068737,2023,1,-0.0334,0.0587,0.0712,-0.0343
PK00068737,2024,5,0.0484,0.0417,0.0000,0.0225
PK00068737,2025,7,0.0688,-0.0168,-0.0012,0.0357
PK00068737,2026,14,0.0190,0.0351,-0.0209,-0.0054
PK00068738,2018,3,-0.0371,-0.0670,-0.0433,-0.0396
PK00068738,2019,5,0.0000,-0.0484,0.0000,0.0000
PK00068738,2020,1,-0.0198,0.0018,-0.0065,-0.0047
PK00068738,2021,4,0.0177,-0.0194,0.0121,0.0212
PK00068738,2022,8,-0.0118,-0.0076,0.0060,0.0098
PK00068738,2023,1,-0.0631,0.0059,-0.0001,-0.0233
PK00068738,2024,5,0.0176,0.0000,0.0540,0.0238
PK00068738,2025,8,0.0348,0.0429,0.0591,0.0346
PK00068738,2026,13,-0.0084,0.0326,0.0212,-0.0053
PK00068739,2018,3,-0.0119,-0.0625,-0.0464,-0.0199
PK00068739,2019,5,-0.0087,0.0000,0.0000,0.0000
PK00068739,2020,1,0.0000,-0.0244,-0.0574,-0.0070
PK00068739,2021,4,0.0197,0.0085,0.0050,0.0134
PK00068739,2022,7,-0.0302,0.0108,0.0062,0.0209
PK00068739,2023,1,-0.0948,-0.0082,-0.0234,-0.0352
PK00068739,2024,4,0.0353,0.0027,0.0256,0.0542
PK00068739,2025,8,0.0288,0.0554,0.0405,0.0334
PK00068739,2026,13,-0.0270,0.0179,-0.0122,-0.0042
PK00068866,2018,3,-0.2149,-0.0866,-0.1008,-0.1699
PK00068866,2019,5,0.0234,0.0047,0.0269,0.0062
PK00068866,2020,3,-0.0139,-0.0216,-0.0045,-0.0250
PK00068866,2021,3,0.0248,0.0000,0.0000,0.0048
PK00068866,2022,9,-0.0645,-0.0430,-0.0150,-0.0783
PK00068866,2023,1,-0.0001,0.0536,0.0184,0.0000
PK00068866,2024,8,0.0000,-0.0275,-0.0122,-0.0086
PK00068866,2025,8,-0.0172,-0.0464,-0.0084,-0.0388
PK00068866,2026,14,-0.0333,-0.0551,-0.0303,-0.0525
PK00069976,2018,5,0.0830,-0.0378,0.0050,0.0192
PK00069976,2019,8,0.1390,0.0599,0.0562,0.0658
PK00069976,2020,4,0.0912,0.0427,0.0000,0.0366
PK00069976,2021,3,-0.1112,-0.0374,-0.0547,-0.0676
PK00069976,2022,8,-0.1191,-0.0607,-0.0664,-0.0936
PK00069976,2023,1,-0.0785,-0.0143,-0.0418,-0.0363
PK00069976,2024,5,0.0000,0.0000,0.0170,0.0000
PK00069976,2025,7,0.0247,0.0271,0.0289,0.0002
PK00069976,2026,15,0.0440,0.0442,-0.0024,-0.0108
PK00070349,2018,5,0.0062,-0.0018,0.0068,-0.0042
PK00070349,2019,7,0.0000,-0.0025,0.0000,0.0000
PK00070349,2020,2,-0.0128,0.0000,-0.0137,-0.0059
PK00070349,2021,2,0.1218,0.0450,0.0775,0.1101
PK00070349,2022,6,-0.0003,-0.0043,-0.0251,-0.0039
PK00070349,2023,2,-0.1434,-0.0601,-0.0686,-0.1324
PK00070349,2024,6,0.0101,0.0198,0.0053,0.0172
PK00070349,2025,8,0.0334,0.0127,0.0003,0.0225
PK00070349,2026,17,0.0178,-0.0002,-0.0168,0.0054
PK00070350,2018,5,-0.0048,-0.0380,-0.0097,-0.0073
PK00070350,2019,8,-0.0027,-0.0092,-0.0117,-0.0031
PK00070350,2020,2,0.0000,0.0000,0.0000,0.0000
PK00070350,2021,2,0.1051,0.0463,0.0778,0.1050
PK00070350,2022,7,0.0042,0.0003,-0.0022,0.0029
PK00070350,2023,2,-0.0853,-0.0454,-0.0479,-0.0855
PK00070350,2024,6,0.0222,0.0222,0.0191,0.0222
PK00070350,2025,8,0.0140,-0.0092,-0.0140,0.0118
PK00070350,2026,17,0.0083,-0.0245,-0.0229,0.0056
PK00070351,2018,5,0.0238,-0.0066,-0.0001,-0.0239
PK00070351,2019,6,0.0078,0.0098,-0.0028,0.0000
PK00070351,2020,2,0.0000,0.0000,0.0000,-0.0241
PK00070351,2021,2,0.0936,-0.0192,0.0174,0.0906
PK00070351,2022,7,0.0091,0.0554,0.0305,-0.0123
PK00070351,2023,2,-0.0893,-0.0679,-0.0482,-0.0995
PK00070351,2024,6,-0.0097,0.0101,0.0243,0.0009
PK00070351,2025,8,0.0322,0.0439,0.0319,-0.0017
PK00070351,2026,17,0.0270,0.0121,0.0068,-0.0033
PK00070353,2018,5,0.0233,0.0179,0.0324,0.0181
PK00070353,2019,6,-0.0148,0.0000,-0.0041,-0.0114
PK00070353,2020,2,0.0000,-0.0079,0.0000,0.0000
PK00070353,2021,2,0.0975,0.0433,0.0688,0.1005
PK00070353,2022,7,0.0125,0.0046,-0.0022,0.0099
PK00070353,2023,2,-0.1436,-0.0947,-0.0915,-0.1381
PK00070353,2024,6,0.0239,0.0351,0.0212,0.0274
PK00070353,2025,8,0.0334,0.0327,0.0101,0.0294
PK00070353,2026,17,0.0220,0.0130,-0.0089,0.0186
PK00070354,2018,4,0.0002,0.0128,0.0158,-0.0136
PK00070354,2019,6,0.0000,0.0000,-0.0044,0.0000
PK00070354,2020,2,-0.0118,-0.0037,0.0000,-0.0136
PK00070354,2021,2,0.0930,0.0345,0.0763,0.0908
PK00070354,2022,7,0.0125,-0.0066,0.0014,-0.0034
PK00070354,2023,2,-0.1987,-0.0905,-0.0965,-0.1711
PK00070354,2024,6,0.0052,0.0272,0.0339,0.0167
PK00070354,2025,8,0.0309,0.0110,0.0035,0.0179
PK00070354,2026,17,0.0088,-0.0033,0.0064,0.0045
PK00070355,2018,4,-0.0373,-0.0385,-0.0363,-0.0377
PK00070355,2019,6,0.0000,0.0032,-0.0097,0.0000
PK00070355,2020,2,-0.0138,0.0265,0.0000,-0.0017
PK00070355,2021,2,0.1368,-0.0105,0.0564,0.1304
PK00070355,2022,7,-0.0179,0.0052,0.0142,-0.0083
PK00070355,2023,2,-0.2386,-0.0825,-0.1170,-0.1889
PK00070355,2024,6,0.0014,0.0000,0.0312,0.0292
PK00070355,2025,8,-0.0023,0.0119,-0.0027,0.0081
PK00070355,2026,17,0.0202,-0.0244,-0.0299,0.0347
PK00070356,2018,4,0.0277,0.0145,0.0046,0.0082
PK00070356,2019,6,0.0000,0.0000,0.0000,0.0000
PK00070356,2020,2,-0.0352,-0.0247,-0.0381,-0.0092
PK00070356,2021,2,0.1230,0.0231,0.0285,0.1134
PK00070356,2022,7,0.0242,-0.0178,-0.0193,0.0317
PK00070356,2023,2,-0.2574,-0.1154,-0.1436,-0.1725
PK00070356,2024,6,0.0054,0.0340,0.0377,0.0515
PK00070356,2025,8,0.0403,-0.0203,0.0348,0.0589
PK00070356,2026,17,0.0158,-0.0243,-0.0140,0.0437
PK00070360,2018,4,0.0109,-0.0098,0.0068,0.0092
PK00070360,2019,7,-0.0335,-0.0095,-0.0049,-0.0312
PK00070360,2020,2,0.0000,0.0000,0.0000,0.0000
PK00070360,2021,2,0.1137,0.0405,0.1006,0.1132
PK00070360,2022,7,-0.0042,-0.0344,-0.0411,-0.0044
PK00070360,2023,2,-0.1908,-0.0894,-0.1233,-0.1866
PK00070360,2024,6,0.0110,0.0234,0.0037,0.0111
PK00070360,2025,8,0.0161,0.0125,0.0029,0.0149
PK00070360,2026,17,0.0127,0.0182,0.0079,0.0122
PK00070362,2018,4,-0.0279,-0.0374,-0.0197,-0.0328
PK00070362,2019,7,-0.0045,-0.0096,-0.0050,0.0000
PK00070362,2020,2,0.0000,0.0001,0.0047,-0.0009
PK00070362,2021,2,0.1150,0.0391,0.0858,0.1157
PK00070362,2022,6,-0.0194,-0.0301,-0.0180,-0.0206
PK00070362,2023,2,-0.1497,-0.0869,-0.0765,-0.1465
PK00070362,2024,6,0.0143,0.0000,0.0000,0.0155
PK00070362,2025,8,0.0123,0.0127,0.0125,0.0096
PK00070362,2026,17,0.0079,-0.0261,-0.0102,0.0076
PK00070364,2018,4,0.0200,-0.0206,0.0036,0.0017
PK00070364,2019,7,0.0000,-0.0221,0.0000,0.0000
PK00070364,2020,2,-0.0102,0.0095,-0.0030,-0.0129
PK00070364,2021,2,0.1081,0.0000,0.0479,0.1093
PK00070364,2022,6,0.0103,-0.0074,0.0014,0.0082
PK00070364,2023,2,-0.2127,-0.1311,-0.1524,-0.1921
PK00070364,2024,6,0.0257,0.0104,0.0063,0.0317
PK00070364,2025,8,0.0362,0.0049,0.0081,0.0263
PK00070364,2026,17,0.0039,-0.0204,-0.0313,-0.0001
PK00070396,2018,2,-0.0519,-0.0681,-0.0434,-0.0536
PK00070396,2019,6,0.0209,-0.0161,0.0138,0.0232
PK00070396,2020,3,0.0000,0.0000,-0.0014,0.0000
PK00070396,2021,3,0.0995,-0.0013,0.0698,0.0903
PK00070396,2022,8,0.0219,-0.0038,0.0293,0.0273
PK00070396,2023,2,-0.0771,0.0045,0.0000,-0.0766
PK00070396,2024,6,-0.0227,0.0212,-0.0362,-0.0163
PK00070396,2025,7,0.0178,-0.0182,0.0053,0.0013
PK00070396,2026,14,0.0080,-0.0245,-0.0133,0.0078
PK00070438,2018,2,-0.0411,-0.0305,-0.0371,-0.0441
PK00070438,2019,6,0.0000,0.0243,-0.0049,0.0000
PK00070438,2020,3,-0.0163,-0.0035,0.0000,-0.0228
PK00070438,2021,3,0.0159,-0.0191,0.0093,0.0038
PK00070438,2022,8,0.0064,0.0332,0.0270,-0.0012
PK00070438,2023,2,0.0020,0.0519,0.0364,0.0030
PK00070438,2024,6,-0.0935,0.0000,-0.0749,-0.0887
PK00070438,2025,7,-0.0580,-0.0336,-0.0393,-0.0522
PK00070438,2026,14,-0.0620,0.0103,-0.0141,-0.0613
PK00070445,2018,2,-0.0631,-0.0907,-0.0676,-0.0974
PK00070445,2019,6,0.0329,0.0408,0.0189,0.0000
PK00070445,2020,3,-0.0093,0.0260,-0.1073,-0.0023
PK00070445,2021,3,0.0148,-0.0680,0.0042,0.0095
PK00070445,2022,8,0.0375,-0.0063,-0.0589,-0.0029
PK00070445,2023,2,0.0000,0.0000,0.0000,0.0024
PK00070445,2024,6,-0.0411,-0.0237,-0.1190,-0.0503
PK00070445,2025,7,-0.0218,-0.0543,-0.0435,-0.0374
PK00070445,2026,14,-0.0023,-0.0150,-0.0555,-0.0208
PK00072448,2018,6,-0.1812,-0.3164,-0.2229,-0.1891
PK00072448,2019,7,0.0185,-0.0084,0.0000,0.0174
PK00072448,2020,4,-0.0026,0.0095,0.0066,-0.0032
PK00072448,2021,3,0.0185,0.0000,-0.0255,0.0167
PK00072448,2022,9,-0.0795,-0.2069,-0.1121,-0.0876
PK00072448,2023,1,0.0000,0.0032,0.0167,0.0000
PK00072448,2024,5,-0.0130,-0.0488,-0.0415,-0.0161
PK00072448,2025,8,-0.0713,-0.2006,-0.1330,-0.0790
PK00072448,2026,15,-0.3524,-0.2527,-0.2925,-0.3518
PK00072496,2018,2,-0.2985,-0.1099,-0.2245,-0.2446
PK00072496,2019,5,0.0312,-0.0101,0.0000,0.0063
PK00072496,2020,4,0.0000,-0.0491,-0.0534,-0.0204
PK00072496,2021,3,0.0910,0.0144,0.0375,0.0438
PK00072496,2022,10,0.0264,-0.0089,-0.0001,0.0140
PK00072496,2023,1,-0.0127,0.0162,0.0147,-0.0008
PK00072496,2024,6,-0.0414,0.0000,-0.0145,0.0000
PK00072496,2025,8,0.0247,-0.0190,-0.0144,0.0242
PK00072496,2026,14,0.0105,-0.0044,-0.0177,0.0169
PK00072499,2018,1,0.0197,0.1039,0.0436,-0.0212
PK00072499,2019,5,0.0000,-0.0068,-0.0061,0.0053
PK00072499,2020,4,0.0103,0.0229,0.0400,-0.0079
PK00072499,2021,3,0.1151,0.0000,0.1244,0.0469
PK00072499,2022,10,-0.0415,0.0343,0.0340,0.0100
PK00072499,2023,1,-0.0764,0.0703,0.0000,0.0000
PK00072499,2024,5,-0.1196,-0.0566,-0.0200,-0.0369
PK00072499,2025,8,-0.0191,0.0110,0.0185,0.0013
PK00072499,2026,14,-0.0418,-0.0236,-0.0394,-0.0335
PK00072500,2018,1,0.0066,0.0847,0.0165,-0.0207
PK00072500,2019,5,0.0106,0.0000,-0.0137,0.0000
PK00072500,2020,4,0.0000,0.0039,0.0129,-0.0290
PK00072500,2021,3,0.1511,-0.1088,0.0610,0.0808
PK00072500,2022,10,-0.0260,0.0360,0.0169,-0.0190
PK00072500,2023,1,-0.0339,0.0610,0.0000,0.0018
PK00072500,2024,5,-0.0278,-0.1179,-0.0523,-0.0298
PK00072500,2025,8,0.0210,0.0111,0.0028,0.0132
PK00072500,2026,14,-0.0286,-0.0399,-0.0519,-0.0211
PK00073205,2018,3,0.0088,-0.0338,-0.0287,0.0033
PK00073205,2019,6,-0.0036,-0.0368,-0.0359,0.0000
PK00073205,2020,2,-0.0382,-0.0522,-0.0533,-0.0535
PK00073205,2021,4,0.0887,0.0090,0.0127,0.0648
PK00073205,2022,7,0.0035,-0.0740,-0.0591,-0.0152
PK00073205,2023,1,0.0000,0.0035,0.0000,-0.0134
PK00073205,2024,6,0.0265,0.0000,0.0119,0.0121
PK00073205,2025,7,0.0240,-0.0388,-0.0419,0.0252
PK00073205,2026,15,0.0011,-0.0504,-0.0665,-0.0017
PK00073206,2018,3,0.0202,0.0055,-0.0211,0.0180
PK00073206,2019,6,0.0000,-0.0043,-0.0217,0.0000
PK00073206,2020,2,-0.0716,-0.0529,-0.0451,-0.0679
PK00073206,2021,4,0.0493,0.0000,0.0000,0.0498
PK00073206,2022,7,-0.0223,-0.0243,-0.0259,-0.0227
PK00073206,2023,1,-0.0024,0.0243,0.0112,-0.0042
PK00073206,2024,6,0.0115,0.0308,0.0201,0.0132
PK00073206,2025,7,0.0107,-0.0201,-0.0218,0.0071
PK00073206,2026,15,-0.0072,-0.0105,-0.0324,0.0025
PK00073231,2018,4,-0.0866,-0.0361,-0.0328,-0.1274
PK00073231,2019,5,0.0224,0.0000,0.0000,0.0061
PK00073231,2020,3,-0.0027,-0.0099,-0.0086,0.0000
PK00073231,2021,4,0.0356,0.0273,0.0299,0.0290
PK00073231,2022,7,-0.0147,-0.0042,-0.0083,-0.0755
PK00073231,2023,1,-0.0649,-0.0081,-0.0151,-0.0494
PK00073231,2024,6,0.0000,0.0337,0.0187,-0.0019
PK00073231,2025,7,0.0352,0.0163,0.0442,-0.0140
PK00073231,2026,15,0.0116,-0.0341,-0.0268,-0.0530
PK00073236,2018,4,-0.0292,-0.0613,-0.0423,-0.0689
PK00073236,2019,5,0.0463,-0.0036,-0.0008,0.0202
PK00073236,2020,3,-0.0306,-0.0054,-0.0412,-0.0012
PK00073236,2021,4,0.0577,0.0239,0.0317,0.0367
PK00073236,2022,7,0.0192,-0.0303,-0.0241,-0.0048
PK00073236,2023,1,0.0000,0.0000,0.0008,-0.0016
PK00073236,2024,6,-0.0135,0.0317,0.0000,0.0000
PK00073236,2025,7,0.0427,-0.0190,-0.0329,0.0108
PK00073236,2026,15,0.0213,-0.0568,-0.0671,-0.0185
PK00073239,2018,3,-0.0661,-0.0924,-0.0427,-0.0924
PK00073239,2019,5,0.0195,-0.0590,0.0030,0.0090
PK00073239,2020,2,-0.0419,-0.0679,-0.0470,-0.0428
PK00073239,2021,4,0.0552,0.0382,0.0153,0.0364
PK00073239,2022,7,-0.0968,-0.0494,-0.0471,-0.0809
PK00073239,2023,1,0.0000,0.0099,-0.0022,0.0000
PK00073239,2024,6,-0.0390,0.0000,0.0000,-0.0199
PK00073239,2025,7,-0.0148,-0.0665,-0.0514,-0.0391
PK00073239,2026,15,-0.0754,-0.0621,-0.0628,-0.0811
PK00073240,2018,3,0.0036,-0.0410,-0.0882,-0.0048
PK00073240,2019,5,0.0029,-0.0188,-0.0374,0.0185
PK00073240,2020,2,-0.0680,-0.0344,-0.0343,-0.0618
PK00073240,2021,4,0.0280,0.0000,0.0000,0.0294
PK00073240,2022,7,-0.0196,-0.0050,-0.0487,-0.0138
PK00073240,2023,1,0.0000,0.0222,0.0049,0.0000
PK00073240,2024,6,-0.0614,0.0195,0.0045,-0.0413
PK00073240,2025,7,0.0452,-0.0247,-0.0315,0.0403
PK00073240,2026,15,-0.0077,-0.0345,-0.0617,-0.0006
PK00073241,2018,3,0.0091,0.0051,-0.0073,0.0163
PK00073241,2019,5,0.0388,-0.0161,-0.0056,0.0264
PK00073241,2020,2,-0.0236,-0.0093,-0.0250,-0.0311
PK00073241,2021,4,0.0462,0.0213,0.0415,0.0505
PK00073241,2022,7,0.0064,0.0349,0.0061,0.0123
PK00073241,2023,1,0.0000,0.0000,0.0158,0.0000
PK00073241,2024,5,-0.0449,0.0323,0.0000,-0.0118
PK00073241,2025,7,0.0229,-0.0009,0.0101,0.0464
PK00073241,2026,15,-0.0287,-0.0095,-0.0120,0.0091
PK00073253,2018,5,-0.1146,-0.0879,-0.0818,-0.1172
PK00073253,2019,5,0.0111,-0.0202,0.0181,0.0118
PK00073253,2020,3,-0.0508,0.0000,-0.0179,-0.0149
PK00073253,2021,4,0.0458,0.0139,0.0405,0.0353
PK00073253,2022,7,0.0074,-0.0032,-0.0115,-0.0014
PK00073253,2023,1,0.0000,-0.0179,0.0000,0.0000
PK00073253,2024,6,-0.0313,0.0207,-0.0078,-0.0147
PK00073253,2025,7,0.0204,-0.0068,-0.0080,-0.0047
PK00073253,2026,15,-0.0117,-0.0536,-0.0298,-0.0377
PK00073254,2018,3,0.0356,-0.0547,-0.0085,-0.0108
PK00073254,2019,5,0.0417,0.0000,0.0066,0.0309
PK00073254,2020,2,-0.0178,-0.0481,-0.0295,-0.0270
PK00073254,2021,4,0.0355,0.0058,0.0094,0.0333
PK00073254,2022,7,0.0053,-0.0294,-0.0210,-0.0096
PK00073254,2023,1,-0.0019,0.0059,0.0000,0.0000
PK00073254,2024,6,0.0000,-0.0054,-0.0321,-0.0251
PK00073254,2025,7,0.0183,-0.0092,-0.0310,-0.0037
PK00073254,2026,15,0.0053,-0.0588,-0.0538,-0.0414
PK00073262,2018,5,-0.1361,-0.1092,-0.0952,-0.1772
PK00073262,2019,5,0.0174,-0.0132,0.0000,0.0077
PK00073262,2020,3,-0.0324,0.0020,-0.0303,-0.0398
PK00073262,2021,4,0.0332,0.0000,0.0131,0.0174
PK00073262,2022,7,0.0018,-0.0362,-0.0349,-0.0148
PK00073262,2023,1,0.0000,-0.0018,0.0034,0.0000
PK00073262,2024,6,-0.0056,0.0081,-0.0009,-0.0189
PK00073262,2025,7,0.0147,-0.0581,-0.0444,-0.0227
PK00073262,2026,15,-0.0054,-0.0806,-0.0767,-0.0493
PK00073263,2018,5,-0.1285,-0.1610,-0.1354,-0.1356
PK00073263,2019,5,-0.0027,0.0044,0.0083,-0.0007
PK00073263,2020,3,-0.0383,-0.0156,-0.0559,-0.0225
PK00073263,2021,4,0.0321,0.0000,0.0000,0.0343
PK00073263,2022,7,-0.0081,-0.1032,-0.0976,-0.0241
PK00073263,2023,1,0.0054,0.0312,0.0204,0.0290
PK00073263,2024,6,0.0000,-0.0160,-0.0168,0.0000
PK00073263,2025,7,0.0083,-0.0975,-0.0913,-0.0459
PK00073263,2026,15,0.0088,-0.0832,-0.1214,-0.0601
PK00073281,2018,5,-0.1542,-0.1794,-0.1675,-0.1381
PK00073281,2019,5,0.0060,-0.0074,-0.0530,0.0000
PK00073281,2020,2,-0.0495,-0.0278,-0.0499,-0.0355
PK00073281,2021,4,0.0205,0.0000,0.0000,0.0326
PK00073281,2022,7,-0.0502,-0.0628,-0.0729,-0.0385
PK00073281,2023,1,0.0000,0.0475,0.0319,0.0251
PK00073281,2024,6,-0.0193,0.0307,0.0017,-0.0012
PK00073281,2025,7,-0.0013,-0.0065,-0.0318,-0.0041
PK00073281,2026,14,-0.0280,-0.0602,-0.1314,-0.0470
PK00073387,2018,5,-0.2234,-0.0908,-0.1242,-0.1715
PK00073387,2019,9,0.0284,0.1004,0.0612,0.0349
PK00073387,2020,4,-0.0649,-0.0778,-0.0293,-0.0288
PK00073387,2021,4,0.0000,0.0000,0.0000,0.0000
PK00073387,2022,7,-0.0641,0.0128,-0.0340,-0.0795
PK00073387,2023,1,0.0736,0.1988,0.0892,0.0353
PK00073387,2024,5,-0.0335,-0.0015,-0.1322,-0.0119
PK00073387,2025,8,-0.0456,0.0496,-0.1219,-0.0955
PK00073387,2026,17,-0.0369,0.0482,-0.0552,-0.1087
PK00073388,2018,5,-0.0767,-0.0840,-0.0928,-0.1276
PK00073388,2019,8,0.0096,0.0879,0.0315,0.0146
PK00073388,2020,4,-0.0812,-0.0027,0.0000,-0.0344
PK00073388,2021,3,0.0000,0.0889,0.0327,0.0472
PK00073388,2022,7,0.0052,-0.0581,-0.0752,-0.0422
PK00073388,2023,1,0.0416,-0.0240,-0.0334,0.0000
PK00073388,2024,5,-0.0693,0.0000,-0.0261,-0.0233
PK00073388,2025,8,0.0052,-0.0158,-0.0779,-0.0845
PK00073388,2026,16,-0.0227,-0.0381,-0.1115,-0.1038
PK00073393,2018,5,-0.0468,-0.0748,-0.0559,-0.0991
PK00073393,2019,8,0.0000,0.0779,0.0145,0.0000
PK00073393,2020,4,-0.0480,-0.0154,-0.0438,-0.0354
PK00073393,2021,3,0.0502,0.0000,0.0000,0.0551
PK00073393,2022,7,-0.0086,-0.0304,-0.0073,-0.0388
PK00073393,2023,1,0.0467,0.0018,0.0176,0.0072
PK00073393,2024,5,-0.0425,-0.0046,-0.0460,-0.0324
PK00073393,2025,8,0.0209,0.0538,-0.0280,-0.0440
PK00073393,2026,16,-0.0300,0.0059,-0.0417,-0.0864
PK00073395,2018,5,-0.0295,0.0385,-0.0287,-0.1465
PK00073395,2019,8,0.0000,0.1620,0.0135,0.0000
PK00073395,2020,3,-0.0506,-0.0088,-0.0602,-0.0210
PK00073395,2021,3,0.0029,0.0000,0.0000,0.0462
PK00073395,2022,7,0.0790,0.1377,0.0798,-0.0429
PK00073395,2023,1,0.0755,0.1443,0.1015,0.0096
PK00073395,2024,5,-0.0344,-0.0234,-0.0470,-0.0260
PK00073395,2025,8,0.1074,0.1883,0.0416,-0.0591
PK00073395,2026,16,0.0673,0.1334,0.0244,-0.0803
PK00073396,2018,5,-0.0915,-0.0496,-0.0594,-0.1636
PK00073396,2019,8,0.0098,0.1179,0.0019,0.0000
PK00073396,2020,3,-0.0169,-0.0262,-0.0473,-0.0162
PK00073396,2021,3,0.0000,0.0000,0.0000,0.0097
PK00073396,2022,8,0.0080,0.0928,0.0301,-0.0561
PK00073396,2023,1,0.0146,0.0287,0.0369,0.0111
PK00073396,2024,5,-0.0565,-0.0312,-0.0531,-0.0472
PK00073396,2025,8,0.0437,0.0660,-0.0194,-0.0461
PK00073396,2026,16,0.0384,0.0373,-0.0348,-0.0581
PK00073400,2018,5,-0.1954,-0.0762,-0.0940,-0.1741
PK00073400,2019,8,0.0216,0.0088,0.0000,0.0029
PK00073400,2020,4,-0.0303,-0.1049,-0.0631,-0.0422
PK00073400,2021,3,0.0636,0.0191,0.0057,0.0399
PK00073400,2022,8,-0.0427,-0.0419,-0.0936,-0.0567
PK00073400,2023,1,0.0000,0.0000,0.0072,0.0000
PK00073400,2024,5,-0.0316,-0.1019,-0.1062,-0.0350
PK00073400,2025,8,-0.0184,-0.0280,-0.0582,-0.0347
PK00073400,2026,15,-0.0507,-0.0454,-0.0970,-0.0616
PK00073416,2018,5,-0.1053,-0.1200,-0.0631,-0.1217
PK00073416,2019,8,-0.0193,-0.0150,-0.0149,-0.0110
PK00073416,2020,4,-0.0427,0.0028,-0.0024,-0.0270
PK00073416,2021,3,0.0101,0.0371,0.0040,0.0187
PK00073416,2022,7,-0.0193,-0.0617,-0.0405,-0.0377
PK00073416,2023,1,0.0127,-0.0919,0.0000,0.0015
PK00073416,2024,5,0.0000,0.0000,0.0436,0.0000
PK00073416,2025,8,-0.0310,-0.0976,-0.0607,-0.0555
PK00073416,2026,17,-0.0569,-0.0588,-0.0755,-0.0920
PK00073424,2018,5,0.0049,-0.0955,-0.0319,-0.0230
PK00073424,2019,8,0.0192,-0.0180,-0.0008,0.0000
PK00073424,2020,4,-0.0005,0.0096,-0.0055,-0.0113
PK00073424,2021,4,0.0000,0.0076,0.0000,-0.0099
PK00073424,2022,7,-0.0339,-0.0926,-0.0970,-0.0716
PK00073424,2023,1,0.0358,-0.0501,0.0065,0.0178
PK00073424,2024,5,-0.0003,0.0000,0.0127,0.0014
PK00073424,2025,8,-0.0503,-0.1261,-0.0911,-0.0846
PK00073424,2026,17,-0.0136,-0.1121,-0.0903,-0.0471
PK00073435,2018,5,-0.0857,-0.0865,-0.0566,-0.1141
PK00073435,2019,9,0.0184,0.0424,0.0338,0.0009
PK00073435,2020,4,-0.0557,0.0000,0.0000,-0.0305
PK00073435,2021,3,0.0000,0.0016,0.0220,0.0113
PK00073435,2022,7,0.0121,-0.1006,-0.0657,-0.0656
PK00073435,2023,1,0.0677,-0.0316,-0.0377,0.0000
PK00073435,2024,5,-0.0222,-0.0198,-0.0125,-0.0269
PK00073435,2025,8,0.0008,-0.0439,-0.0703,-0.0694
PK00073435,2026,17,0.0294,-0.0215,-0.0572,-0.0709
PK00073447,2018,5,-0.1998,-0.1353,-0.1355,-0.1883
PK00073447,2019,9,0.0088,0.0000,0.0000,-0.0241
PK00073447,2020,4,-0.0484,0.0312,0.0687,0.0181
PK00073447,2021,3,0.0066,0.0584,0.0741,0.0490
PK00073447,2022,8,-0.1395,-0.1521,-0.0973,-0.1577
PK00073447,2023,1,-0.0392,-0.0625,-0.0398,-0.0518
PK00073447,2024,5,0.0000,-0.0215,-0.0024,0.0000
PK00073447,2025,7,-0.0238,-0.0945,-0.0837,-0.0914
PK00073447,2026,16,-0.0683,-0.0636,-0.0971,-0.1142
PK00073449,2018,5,-0.2228,-0.0146,0.0617,-0.1878
PK00073449,2019,8,0.0000,0.1491,0.1136,0.0000
PK00073449,2020,5,-0.0895,0.0000,-0.0112,-0.0082
PK00073449,2021,3,0.0427,0.0390,0.1302,0.0796
PK00073449,2022,8,-0.0754,0.0271,0.0064,-0.1232
PK00073449,2023,1,0.0702,-0.0390,0.0000,0.0021
PK00073449,2024,5,-0.0601,-0.0281,-0.0655,-0.0375
PK00073449,2025,7,-0.0246,0.1048,0.0220,-0.0854
PK00073449,2026,17,-0.0135,0.0901,0.0095,-0.1067
PK00073450,2018,4,-0.0503,-0.0167,-0.0198,-0.0905
PK00073450,2019,8,0.0246,0.0828,0.0705,0.0018
PK00073450,2020,5,-0.0733,0.0000,0.0000,-0.0004
PK00073450,2021,3,0.0000,0.0436,0.0843,0.0533
PK00073450,2022,8,0.0191,-0.0067,-0.0024,-0.0393
PK00073450,2023,1,0.0245,-0.0112,-0.0085,0.0000
PK00073450,2024,5,-0.0488,-0.0031,-0.0318,-0.0021
PK00073450,2025,7,0.0022,0.0211,-0.0316,-0.0635
PK00073450,2026,16,-0.0049,0.0130,-0.0292,-0.0617
PK00073453,2018,5,-0.1989,-0.1321,-0.1217,-0.1618
PK00073453,2019,8,0.0000,-0.0350,-0.0251,-0.0113
PK00073453,2020,5,-0.0452,0.0128,0.0036,0.0000
PK00073453,2021,3,0.0539,0.0006,0.0275,0.0728
PK00073453,2022,9,-0.0175,-0.0873,-0.0830,-0.0534
PK00073453,2023,1,0.0283,-0.0605,-0.0235,-0.0039
PK00073453,2024,5,-0.0047,0.0000,0.0000,0.0047
PK00073453,2025,7,-0.0368,-0.0836,-0.0974,-0.0828
PK00073453,2026,16,-0.0221,-0.0618,-0.0881,-0.0628
PK00073459,2018,6,-0.2061,-0.1005,-0.1358,-0.1960
PK00073459,2019,7,0.0045,0.0015,0.0021,-0.0216
PK00073459,2020,5,-0.0148,0.0000,-0.0001,0.0061
PK00073459,2021,3,0.0213,-0.0075,0.0473,0.0431
PK00073459,2022,9,-0.0127,-0.0304,-0.0192,-0.0867
PK00073459,2023,1,-0.0287,-0.0409,-0.0266,-0.0627
PK00073459,2024,5,0.0000,0.0547,0.0000,0.0000
PK00073459,2025,7,-0.0433,-0.0454,-0.0566,-0.1153
PK00073459,2026,16,-0.0686,-0.0486,-0.0520,-0.1244
PK00073461,2018,5,-0.0574,-0.0849,-0.0769,-0.1026
PK00073461,2019,7,0.0286,0.0175,0.0047,0.0053
PK00073461,2020,5,-0.0442,-0.0525,0.0000,0.0000
PK00073461,2021,2,-0.0045,0.0252,0.0446,0.0537
PK00073461,2022,9,0.0147,-0.1345,-0.1187,-0.0871
PK00073461,2023,1,0.0305,-0.0845,-0.0380,-0.0135
PK00073461,2024,5,0.0000,0.0000,-0.0066,-0.0026
PK00073461,2025,7,0.0327,-0.0929,-0.0915,-0.0506
PK00073461,2026,16,-0.0633,-0.1139,-0.1243,-0.1227
PK00074340,2018,5,-0.0580,-0.0620,-0.0544,-0.0828
PK00074340,2019,8,-0.0082,0.0539,0.0228,-0.0046
PK00074340,2020,6,-0.0538,0.0000,-0.0122,-0.0398
PK00074340,2021,3,0.0029,-0.0345,-0.0250,0.0000
PK00074340,2022,8,-0.0208,-0.0123,-0.0407,-0.0324
PK00074340,2023,1,0.0064,0.0661,0.0321,0.0266
PK00074340,2024,5,0.0000,-0.0127,0.0000,0.0032
PK00074340,2025,8,-0.0196,-0.0796,-0.1124,-0.0495
PK00074340,2026,17,-0.0079,-0.0088,-0.0396,-0.0339
PK00074655,2018,8,-0.2738,-0.0810,-0.1066,-0.2351
PK00074655,2019,8,0.0216,0.0515,0.0218,0.0166
PK00074655,2020,5,-0.0216,-0.0672,-0.0499,-0.0193
PK00074655,2021,3,0.1027,0.0288,0.0367,0.0611
PK00074655,2022,8,0.0076,-0.0028,-0.0030,-0.0343
PK00074655,2024,6,-0.0308,-0.0288,-0.0218,-0.0166
PK00074655,2025,6,0.0555,0.0462,0.0211,-0.0203
PK00074655,2026,16,0.0150,0.0203,-0.0193,-0.0377
PK00074657,2018,7,-0.1707,-0.1471,-0.1203,-0.1730
PK00074657,2019,8,-0.0255,0.0096,0.0205,0.0021
PK00074657,2020,5,-0.0318,-0.0096,-0.0336,-0.0459
PK00074657,2021,3,0.0691,0.0777,0.0672,0.0548
PK00074657,2022,7,-0.0406,-0.1523,-0.0714,-0.0761
PK00074657,2024,6,0.0255,-0.0303,-0.0205,-0.0021
PK00074657,2025,6,0.0111,-0.1911,-0.0898,-0.0706
PK00074657,2026,16,-0.0241,-0.1617,-0.1473,-0.1258
PK00074724,2018,3,-0.1792,-0.1310,-0.0859,-0.1573
PK00074724,2019,10,0.0000,0.0571,0.0266,0.0065
PK00074724,2020,3,-0.0358,-0.0170,-0.0211,-0.0370
PK00074724,2021,4,0.0222,0.0000,0.0000,0.0000
PK00074724,2022,9,-0.1072,-0.0712,-0.0319,-0.1000
PK00074724,2023,1,0.0006,0.0397,0.0552,0.0182
PK00074724,2024,5,-0.0369,-0.0513,-0.0242,-0.0282
PK00074724,2025,7,-0.0252,-0.0201,0.0235,-0.0455
PK00074724,2026,16,-0.0392,-0.0119,-0.0136,-0.0420
PK00077006,2018,7,-0.0753,-0.1399,-0.0999,-0.1274
PK00077006,2019,8,-0.0301,0.0019,0.0011,-0.0128
PK00077006,2020,4,0.0000,0.0113,-0.0049,0.0000
PK00077006,2021,3,0.0059,-0.0397,0.0000,0.0153
PK00077006,2022,8,0.0278,-0.0702,-0.0544,-0.0588
PK00077006,2023,1,0.0067,0.0000,0.0077,0.0240
PK00077006,2024,6,-0.0876,-0.0182,-0.0641,-0.0770
PK00077006,2025,8,0.0369,-0.0453,-0.0468,-0.0489
PK00077006,2026,15,-0.0375,-0.0843,-0.0766,-0.0860
PK00077041,2018,4,-0.1441,-0.2040,-0.1372,-0.2049
PK00077041,2019,8,0.0161,0.0612,0.0255,0.0102
PK00077041,2020,4,-0.0799,-0.0849,-0.1031,-0.1272
PK00077041,2021,4,0.0000,0.0000,0.0000,0.0000
PK00077041,2022,9,-0.0411,-0.1179,-0.0837,-0.1053
PK00077041,2023,1,0.0374,0.0167,0.0182,0.0260
PK00077041,2024,5,-0.0028,-0.0283,-0.0520,-0.0255
PK00077041,2025,8,-0.0182,-0.1201,-0.0864,-0.1047
PK00077041,2026,14,-0.0439,-0.1692,-0.1381,-0.1559
PK00077042,2018,4,-0.1626,-0.0873,-0.0804,-0.2446
PK00077042,2019,8,0.0221,0.0885,0.0364,0.0186
PK00077042,2020,4,-0.0818,-0.0425,-0.0789,-0.1405
PK00077042,2021,4,0.0000,0.0000,0.0000,0.0000
PK00077042,2022,9,-0.0397,-0.0733,-0.0571,-0.1117
PK00077042,2023,1,0.0518,0.0191,0.0173,0.0368
PK00077042,2024,5,-0.0216,-0.0416,-0.0654,-0.0353
PK00077042,2025,8,0.0207,-0.0344,-0.0116,-0.1186
PK00077042,2026,14,-0.0161,-0.0913,-0.0732,-0.1553
PK00077047,2018,4,-0.1785,-0.2708,-0.1569,-0.2374
PK00077047,2019,8,0.0204,0.0173,0.0000,0.0178
PK00077047,2020,4,-0.0050,0.0173,0.0004,-0.0216
PK00077047,2021,3,0.0170,0.0000,0.0152,0.0205
PK00077047,2022,9,-0.0788,-0.1607,-0.0756,-0.1168
PK00077047,2023,1,0.0000,-0.0506,-0.0194,0.0000
PK00077047,2024,5,-0.0040,-0.0260,-0.0316,-0.0161
PK00077047,2025,8,-0.1211,-0.2004,-0.1326,-0.1811
PK00077047,2026,15,-0.1352,-0.2186,-0.1797,-0.2172
PK00077049,2018,4,-0.1126,-0.1373,-0.1432,-0.1317
PK00077049,2019,8,-0.0045,0.0000,-0.0281,-0.0042
PK00077049,2020,4,-0.0304,0.0431,0.0000,-0.0291
PK00077049,2021,2,0.0449,-0.0265,0.0398,0.0452
PK00077049,2022,9,-0.0478,-0.0525,-0.0509,-0.0594
PK00077049,2023,1,0.0000,-0.0228,0.0202,0.0060
PK00077049,2024,5,0.0047,0.0356,-0.0129,0.0000
PK00077049,2025,8,-0.0727,-0.0893,-0.0443,-0.0902
PK00077049,2026,15,-0.0789,-0.1354,-0.1082,-0.1027
PK00077052,2018,4,-0.1250,-0.1664,-0.1157,-0.1601
PK00077052,2019,8,-0.0187,0.0286,0.0210,-0.0136
PK00077052,2020,4,-0.0036,-0.0329,-0.0190,-0.0141
PK00077052,2021,2,0.0451,0.0030,0.0347,0.0405
PK00077052,2022,9,-0.0543,-0.0688,-0.0397,-0.0701
PK00077052,2023,1,0.0217,0.0000,0.0000,0.0225
PK00077052,2024,5,0.0000,-0.0077,-0.0089,0.0000
PK00077052,2025,8,-0.0329,-0.1014,-0.0630,-0.0800
PK00077052,2026,15,-0.0784,-0.1338,-0.0870,-0.1084
PK00077058,2018,4,-0.0453,-0.0573,-0.0432,-0.0907
PK00077058,2019,8,0.0000,0.0906,0.0201,0.0000
PK00077058,2020,4,-0.0507,-0.0519,-0.0561,-0.0513
PK00077058,2021,3,0.0247,0.0000,0.0000,0.0211
PK00077058,2022,9,-0.0179,-0.0123,-0.0414,-0.0438
PK00077058,2023,1,0.0373,0.0653,0.0178,0.0320
PK00077058,2024,6,-0.0754,-0.0019,-0.0741,-0.0719
PK00077058,2025,8,-0.0201,-0.0173,-0.0324,-0.0677
PK00077058,2026,15,-0.0145,-0.0273,-0.0300,-0.0595
PK00077072,2018,4,0.0038,-0.1405,-0.0970,-0.1098
PK00077072,2019,9,-0.0146,-0.0416,-0.0319,0.0025
PK00077072,2020,3,0.0119,-0.0014,-0.0047,-0.0117
PK00077072,2021,3,0.0311,0.0014,0.0335,0.0367
PK00077072,2022,9,0.0015,-0.0898,-0.0257,-0.0881
PK00077072,2024,4,-0.0119,0.0225,0.0047,-0.0025
PK00077072,2025,8,0.0349,-0.0831,-0.0293,-0.0763
PK00077072,2026,15,0.0133,-0.0480,-0.0495,-0.1073
PK00077075,2018,4,-0.0752,-0.1821,-0.0958,-0.1257
PK00077075,2019,9,-0.0339,-0.0692,-0.0193,-0.0464
PK00077075,2020,4,-0.0226,0.0080,-0.0189,-0.0125
PK00077075,2021,3,0.0427,-0.0080,0.0272,0.0372
PK00077075,2022,9,-0.0523,-0.1094,-0.0555,-0.0838
PK00077075,2024,4,0.0226,0.0100,0.0189,0.0125
PK00077075,2025,8,-0.0445,-0.0991,-0.0317,-0.0794
PK00077075,2026,15,-0.0385,-0.0889,-0.0476,-0.0766
PK00077852,2018,6,0.0182,-0.0643,-0.0049,-0.0430
PK00077852,2019,8,-0.0119,-0.0034,0.0000,0.0002
PK00077852,2020,5,0.0034,0.0202,0.0008,-0.0112
PK00077852,2021,3,0.1026,0.0000,0.0232,0.0529
PK00077852,2022,7,0.0098,-0.0189,-0.0170,-0.0504
PK00077852,2023,1,-0.0459,-0.0299,-0.0251,-0.0408
PK00077852,2024,7,0.0000,0.0308,-0.0018,0.0000
PK00077852,2025,6,-0.0061,-0.0507,-0.0793,-0.0564
PK00077852,2026,16,0.0206,-0.0295,-0.0157,-0.0287
PK00078398,2018,2,-0.1636,-0.0965,-0.1146,-0.0828
PK00078398,2019,5,0.0000,0.0000,0.0063,0.0000
PK00078398,2020,4,-0.0457,-0.0149,-0.0400,-0.0271
PK00078398,2021,2,0.1935,0.1614,0.2431,0.1415
PK00078398,2022,7,0.0180,0.0101,0.0049,0.0220
PK00078398,2023,2,-0.0272,-0.0270,-0.0410,-0.0141
PK00078398,2024,5,0.0106,0.0260,0.0000,0.0414
PK00078398,2025,6,0.0621,0.0473,0.0361,0.0624
PK00078398,2026,15,0.0348,0.0391,0.0081,0.0460
PK00078400,2018,4,-0.0319,-0.0262,-0.0208,-0.0430
PK00078400,2019,4,0.0000,-0.0336,-0.0266,0.0050
PK00078400,2020,3,-0.0125,-0.0122,-0.0262,-0.0065
PK00078400,2021,2,0.0992,0.0000,0.0482,0.1315
PK00078400,2022,4,-0.0655,-0.0023,-0.1510,-0.0200
PK00078400,2023,2,0.0624,0.0991,0.0891,0.0000
PK00078400,2024,5,-0.0755,0.0171,0.0000,-0.0405
PK00078400,2025,7,0.0393,-0.0647,-0.0316,0.0206
PK00078400,2026,15,-0.0147,-0.0353,-0.0627,-0.0100
PK00078401,2018,1,-0.0129,0.0178,-0.0326,-0.1294
PK00078401,2019,3,0.1008,0.0053,-0.0136,0.0223
PK00078401,2020,3,0.0471,-0.0113,0.0136,-0.0223
PK00078401,2021,2,-0.0789,0.0184,0.0561,0.1275
PK00078401,2024,2,-0.0471,-0.0053,-0.0370,-0.0328
PK00078401,2025,7,0.0017,-0.0026,-0.0147,-0.0515
PK00078401,2026,10,0.0060,-0.0076,-0.0404,-0.0638
PK00078402,2018,1,-0.1574,0.0811,0.0138,-0.1227
PK00078402,2019,3,0.0260,0.0094,-0.0192,0.0209
PK00078402,2020,3,-0.0260,-0.0094,0.0192,-0.0438
PK00078402,2021,2,0.0305,0.0340,0.0526,0.0958
PK00078402,2024,2,-0.0596,-0.0200,-0.0565,-0.0209
PK00078402,2025,7,-0.0016,0.0510,0.0391,-0.0338
PK00078402,2026,10,-0.0397,0.0210,-0.0139,-0.0623
PK00078403,2018,4,-0.2508,0.0524,0.0124,-0.0943
PK00078403,2019,5,-0.0131,-0.1122,-0.0634,0.0000
PK00078403,2020,4,-0.1091,-0.0872,-0.0840,-0.0362
PK00078403,2021,2,0.0899,0.0000,0.0655,0.0803
PK00078403,2022,7,0.0747,0.0993,0.0752,0.0562
PK00078403,2023,1,0.0699,0.1690,0.1648,0.0035
PK00078403,2024,6,0.0000,0.0776,0.0000,-0.0033
PK00078403,2025,7,0.1139,0.0518,0.1520,0.0641
PK00078403,2026,15,0.0270,0.0367,0.0049,0.0208
PK00078730,2018,5,-0.0467,-0.1192,-0.0530,-0.0506
PK00078730,2019,7,-0.0411,0.0341,-0.0019,0.0000
PK00078730,2020,4,-0.0414,-0.0133,-0.0087,-0.0357
PK00078730,2021,4,0.0150,-0.0154,0.0129,0.0180
PK00078730,2022,6,-0.0080,-0.0070,0.0103,-0.0139
PK00078730,2023,1,0.0185,0.0207,0.0559,0.0460
PK00078730,2024,7,0.0000,0.0000,0.0000,-0.0177
PK00078730,2025,5,0.0238,0.0471,0.0519,0.0053
PK00078730,2026,18,0.0099,0.0236,0.0009,-0.0023
PK00078763,2018,6,-0.0960,-0.0668,-0.0374,-0.1034
PK00078763,2019,7,-0.0042,-0.0142,0.0093,0.0000
PK00078763,2020,3,-0.0090,0.0059,-0.0005,-0.0117
PK00078763,2021,3,0.1034,-0.0033,0.0432,0.0624
PK00078763,2022,8,-0.0922,-0.0365,-0.0298,-0.0864
PK00078763,2023,1,0.0227,0.0000,0.0000,0.0160
PK00078763,2024,7,0.0000,0.0105,-0.0014,-0.0071
PK00078763,2025,5,-0.0233,-0.0145,-0.0040,-0.0500
PK00078763,2026,15,-0.0464,-0.0339,-0.0594,-0.0716
PK00079392,2018,4,-0.0106,-0.0920,-0.0475,-0.1395
PK00079392,2019,8,0.0037,0.0444,0.0000,0.0000
PK00079392,2020,3,-0.1215,-0.0797,-0.0782,-0.1312
PK00079392,2021,4,0.0000,-0.0070,0.0010,0.0193
PK00079392,2022,7,0.0737,-0.0299,0.0097,-0.0694
PK00079392,2023,1,0.0010,0.0348,0.0186,0.0178
PK00079392,2024,6,-0.0558,0.0000,-0.0558,-0.0538
PK00079392,2025,6,0.1153,0.0048,0.0031,-0.0581
PK00079392,2026,16,0.0695,-0.0113,-0.0193,-0.0774
PK00079408,2018,4,-0.0065,-0.1111,-0.0567,-0.0746
PK00079408,2019,8,0.0095,-0.0180,0.0010,0.0000
PK00079408,2020,3,-0.0370,-0.0771,-0.0687,-0.0596
PK00079408,2021,4,0.0198,0.0002,0.0000,0.0322
PK00079408,2022,6,-0.0128,-0.1084,-0.0823,-0.0616
PK00079408,2023,1,0.0000,0.0264,0.0192,0.0300
PK00079408,2024,7,-0.0402,0.0000,-0.0345,-0.0419
PK00079408,2025,6,0.0316,-0.0780,-0.0486,-0.0474
PK00079408,2026,16,0.0002,-0.0840,-0.0691,-0.0662
PK00079571,2018,6,0.0103,-0.0689,-0.0360,0.0007
PK00079571,2019,8,0.1342,0.0433,0.0421,0.1246
PK00079571,2020,5,0.0000,0.0000,0.0000,0.0000
PK00079571,2021,3,-0.0065,-0.0339,-0.0128,-0.0005
PK00079571,2022,7,-0.0149,-0.0359,-0.0296,-0.0132
PK00079571,2023,1,-0.0404,0.0003,0.0056,-0.0249
PK00079571,2024,6,0.0344,-0.0071,-0.0055,0.0350
PK00079571,2025,7,-0.0340,-0.0224,-0.0167,-0.0269
PK00079571,2026,16,-0.0328,-0.0225,-0.0371,-0.0237
PK00079574,2018,5,-0.0842,-0.0614,-0.0685,-0.0857
PK00079574,2019,8,0.0359,0.0421,0.0157,0.0387
PK00079574,2020,6,0.0000,-0.0131,0.0000,-0.0080
PK00079574,2021,3,-0.0104,-0.0661,-0.0257,0.0000
PK00079574,2022,6,-0.0548,-0.0601,-0.0433,-0.0444
PK00079574,2023,1,0.0369,0.0093,0.0291,0.0420
PK00079574,2024,6,-0.0125,0.0000,-0.0088,-0.0046
PK00079574,2025,7,-0.0096,-0.0484,-0.0483,-0.0155
PK00079574,2026,16,-0.0974,-0.0787,-0.0850,-0.0816
PK00079688,2018,5,-0.0220,-0.0946,-0.0501,-0.0557
PK00079688,2019,6,0.0094,0.0209,0.0342,0.0000
PK00079688,2020,3,-0.0495,-0.0225,-0.0538,-0.0523
PK00079688,2021,4,0.0239,-0.0368,-0.0108,0.0207
PK00079688,2022,8,0.0210,-0.0025,-0.0032,0.0175
PK00079688,2023,2,0.0000,0.0604,0.0338,0.0218
PK00079688,2024,6,-0.0619,0.0000,0.0000,-0.0439
PK00079688,2025,7,0.0109,-0.0050,-0.0068,-0.0086
PK00079688,2026,15,-0.0059,-0.0334,-0.0623,-0.0242
PK00079823,2018,5,-0.0870,-0.0701,-0.1309,-0.1280
PK00079823,2019,7,0.0000,0.0116,0.0000,0.0000
PK00079823,2020,2,-0.0699,-0.0238,-0.0243,-0.0696
PK00079823,2021,2,0.0979,0.0000,0.0475,0.0455
PK00079823,2022,9,-0.0626,-0.0489,-0.0365,-0.1098
PK00079823,2023,2,0.0014,0.0520,0.0456,0.0070
PK00079823,2024,6,-0.0010,-0.0286,-0.0271,-0.0267
PK00079823,2025,8,-0.0234,-0.0388,-0.0541,-0.0707
PK00079823,2026,18,-0.0447,-0.0632,-0.1160,-0.0958
PK00079826,2018,5,-0.0188,-0.0752,-0.0408,-0.0578
PK00079826,2019,7,0.0000,0.0114,0.0000,0.0000
PK00079826,2020,2,-0.0757,0.0000,-0.0401,-0.0730
PK00079826,2021,2,0.0740,-0.0712,0.0207,0.0670
PK00079826,2022,9,-0.0303,-0.0526,-0.0411,-0.0633
PK00079826,2023,2,0.0067,0.0197,0.0519,0.0049
PK00079826,2024,6,-0.0224,-0.0725,-0.0337,-0.0341
PK00079826,2025,8,0.0129,-0.0145,-0.0147,-0.0292
PK00079826,2026,18,-0.0382,-0.0650,-0.0740,-0.0652
PK00079827,2018,5,-0.0278,-0.0794,-0.0547,-0.0788
PK00079827,2019,7,0.0000,0.0086,0.0000,0.0000
PK00079827,2020,2,-0.0781,0.0000,-0.0476,-0.0746
PK00079827,2021,2,0.0736,-0.0804,0.0013,0.0552
PK00079827,2022,9,-0.0419,-0.0684,-0.0585,-0.0890
PK00079827,2023,2,0.0251,0.0267,0.0476,0.0161
PK00079827,2024,6,-0.0301,-0.0843,-0.0449,-0.0420
PK00079827,2025,8,0.0005,-0.0213,-0.0290,-0.0486
PK00079827,2026,18,-0.0517,-0.0772,-0.1002,-0.0898
PK00079828,2018,5,-0.0525,-0.0731,-0.0534,-0.0754
PK00079828,2019,7,0.0000,0.0123,0.0303,0.0000
PK00079828,2020,2,-0.0646,0.0000,0.0000,-0.0590
PK00079828,2021,2,0.0277,-0.0907,-0.0071,0.0266
PK00079828,2022,9,-0.0358,-0.1016,-0.0486,-0.0478
PK00079828,2023,2,0.0220,0.0520,0.0818,0.0218
PK00079828,2024,6,-0.0211,-0.0614,-0.0131,-0.0234
PK00079828,2025,8,-0.0155,-0.0318,-0.0169,-0.0411
PK00079828,2026,18,-0.0776,-0.0937,-0.0865,-0.0935
PK00079829,2018,5,-0.0411,-0.0277,-0.0401,-0.0536
PK00079829,2019,7,0.0000,0.0006,0.0000,0.0000
PK00079829,2020,2,-0.0886,-0.0324,-0.0616,-0.0819
PK00079829,2021,2,0.0781,-0.0148,0.0320,0.0642
PK00079829,2022,9,-0.0734,-0.0249,-0.0645,-0.0859
PK00079829,2023,2,0.0014,0.0340,0.0240,0.0027
PK00079829,2024,6,-0.0374,0.0000,-0.0465,-0.0348
PK00079829,2025,7,-0.0322,-0.0069,-0.0427,-0.0435
PK00079829,2026,18,-0.0498,-0.0302,-0.0587,-0.0588
PK00079830,2018,5,-0.0525,-0.0016,-0.0326,-0.0306
PK00079830,2019,7,0.0000,0.0082,0.0000,-0.0041
PK00079830,2020,2,-0.1056,-0.0550,-0.0884,-0.0775
PK00079830,2021,2,0.0809,0.0000,0.0398,0.0854
PK00079830,2022,9,-0.0583,-0.0035,-0.0407,-0.0506
PK00079830,2023,2,0.0046,0.0371,0.0133,0.0235
PK00079830,2024,6,-0.0128,-0.0023,-0.0577,0.0000
PK00079830,2025,7,0.0036,0.0027,-0.0575,-0.0104
PK00079830,2026,18,-0.0238,-0.0268,-0.0857,-0.0171
PK00079831,2018,5,0.0076,-0.0370,-0.0097,-0.0222
PK00079831,2019,7,0.0209,0.0079,-0.0119,0.0054
PK00079831,2020,2,-0.1151,-0.0187,-0.0791,-0.1080
PK00079831,2021,2,0.1129,-0.0536,0.0269,0.0972
PK00079831,2022,9,-0.0111,-0.0198,-0.0772,-0.0191
PK00079831,2023,2,0.0000,0.0000,0.0247,-0.0016
PK00079831,2024,6,-0.0018,0.0020,0.0000,0.0000
PK00079831,2025,8,0.0240,0.0505,0.0040,0.0013
PK00079831,2026,18,0.0046,0.0002,-0.0097,0.0034
PK00079833,2018,5,-0.0264,0.0592,0.0364,-0.0255
PK00079833,2019,7,0.0000,-0.0101,0.0109,0.0037
PK00079833,2020,2,-0.1603,0.0000,-0.0615,-0.1349
PK00079833,2021,2,0.1104,0.0536,0.0859,0.1054
PK00079833,2022,9,-0.0547,0.0200,0.0154,-0.0435
PK00079833,2023,2,-0.0776,-0.0022,-0.0220,-0.0627
PK00079833,2024,6,0.0086,0.0422,0.0000,0.0000
PK00079833,2025,8,-0.0025,0.0182,-0.0115,-0.0267
PK00079833,2026,18,-0.0085,-0.0084,-0.0284,-0.0214
PK00079835,2018,5,0.0045,0.0077,0.0265,-0.0072
PK00079835,2019,7,0.0544,0.0194,-0.0058,0.0192
PK00079835,2020,2,-0.0854,0.0118,-0.0365,-0.0793
PK00079835,2021,2,0.1617,-0.0165,0.0510,0.0793
PK00079835,2022,9,0.0181,0.0169,0.0102,0.0052
PK00079835,2023,2,0.0000,0.0000,0.0000,-0.0434
PK00079835,2024,6,-0.0047,-0.0040,0.0232,0.0000
PK00079835,2025,8,0.0277,0.0336,0.0183,0.0167
PK00079835,2026,18,0.0033,0.0054,0.0028,-0.0063
PK00079842,2018,5,-0.0298,-0.0650,-0.0777,-0.0782
PK00079842,2019,7,-0.0013,0.0000,0.0036,0.0000
PK00079842,2020,2,-0.0724,-0.0435,-0.0518,-0.0812
PK00079842,2021,2,0.0754,0.0005,-0.0151,0.0162
PK00079842,2022,9,0.0284,-0.0157,-0.0197,-0.0165
PK00079842,2023,2,0.0108,0.0575,0.0241,0.0066
PK00079842,2024,6,0.0000,-0.0221,0.0000,-0.0207
PK00079842,2025,8,0.0695,-0.0256,-0.0413,0.0136
PK00079842,2026,18,-0.0009,-0.0463,-0.0705,-0.0403
PK00081758,2018,4,-0.0555,-0.1138,-0.0090,-0.0667
PK00081758,2019,5,0.0000,-0.0130,-0.0042,0.0000
PK00081758,2020,2,-0.0132,0.0093,0.0000,-0.0103
PK00081758,2021,4,0.0178,0.0000,0.0176,0.0181
PK00081758,2022,9,-0.0030,-0.0588,0.0019,-0.0095
PK00081758,2023,1,-0.4410,-0.1935,-0.2916,-0.4006
PK00081758,2024,6,0.0383,0.0077,0.0129,0.0349
PK00081758,2025,7,-0.0114,-0.0952,-0.0548,-0.0360
PK00081758,2026,15,-0.0823,-0.0999,-0.0628,-0.0819
PK00081760,2018,4,-0.0907,-0.1713,-0.1065,-0.1096
PK00081760,2019,5,-0.0261,-0.0077,-0.0091,-0.0293
PK00081760,2020,2,-0.0109,0.0132,0.0086,-0.0114
PK00081760,2021,4,0.0272,0.0057,0.0395,0.0245
PK00081760,2022,9,-0.0022,-0.1118,-0.0780,-0.0217
PK00081760,2024,6,0.0109,-0.0057,-0.0086,0.0114
PK00081760,2025,7,-0.0428,-0.1755,-0.1041,-0.0602
PK00081760,2026,15,-0.0611,-0.1431,-0.1204,-0.0685
PK00081762,2018,4,-0.0335,-0.0613,-0.0314,-0.0822
PK00081762,2019,5,-0.0216,0.0085,-0.0104,-0.0258
PK00081762,2020,2,-0.0006,-0.0019,-0.0140,-0.0048
PK00081762,2021,4,0.0006,-0.0108,0.0290,0.0048
PK00081762,2022,9,0.0284,0.0317,0.0043,-0.0180
PK00081762,2024,6,0.0256,0.0019,0.0104,0.0199
PK00081762,2025,7,0.0087,0.0588,-0.0153,-0.0399
PK00081762,2026,15,0.0204,-0.0040,-0.0138,-0.0306
PK00081773,2018,5,-0.0127,-0.1335,-0.1101,-0.0576
PK00081773,2019,6,-0.0106,-0.0095,0.0037,-0.0043
PK00081773,2020,2,0.0092,0.0095,-0.0037,0.0042
PK00081773,2021,4,0.0330,0.0188,0.0055,0.0251
PK00081773,2022,9,0.0394,-0.0859,-0.0373,0.0053
PK00081773,2024,6,-0.0092,-0.0560,-0.0583,-0.0042
PK00081773,2025,7,-0.0363,-0.1295,-0.1251,-0.0619
PK00081773,2026,16,-0.0850,-0.1579,-0.1675,-0.0925
PK00081775,2018,5,-0.1800,-0.0718,-0.0780,-0.1601
PK00081775,2019,7,0.0117,-0.0029,-0.0071,0.0042
PK00081775,2020,2,-0.0200,0.0225,-0.0044,-0.0162
PK00081775,2021,4,-0.0117,-0.0133,0.0044,-0.0042
PK00081775,2022,9,-0.0087,0.0244,0.0243,-0.0037
PK00081775,2024,6,0.0144,0.0029,0.0113,0.0140
PK00081775,2025,7,-0.0285,-0.0039,-0.0084,-0.0402
PK00081775,2026,16,-0.1089,-0.0807,-0.0805,-0.1026
PK00081785,2018,4,-0.0018,-0.1417,-0.1040,-0.0789
PK00081785,2019,5,0.0000,0.0000,0.0000,0.0000
PK00081785,2020,2,-0.0243,-0.0147,0.0054,-0.0250
PK00081785,2021,4,0.0424,0.0244,0.0144,0.0255
PK00081785,2022,9,0.0637,-0.1179,-0.0601,-0.0137
PK00081785,2023,1,-0.4831,-0.1962,-0.3565,-0.3723
PK00081785,2024,6,0.0436,0.0383,-0.0108,0.0185
PK00081785,2025,7,0.1162,-0.0946,-0.1186,-0.0322
PK00081785,2026,15,0.0955,-0.1396,-0.1424,-0.0475
PK00081786,2018,4,-0.0376,-0.0433,-0.0100,-0.0766
PK00081786,2019,5,0.0126,0.0264,0.0000,0.0132
PK00081786,2020,2,-0.0049,-0.0072,-0.0119,-0.0120
PK00081786,2021,4,0.0509,0.0000,0.0140,0.0355
PK00081786,2022,9,-0.0200,-0.0151,0.0109,-0.0323
PK00081786,2023,1,-0.4806,-0.1926,-0.3236,-0.4297
PK00081786,2024,6,0.0000,0.0456,0.0066,0.0000
PK00081786,2025,7,-0.0074,-0.0088,-0.0233,-0.0339
PK00081786,2026,15,0.0014,-0.0387,-0.0386,-0.0557
PK00081787,2018,4,-0.0046,-0.1025,-0.0826,-0.0656
PK00081787,2019,5,-0.0198,0.0063,0.0047,-0.0002
PK00081787,2020,2,-0.0044,-0.0035,-0.0015,-0.0102
PK00081787,2021,4,0.0166,-0.0068,0.0015,0.0075
PK00081787,2022,9,0.0100,-0.0565,-0.0325,-0.0116
PK00081787,2024,6,0.0044,0.0035,-0.0091,0.0002
PK00081787,2025,7,0.0218,-0.0746,-0.0699,-0.0249
PK00081787,2026,15,0.0184,-0.0815,-0.0775,-0.0400
PK00081789,2018,5,-0.0904,-0.0894,-0.0491,-0.1085
PK00081789,2019,6,-0.0116,0.0158,0.0100,-0.0064
PK00081789,2020,2,-0.0100,0.0058,-0.0100,-0.0118
PK00081789,2021,4,0.0137,-0.0058,0.0220,0.0064
PK00081789,2022,9,-0.0514,0.0007,-0.0491,-0.0384
PK00081789,2024,6,0.0100,-0.0063,-0.0198,0.0159
PK00081789,2025,7,-0.0176,0.0137,-0.0319,-0.0237
PK00081789,2026,15,-0.0447,-0.0148,-0.0512,-0.0544
PK00081790,2018,4,-0.1156,-0.0698,-0.0981,-0.1520
PK00081790,2019,6,0.0225,0.0578,0.0080,0.0338
PK00081790,2020,2,-0.0225,0.0015,-0.0080,-0.0338
PK00081790,2021,4,0.0457,-0.0015,0.0119,0.0477
PK00081790,2022,9,-0.0069,-0.0580,-0.0572,-0.1133
PK00081790,2024,6,-0.0370,-0.0201,-0.0339,-0.0451
PK00081790,2025,7,-0.0181,-0.0105,-0.0559,-0.1113
PK00081790,2026,15,-0.0412,-0.0509,-0.1276,-0.1500
PK00081791,2018,4,0.0380,-0.0011,-0.0052,-0.0382
PK00081791,2019,6,0.0430,0.0751,0.0437,0.0431
PK00081791,2020,2,-0.0041,-0.0907,0.0209,0.0000
PK00081791,2021,4,0.0577,0.0000,0.0000,0.0557
PK00081791,2022,9,0.0933,0.0083,0.0136,0.0244
PK00081791,2023,1,-0.4467,-0.0940,-0.3362,-0.4105
PK00081791,2024,6,0.0000,0.0089,-0.0041,-0.0026
PK00081791,2025,7,0.0807,0.0684,-0.0252,0.0023
PK00081791,2026,15,0.0541,-0.0002,-0.0448,-0.0318
PK00081793,2018,5,-0.0510,-0.1710,-0.1716,-0.1433
PK00081793,2019,6,0.0348,0.0535,0.0385,0.0459
PK00081793,2020,2,0.0000,-0.0492,0.0000,0.0000
PK00081793,2021,4,0.0806,0.0353,0.0396,0.0779
PK00081793,2022,9,0.0378,-0.2129,-0.0951,-0.0391
PK00081793,2023,1,-0.3386,-0.1231,-0.2878,-0.3509
PK00081793,2024,6,-0.0215,0.0000,-0.0344,-0.0155
PK00081793,2025,7,0.0817,-0.1371,-0.0745,-0.0214
PK00081793,2026,15,0.0475,-0.1218,-0.1451,-0.0807
PK00081794,2018,5,-0.0633,-0.1360,-0.0973,-0.0803
PK00081794,2019,7,-0.0082,-0.0085,0.0185,-0.0037
PK00081794,2020,2,0.0124,-0.0466,0.0128,0.0035
PK00081794,2021,4,0.0082,0.0149,-0.0251,0.0073
PK00081794,2022,9,-0.0986,-0.1584,-0.1417,-0.0947
PK00081794,2024,6,-0.0094,0.0085,-0.0128,-0.0035
PK00081794,2025,7,-0.0122,-0.1099,-0.0723,-0.0313
PK00081794,2026,15,-0.0389,-0.1003,-0.0697,-0.0441
PK00081795,2018,4,-0.0293,-0.1146,-0.0690,-0.0593
PK00081795,2019,7,0.0119,-0.0119,0.0055,0.0158
PK00081795,2020,2,-0.0220,-0.0382,0.0098,-0.0273
PK00081795,2021,4,-0.0119,0.0143,-0.0277,-0.0158
PK00081795,2022,9,-0.0018,-0.1382,-0.1326,-0.0309
PK00081795,2024,6,0.0543,0.0119,-0.0055,0.0367
PK00081795,2025,7,0.0364,-0.0906,-0.0589,-0.0119
PK00081795,2026,15,0.0205,-0.0920,-0.0621,-0.0216
PK00081797,2018,5,-0.0691,-0.0723,-0.0686,-0.0813
PK00081797,2019,7,-0.0231,-0.0253,-0.0177,-0.0068
PK00081797,2020,2,-0.0234,-0.0197,-0.0114,-0.0246
PK00081797,2021,4,0.0231,0.0305,0.0287,0.0068
PK00081797,2022,9,-0.0126,-0.0435,-0.0313,-0.0175
PK00081797,2024,6,0.0402,0.0197,0.0114,0.0403
PK00081797,2025,7,-0.0183,-0.0514,-0.0320,-0.0367
PK00081797,2026,15,-0.0273,-0.0308,-0.0205,-0.0313
PK00081798,2018,4,-0.0361,-0.0779,-0.0490,-0.0618
PK00081798,2019,7,-0.0007,0.0053,0.0047,-0.0027
PK00081798,2020,2,-0.0161,-0.0053,-0.0189,-0.0275
PK00081798,2021,4,0.0196,-0.0226,0.0163,0.0027
PK00081798,2022,9,-0.0167,-0.0504,-0.0727,-0.0427
PK00081798,2024,6,0.0007,0.0056,-0.0047,0.0124
PK00081798,2025,7,-0.0104,-0.0585,-0.0224,-0.0301
PK00081798,2026,15,-0.0229,-0.0300,-0.0428,-0.0436
PK00081804,2018,4,0.0679,-0.0343,0.0056,-0.0266
PK00081804,2019,7,0.0423,0.0404,0.0120,0.0190
PK00081804,2020,2,-0.0117,0.0012,0.0000,0.0000
PK00081804,2021,4,0.0678,0.0000,0.0357,0.0624
PK00081804,2022,9,0.0462,0.0236,0.0482,-0.0077
PK00081804,2023,1,-0.5350,-0.3614,-0.4718,-0.4625
PK00081804,2024,6,0.0000,-0.0347,-0.0206,-0.0096
PK00081804,2025,7,0.0406,0.0236,0.0111,0.0012
PK00081804,2026,15,0.0404,0.0112,0.0164,-0.0110
PK00081807,2018,4,-0.0215,-0.0221,-0.0197,-0.0443
PK00081807,2019,7,-0.0045,0.0051,-0.0051,-0.0033
PK00081807,2020,2,-0.0080,-0.0135,0.0051,-0.0005
PK00081807,2021,4,0.0269,-0.0051,0.0350,0.0357
PK00081807,2022,9,0.0085,-0.0086,-0.0079,-0.0082
PK00081807,2024,5,0.0045,0.0120,-0.0095,0.0005
PK00081807,2025,7,0.0127,-0.0158,0.0019,0.0013
PK00081807,2026,15,-0.0762,-0.0685,-0.0734,-0.0670
PK00081900,2018,5,-0.0804,-0.0790,-0.0550,-0.0944
PK00081900,2019,9,0.0248,-0.0318,-0.0010,0.0150
PK00081900,2020,3,-0.0072,0.0000,-0.0069,-0.0096
PK00081900,2021,3,0.0000,-0.0166,0.0226,-0.0040
PK00081900,2022,7,-0.0503,-0.0646,-0.0481,-0.0548
PK00081900,2023,1,0.0180,0.0228,0.0255,0.0203
PK00081900,2024,5,-0.0055,0.0020,0.0000,0.0000
PK00081900,2025,7,-0.0117,-0.0560,-0.0395,-0.0112
PK00081900,2026,18,-0.0683,-0.0714,-0.0451,-0.0607
PK00082275,2018,5,-0.1301,-0.0232,-0.0418,-0.1188
PK00082275,2019,8,0.0000,0.0378,0.0000,0.0000
PK00082275,2020,5,-0.0698,-0.0550,-0.0612,-0.0543
PK00082275,2021,3,0.0917,-0.0528,0.0057,0.0610
PK00082275,2022,9,-0.0155,0.0663,-0.0098,-0.0246
PK00082275,2023,1,0.0757,0.0523,0.0364,0.0553
PK00082275,2024,6,-0.0167,0.0000,-0.0367,-0.0178
PK00082275,2025,7,0.0531,0.1260,0.0235,0.0350
PK00082275,2026,17,0.0346,0.0755,0.0007,0.0123
PK00082276,2018,5,-0.0320,-0.0347,-0.0192,-0.0467
PK00082276,2019,9,0.0000,0.0000,0.0000,0.0000
PK00082276,2020,5,-0.0746,-0.0615,-0.0343,-0.0637
PK00082276,2021,3,0.0391,-0.0559,0.0283,0.0261
PK00082276,2022,9,-0.0480,0.0615,0.0154,-0.0523
PK00082276,2023,1,0.0346,0.0542,0.0658,0.0254
PK00082276,2024,6,-0.0471,0.0006,-0.0058,-0.0467
PK00082276,2025,7,0.0194,0.1268,0.0451,0.0037
PK00082276,2026,17,-0.0016,0.0791,0.0307,-0.0123
PK00082302,2018,3,-0.2143,-0.0268,-0.0361,-0.1456
PK00082302,2019,4,0.0219,0.0000,0.0000,0.0174
PK00082302,2020,3,0.0076,-0.0125,-0.0195,0.0130
PK00082302,2021,4,-0.0329,-0.0128,-0.0074,-0.0265
PK00082302,2022,8,-0.0930,-0.0227,-0.0272,-0.0601
PK00082302,2023,2,0.0000,0.0355,0.0718,0.0000
PK00082302,2024,7,-0.0372,0.0323,0.0369,-0.0094
PK00082302,2025,8,-0.0057,0.0260,0.0259,0.0037
PK00082302,2026,14,0.0160,0.0232,0.0122,0.0150
PK00082340,2018,2,-0.0903,-0.0938,-0.0382,-0.0841
PK00082340,2019,6,-0.0138,-0.0087,-0.0104,-0.0105
PK00082340,2020,3,0.0000,0.0000,-0.0228,-0.0020
PK00082340,2021,4,0.0038,-0.0234,0.0000,0.0008
PK00082340,2022,8,-0.0170,-0.0146,-0.0158,-0.0129
PK00082340,2023,2,0.0147,0.0653,0.0732,0.0197
PK00082340,2024,6,-0.0048,0.0082,0.0181,0.0000
PK00082340,2025,7,0.0201,0.0124,0.0188,0.0222
PK00082340,2026,14,0.0051,0.0241,0.0248,0.0075
PK00082341,2018,2,-0.0823,-0.0866,-0.0486,-0.0745
PK00082341,2019,6,0.0344,0.0067,0.0005,0.0295
PK00082341,2020,3,0.0000,-0.0208,-0.0013,0.0000
PK00082341,2021,4,0.0540,0.0360,0.0118,0.0501
PK00082341,2022,8,-0.0261,-0.0336,-0.0691,-0.0211
PK00082341,2023,2,-0.0200,-0.0146,0.0000,-0.0149
PK00082341,2024,6,-0.0249,0.0000,-0.0484,-0.0184
PK00082341,2025,7,-0.0029,-0.0033,-0.0271,-0.0002
PK00082341,2026,14,0.0149,0.0001,-0.0111,0.0220
PK00082452,2018,7,-0.0863,0.0035,-0.0394,-0.0994
PK00082452,2019,9,0.0416,0.0466,0.0311,0.0000
PK00082452,2020,5,0.0000,0.0000,-0.0336,-0.0116
PK00082452,2021,2,-0.0390,-0.0877,-0.0265,-0.0546
PK00082452,2022,7,-0.1497,-0.0699,-0.0849,-0.1338
PK00082452,2023,1,0.0101,0.0652,0.0891,0.0003
PK00082452,2024,5,-0.0143,-0.0360,0.0000,0.0000
PK00082452,2025,7,0.0131,0.0166,0.0514,-0.0078
PK00082452,2026,17,-0.0037,0.0245,-0.0115,-0.0125
PK00082495,2018,6,-0.0752,-0.1650,-0.0818,-0.0863
PK00082495,2019,9,-0.0133,0.0207,0.0000,-0.0183
PK00082495,2020,6,-0.0040,0.0032,-0.0203,-0.0161
PK00082495,2021,2,0.0325,-0.0039,0.0409,0.0199
PK00082495,2022,7,-0.0270,-0.0396,-0.0151,-0.0529
PK00082495,2023,1,0.0068,0.0000,0.0321,0.0035
PK00082495,2024,5,0.0000,-0.0493,-0.0327,0.0000
PK00082495,2025,8,-0.0255,-0.0384,-0.0161,-0.0572
PK00082495,2026,17,-0.0684,-0.0653,-0.0658,-0.0833
PK00082509,2018,6,-0.0696,-0.0420,-0.0498,-0.0757
PK00082509,2019,9,0.0000,0.0538,0.0232,-0.0078
PK00082509,2020,6,-0.0407,-0.0148,-0.0248,-0.0417
PK00082509,2021,2,0.0406,0.0041,0.0244,0.0275
PK00082509,2022,8,-0.0283,-0.0008,-0.0402,-0.0463
PK00082509,2023,1,0.0082,0.0000,0.0000,0.0000
PK00082509,2024,5,-0.0266,-0.0027,-0.0043,0.0000
PK00082509,2025,8,-0.0254,0.0061,-0.0196,-0.0269
PK00082509,2026,17,-0.0258,0.0038,-0.0365,-0.0383
PK00082518,2018,6,-0.0466,-0.0773,-0.0383,-0.0739
PK00082518,2019,10,0.0075,0.0164,0.0090,0.0004
PK00082518,2020,6,-0.0086,-0.0243,-0.0145,-0.0218
PK00082518,2021,2,0.0915,0.0059,0.0395,0.0567
PK00082518,2022,7,0.0075,-0.0103,-0.0167,-0.0182
PK00082518,2023,1,-0.0190,-0.0112,-0.0098,-0.0052
PK00082518,2024,5,0.0000,0.0000,0.0000,0.0000
PK00082518,2025,8,-0.0498,-0.0406,-0.0813,-0.1011
PK00082518,2026,17,-0.0267,-0.0850,-0.0795,-0.0705
PK00082552,2018,6,-0.1215,-0.1042,-0.0962,-0.0833
PK00082552,2019,8,0.0000,-0.0136,0.0000,0.0000
PK00082552,2020,6,-0.0523,-0.0424,-0.0518,-0.0534
PK00082552,2021,3,0.0714,0.0015,0.0120,0.0497
PK00082552,2022,8,-0.0246,-0.0367,-0.0129,-0.0221
PK00082552,2023,1,0.0413,0.0031,0.0300,0.0486
PK00082552,2024,7,-0.0085,0.0000,-0.0415,-0.0165
PK00082552,2025,7,0.0099,-0.0349,-0.0341,-0.0155
PK00082552,2026,16,0.0014,-0.0301,-0.0381,-0.0135
PK00082690,2018,6,-0.1076,-0.0616,-0.0490,-0.1211
PK00082690,2019,6,-0.0063,-0.0104,0.0023,-0.0015
PK00082690,2020,6,-0.0313,0.0186,-0.0160,-0.0294
PK00082690,2021,3,0.0176,-0.0610,0.0000,0.0154
PK00082690,2022,7,-0.0355,-0.0392,-0.0296,-0.0546
PK00082690,2023,1,0.0125,0.0000,0.0242,0.0141
PK00082690,2024,7,0.0000,0.0379,-0.0041,0.0000
PK00082690,2025,7,-0.0500,-0.0411,-0.0569,-0.0536
PK00082690,2026,16,-0.0693,-0.0533,-0.0664,-0.0616
PK00082699,2018,6,-0.2380,-0.2700,-0.1636,-0.2517
PK00082699,2019,7,0.0141,0.0265,0.0000,0.0093
PK00082699,2020,6,0.0000,-0.0018,-0.0309,-0.0108
PK00082699,2021,4,-0.0123,0.0000,0.0339,0.0000
PK00082699,2022,8,-0.0073,-0.1839,-0.0962,-0.0785
PK00082699,2023,1,0.0474,0.0638,0.0739,0.0569
PK00082699,2024,6,-0.0010,-0.0097,-0.0037,-0.0068
PK00082699,2025,7,0.0574,-0.1510,-0.0778,-0.0731
PK00082699,2026,17,0.0320,-0.1372,-0.0832,-0.0972
PK00083002,2018,4,-0.0669,-0.0449,-0.0339,-0.0675
PK00083002,2019,6,0.0191,-0.0059,0.0000,0.0123
PK00083002,2020,3,0.0000,0.0139,0.0031,0.0000
PK00083002,2021,3,0.0594,0.0000,0.0410,0.0546
PK00083002,2022,8,-0.0612,-0.0089,-0.0773,-0.0540
PK00083002,2023,2,-0.0052,0.0452,-0.0194,-0.0074
PK00083002,2024,7,-0.1683,-0.0318,-0.1073,-0.1318
PK00083002,2025,8,-0.3353,-0.0773,-0.1205,-0.2371
PK00083002,2026,15,-0.4352,-0.0973,-0.1337,-0.3195
PK00083023,2018,3,-0.0595,-0.0501,-0.0189,-0.0673
PK00083023,2019,7,0.0071,0.0000,-0.0216,0.0099
PK00083023,2020,2,-0.0193,-0.0310,0.0000,-0.0247
PK00083023,2021,4,0.0090,-0.0150,0.0347,0.0004
PK00083023,2022,8,-0.0214,-0.0981,-0.0389,-0.0328
PK00083023,2023,2,0.0000,0.0135,0.0641,0.0000
PK00083023,2024,6,-0.0566,0.0297,-0.0158,-0.0440
PK00083023,2025,8,-0.0201,-0.0298,-0.0015,-0.0323
PK00083023,2026,14,-0.0577,-0.0140,-0.0196,-0.0493
PK00083061,2018,2,-0.3212,-0.0474,-0.1166,-0.2052
PK00083061,2019,6,-0.0086,0.0608,0.0290,-0.0107
PK00083061,2020,3,-0.0564,0.0014,-0.0347,-0.0455
PK00083061,2021,3,0.0514,-0.0485,0.0031,0.0267
PK00083061,2022,8,-0.0127,0.0336,-0.0181,-0.0147
PK00083061,2024,5,0.0086,-0.0014,-0.0031,0.0107
PK00083061,2025,8,0.0029,0.0640,0.0170,0.0007
PK00083061,2026,14,0.0132,0.0193,0.0131,0.0131
PK00083213,2018,5,0.0156,-0.0147,0.0032,-0.0060
PK00083213,2019,8,-0.0390,-0.0172,-0.0316,-0.0349
PK00083213,2020,3,0.0067,0.0000,-0.0161,0.0000
PK00083213,2021,4,0.0074,-0.0082,0.0000,0.0084
PK00083213,2022,9,0.0097,-0.0296,-0.0082,-0.0126
PK00083213,2023,1,0.0000,0.0522,0.0529,0.0193
PK00083213,2024,5,-0.0025,0.0044,0.0078,-0.0127
PK00083213,2025,7,0.0380,-0.0268,-0.0124,0.0070
PK00083213,2026,16,-0.0111,-0.0339,-0.0273,-0.0198
PK00083335,2018,3,-0.1026,-0.0823,-0.0603,-0.1287
PK00083335,2019,7,-0.0014,0.0000,0.0033,0.0000
PK00083335,2020,3,0.0000,-0.0133,-0.0032,-0.0009
PK00083335,2021,2,0.0395,-0.0436,-0.0179,0.0213
PK00083335,2022,9,-0.0120,-0.0489,-0.0377,-0.0480
PK00083335,2023,2,-0.1505,0.0433,0.0038,-0.1066
PK00083335,2024,6,0.0225,0.0085,0.0000,0.0092
PK00083335,2025,7,0.0122,-0.0522,-0.0347,-0.0276
PK00083335,2026,16,0.0183,-0.0386,-0.0520,-0.0332
PK00083349,2018,3,-0.1152,-0.2010,-0.1212,-0.1256
PK00083349,2019,7,0.0292,0.0126,0.0604,0.0371
PK00083349,2020,3,0.0000,-0.1065,-0.0462,0.0000
PK00083349,2021,2,0.0946,0.0000,0.0564,0.0883
PK00083349,2022,9,-0.0568,-0.1714,-0.0473,-0.0635
PK00083349,2023,2,-0.0834,0.0187,0.0000,-0.0512
PK00083349,2024,7,-0.0390,-0.0301,-0.0365,-0.0206
PK00083349,2025,7,-0.0568,-0.1829,-0.1248,-0.0691
PK00083349,2026,16,-0.0710,-0.1308,-0.0965,-0.0588
PK00083374,2018,7,-0.1990,-0.1330,-0.1198,-0.2018
PK00083374,2019,8,0.0052,-0.0010,0.0000,0.0000
PK00083374,2020,5,-0.0510,0.0000,-0.0142,-0.0502
PK00083374,2021,3,0.0021,0.0591,0.0421,0.0121
PK00083374,2022,8,-0.1134,-0.0961,-0.1019,-0.1265
PK00083374,2023,1,0.0000,0.0372,0.0087,0.0145
PK00083374,2024,6,-0.0531,-0.0232,-0.0326,-0.0548
PK00083374,2025,6,-0.0847,-0.0463,-0.0819,-0.0932
PK00083374,2026,17,-0.0739,-0.0457,-0.0635,-0.0852
PK00083444,2018,8,-0.0404,-0.1486,-0.0687,-0.1161
PK00083444,2019,11,0.0000,0.0107,0.0019,0.0033
PK00083444,2020,5,-0.0254,-0.0260,0.0000,-0.0403
PK00083444,2021,3,0.0559,-0.0228,-0.0135,0.0381
PK00083444,2022,8,-0.0291,-0.0917,-0.0395,-0.0691
PK00083444,2023,1,0.0136,0.0000,0.0099,0.0000
PK00083444,2024,7,-0.0591,0.0145,-0.0213,-0.0602
PK00083444,2025,6,-0.0080,-0.1411,-0.0745,-0.0751
PK00083444,2026,17,0.0040,-0.0921,-0.0441,-0.0598
PK00083524,2018,7,-0.0225,-0.1087,-0.0387,-0.0516
PK00083524,2019,10,0.0000,0.0195,0.0078,0.0000
PK00083524,2020,6,0.0107,0.0000,0.0000,-0.0021
PK00083524,2021,4,0.0105,0.0048,0.0432,0.0040
PK00083524,2022,8,-0.0155,-0.0643,-0.0488,-0.0464
PK00083524,2023,1,-0.0007,-0.0430,-0.0486,0.0103
PK00083524,2024,6,-0.0980,-0.0476,-0.0576,-0.0785
PK00083524,2025,6,-0.0113,-0.0408,-0.0102,-0.0478
PK00083524,2026,17,-0.0053,-0.0843,-0.0419,-0.0483
PK00083528,2018,7,-0.0311,-0.1079,-0.1211,-0.1479
PK00083528,2019,11,0.0290,0.0005,-0.0299,0.0116
PK00083528,2020,6,0.0000,-0.0069,0.0000,0.0000
PK00083528,2021,3,0.0833,0.0661,0.1384,0.1000
PK00083528,2022,8,-0.0242,-0.0964,-0.0065,-0.0615
PK00083528,2023,1,-0.0664,0.0000,0.0173,-0.0175
PK00083528,2024,7,-0.1605,-0.0254,-0.0344,-0.0906
PK00083528,2025,6,-0.2572,-0.1969,-0.1262,-0.2178
PK00083528,2026,18,-0.2891,-0.1401,-0.1259,-0.2404
PK00083848,2018,6,-0.2106,-0.1100,-0.1393,-0.2089
PK00083848,2019,5,0.0052,-0.0157,-0.0016,0.0000
PK00083848,2020,3,-0.0115,0.0177,0.0000,-0.0110
PK00083848,2021,4,0.0068,0.0000,0.0137,0.0154
PK00083848,2022,8,-0.0444,-0.0459,-0.0435,-0.0432
PK00083848,2023,1,0.0000,0.0062,0.0110,0.0187
PK00083848,2024,6,-0.0524,-0.0061,-0.0480,-0.0365
PK00083848,2025,5,-0.0544,-0.0392,-0.0274,-0.0383
PK00083848,2026,17,-0.0313,-0.0262,-0.0403,-0.0160
PK00083913,2018,2,-0.0560,-0.0949,-0.0674,-0.0739
PK00083913,2019,7,0.0012,0.0185,-0.0024,0.0017
PK00083913,2020,4,0.0045,0.0000,0.0000,-0.0113
PK00083913,2021,3,0.0000,-0.0374,0.0101,0.0000
PK00083913,2022,5,-0.0809,-0.1079,-0.0559,-0.0626
PK00083913,2023,1,-0.0029,0.0004,0.0653,0.0034
PK00083913,2024,5,-0.0120,-0.0351,-0.0512,-0.0026
PK00083913,2025,7,-0.0637,-0.0677,-0.0754,-0.0615
PK00083913,2026,18,-0.1325,-0.0751,-0.0985,-0.1191
PK00083946,2018,5,0.0036,-0.0240,-0.0228,-0.0393
PK00083946,2019,8,0.0335,-0.0105,0.0000,0.0152
PK00083946,2020,5,-0.0315,0.0000,-0.0210,-0.0584
PK00083946,2021,2,0.1021,-0.0232,0.0103,0.0594
PK00083946,2022,8,0.0113,-0.0023,-0.0097,-0.0287
PK00083946,2023,2,-0.0295,0.0182,0.0264,-0.0223
PK00083946,2024,5,0.0000,0.0093,0.0000,0.0000
PK00083946,2025,8,-0.0088,-0.0337,-0.0391,-0.0710
PK00083946,2026,18,0.0390,-0.0204,-0.0363,-0.0291
PK00084136,2018,6,-0.0178,-0.0403,-0.0045,-0.0190
PK00084136,2019,8,0.0000,0.0315,0.0022,0.0000
PK00084136,2020,6,-0.0152,-0.0071,-0.0213,-0.0176
PK00084136,2021,2,0.0312,0.0000,0.0000,0.0227
PK00084136,2022,7,-0.0319,-0.0088,-0.0233,-0.0205
PK00084136,2023,1,0.0174,0.0078,0.0212,0.0195
PK00084136,2024,6,-0.0325,-0.0070,-0.0299,-0.0280
PK00084136,2025,8,-0.0260,-0.0048,-0.0195,-0.0272
PK00084136,2026,15,-0.0581,-0.0280,-0.0463,-0.0494
PK00084137,2018,6,0.0061,-0.0567,0.0018,-0.0491
PK00084137,2019,8,-0.0155,0.0140,0.0000,0.0000
PK00084137,2020,6,-0.0144,0.0013,-0.0545,-0.0138
PK00084137,2021,2,0.0455,0.0000,0.0225,0.0519
PK00084137,2022,7,0.0462,-0.0026,-0.0231,-0.0215
PK00084137,2023,1,0.0121,-0.0019,0.0294,0.0230
PK00084137,2024,6,0.0000,-0.0113,-0.0240,-0.0074
PK00084137,2025,8,0.0656,0.0064,-0.0073,-0.0089
PK00084137,2026,15,0.0027,-0.0492,-0.0556,-0.0583
PK00084154,2018,6,-0.2691,-0.3500,-0.2596,-0.3061
PK00084154,2019,8,-0.0044,0.0000,0.0000,0.0000
PK00084154,2020,5,0.0033,-0.0243,-0.0961,-0.0314
PK00084154,2021,2,0.0000,0.0030,0.0582,0.0215
PK00084154,2022,8,-0.0604,-0.2314,-0.0999,-0.0953
PK00084154,2023,1,0.0415,0.0738,0.1054,0.0747
PK00084154,2024,5,-0.0589,-0.0287,-0.0154,-0.0386
PK00084154,2025,8,-0.0117,-0.2458,-0.1485,-0.1021
PK00084154,2026,15,-0.1412,-0.2521,-0.2181,-0.1684
PK00084164,2018,6,-0.1152,-0.2176,-0.1383,-0.1480
PK00084164,2019,10,0.0000,0.0083,0.0000,0.0000
PK00084164,2020,4,-0.2029,-0.0976,-0.1668,-0.2060
PK00084164,2021,2,0.0690,0.0000,0.0413,0.0653
PK00084164,2022,8,-0.0560,-0.1391,-0.0766,-0.0756
PK00084164,2023,1,0.0412,0.0014,0.0444,0.0417
PK00084164,2024,5,-0.0396,-0.0621,-0.0490,-0.0539
PK00084164,2025,8,-0.0683,-0.1711,-0.1096,-0.1015
PK00084164,2026,17,-0.1674,-0.1977,-0.1810,-0.1924
PK00084175,2018,5,-0.0189,-0.0780,-0.0571,-0.0334
PK00084175,2019,8,-0.0174,0.0000,0.0000,-0.0092
PK00084175,2020,5,0.0000,-0.0442,-0.0267,0.0000
PK00084175,2021,2,0.0896,0.0032,0.0813,0.0740
PK00084175,2022,7,-0.0125,-0.0797,-0.0732,-0.0270
PK00084175,2023,1,0.0248,0.0400,0.0065,0.0258
PK00084175,2024,6,-0.0138,-0.0320,-0.0513,-0.0131
PK00084175,2025,8,0.0175,-0.0595,-0.0653,-0.0003
PK00084175,2026,15,0.0060,-0.0335,-0.0281,-0.0123
PK00084177,2018,6,-0.0210,-0.0719,-0.0260,-0.0357
PK00084177,2019,8,0.0000,0.0000,0.0000,-0.0074
PK00084177,2020,6,-0.0013,-0.0169,-0.0250,-0.0117
PK00084177,2021,2,0.0649,-0.0416,0.0117,0.0448
PK00084177,2022,7,-0.0038,-0.0503,-0.0222,-0.0265
PK00084177,2023,1,0.0243,0.0061,0.0232,0.0258
PK00084177,2024,6,-0.0097,0.0118,-0.0002,0.0000
PK00084177,2025,8,0.0016,-0.0363,-0.0217,-0.0022
PK00084177,2026,15,-0.0316,-0.0540,-0.0388,-0.0347
PK00084196,2018,3,-0.1005,-0.0258,-0.0231,-0.0680
PK00084196,2019,9,-0.0254,-0.0128,-0.0037,0.0000
PK00084196,2020,3,0.0000,0.0123,0.0174,-0.0010
PK00084196,2021,3,0.0105,-0.0280,0.0000,0.0062
PK00084196,2022,7,-0.0112,-0.0337,-0.0101,-0.0220
PK00084196,2023,2,-0.2595,0.0000,-0.0927,-0.1600
PK00084196,2024,5,0.0507,0.0510,0.0373,0.0461
PK00084196,2025,6,0.0414,-0.0247,-0.0090,0.0264
PK00084196,2026,18,-0.0834,-0.0416,-0.0509,-0.0581
PK00084241,2018,3,-0.0527,-0.1351,-0.0687,-0.1388
PK00084241,2019,10,0.0052,0.0000,-0.0183,0.0281
PK00084241,2020,2,0.0000,0.0142,0.0111,0.0000
PK00084241,2021,3,0.0163,-0.0262,0.0000,0.0238
PK00084241,2022,7,0.0216,-0.1566,-0.0807,-0.1008
PK00084241,2023,1,-0.0886,-0.0882,-0.1424,-0.0563
PK00084241,2024,6,-0.0099,0.0074,0.0035,-0.0109
PK00084241,2025,5,0.0399,-0.1065,-0.0420,-0.0973
PK00084241,2026,18,0.0124,-0.0967,-0.0861,-0.1190
PK00084657,2018,5,0.0121,-0.0030,0.0190,-0.0103
PK00084657,2019,10,-0.0148,-0.0013,0.0000,0.0000
PK00084657,2020,3,0.0338,0.0110,-0.0154,-0.0049
PK00084657,2021,2,0.0777,0.0074,0.0649,0.0628
PK00084657,2022,8,-0.0226,-0.0245,-0.0287,-0.0208
PK00084657,2023,1,0.0000,0.0000,0.0085,0.0052
PK00084657,2024,6,-0.0361,-0.0031,-0.0484,-0.0332
PK00084657,2025,7,-0.0029,-0.0089,-0.0436,-0.0210
PK00084657,2026,16,-0.0217,-0.0132,-0.0306,-0.0323
PK00084666,2018,5,-0.0693,-0.0920,-0.0217,-0.0505
PK00084666,2019,10,0.0000,0.0481,0.0402,0.0125
PK00084666,2020,3,0.0161,-0.0028,-0.0081,-0.0219
PK00084666,2021,3,0.0013,-0.0043,0.0467,0.0169
PK00084666,2022,8,-0.0351,-0.0233,0.0064,-0.0259
PK00084666,2023,1,-0.0078,0.0000,0.0000,0.0000
PK00084666,2024,6,-0.0246,0.0005,-0.0209,-0.0230
PK00084666,2025,7,-0.0423,-0.0492,-0.0296,-0.0454
PK00084666,2026,17,-0.0565,-0.0378,-0.0212,-0.0566
PK00084671,2018,6,-0.0695,-0.1482,-0.0824,-0.1197
PK00084671,2019,10,0.0352,0.0964,0.0652,0.0336
PK00084671,2020,3,-0.0345,-0.0592,-0.1163,-0.0733
PK00084671,2021,3,0.0000,-0.0585,0.1043,0.0000
PK00084671,2022,8,-0.0291,-0.0605,0.0303,-0.0508
PK00084671,2023,1,0.0201,0.0000,0.0000,0.0282
PK00084671,2024,6,-0.0357,0.0180,-0.0066,-0.0268
PK00084671,2025,7,-0.0346,-0.1049,-0.0053,-0.0778
PK00084671,2026,17,-0.0284,-0.0396,0.0053,-0.0616
PK00084704,2018,3,-0.0311,-0.0503,-0.0216,-0.0806
PK00084704,2019,8,0.0000,-0.0222,0.0000,0.0000
PK00084704,2020,2,-0.2325,-0.1174,-0.1289,-0.2018
PK00084704,2021,2,0.1191,0.0628,0.0786,0.1019
PK00084704,2022,9,-0.0096,-0.0440,-0.0497,-0.0503
PK00084704,2023,1,0.0130,0.0695,0.0724,0.0077
PK00084704,2024,6,-0.0074,0.0000,-0.0010,-0.0078
PK00084704,2025,8,-0.0187,-0.0803,-0.0429,-0.0625
PK00084704,2026,16,-0.0346,-0.0607,-0.0642,-0.0633
PK00084705,2018,3,0.0472,-0.0744,-0.0404,-0.0179
PK00084705,2019,8,-0.0025,-0.0296,-0.0113,-0.0168
PK00084705,2020,2,-0.2360,-0.0989,-0.1131,-0.2049
PK00084705,2021,2,0.1300,0.0303,0.0716,0.1046
PK00084705,2022,9,0.0051,-0.0408,-0.0684,-0.0319
PK00084705,2023,1,0.0000,0.0514,0.0376,0.0000
PK00084705,2024,6,0.0187,0.0000,0.0000,0.0065
PK00084705,2025,7,0.0540,-0.0612,-0.0412,0.0091
PK00084705,2026,16,0.0459,-0.0621,-0.0606,0.0025
PK00084706,2018,3,0.0608,-0.1078,-0.1097,-0.0060
PK00084706,2019,9,0.0322,0.0000,0.0000,0.0239
PK00084706,2020,2,-0.1969,-0.0557,-0.0794,-0.1686
PK00084706,2021,2,0.1648,0.0532,0.0991,0.1401
PK00084706,2022,9,0.0271,-0.0816,-0.0369,-0.0106
PK00084706,2023,2,-0.1248,-0.0056,-0.0234,-0.1315
PK00084706,2024,5,0.0000,0.0108,0.0188,0.0000
PK00084706,2025,7,0.0628,-0.0379,-0.0008,0.0094
PK00084706,2026,17,0.0500,-0.0550,-0.0350,0.0023
PK00084839,2018,3,-0.2941,-0.1593,-0.2580,-0.3243
PK00084839,2019,7,0.0000,0.0000,0.0136,0.0000
PK00084839,2020,2,-0.0232,-0.0203,0.0000,-0.0251
PK00084839,2021,3,0.0472,0.0056,0.0417,0.0470
PK00084839,2022,10,-0.0395,-0.0291,-0.0272,-0.0451
PK00084839,2023,1,0.0031,-0.0201,-0.0246,0.0027
PK00084839,2024,7,-0.0162,0.0082,-0.0443,-0.0175
PK00084839,2025,8,-0.0210,-0.0221,-0.0340,-0.0264
PK00084839,2026,16,-0.0446,-0.0467,-0.0597,-0.0486
PK00084840,2018,3,-0.4125,-0.2424,-0.4031,-0.4320
PK00084840,2019,7,0.0000,0.0071,0.0079,0.0000
PK00084840,2020,2,-0.0140,-0.0413,0.0000,-0.0158
PK00084840,2021,3,0.0569,0.0026,0.0530,0.0558
PK00084840,2022,10,-0.0605,-0.0281,-0.0213,-0.0625
PK00084840,2023,1,0.0120,-0.0214,-0.0220,0.0096
PK00084840,2024,7,-0.0028,0.0000,-0.0475,-0.0182
PK00084840,2025,8,-0.0335,-0.0271,-0.0373,-0.0419
PK00084840,2026,16,-0.0296,-0.0417,-0.0666,-0.0331
PK00084846,2018,2,-0.2630,-0.1703,-0.2429,-0.2459
PK00084846,2019,7,0.0000,-0.0180,0.0056,0.0018
PK00084846,2020,2,-0.0204,0.0000,0.0000,-0.0224
PK00084846,2021,3,0.0739,0.0113,0.0557,0.0587
PK00084846,2022,10,-0.0220,-0.0429,-0.0404,-0.0345
PK00084846,2023,1,0.0011,-0.0650,-0.0659,0.0000
PK00084846,2024,7,-0.0089,0.0269,-0.0307,-0.0091
PK00084846,2025,8,-0.0182,-0.0119,-0.0189,-0.0260
PK00084846,2026,16,-0.0123,-0.0339,-0.0448,-0.0307
PK00084902,2018,4,0.0522,-0.0212,0.0086,0.0016
PK00084902,2019,8,0.0100,0.0031,0.0396,0.0110
PK00084902,2020,3,-0.0100,-0.0031,-0.0444,-0.0110
PK00084902,2021,3,0.1073,0.0259,0.1335,0.0676
PK00084902,2022,6,0.0013,-0.0374,0.0060,-0.0009
PK00084902,2024,7,-0.0553,-0.0459,-0.0396,-0.0348
PK00084902,2025,5,0.0055,-0.0509,-0.0024,-0.0279
PK00084902,2026,15,-0.0642,-0.0627,-0.0387,-0.0844
PK00084976,2018,4,-0.1026,-0.0741,-0.0820,-0.1069
PK00084976,2019,9,0.0000,0.0999,0.0000,0.0000
PK00084976,2020,3,-0.0985,-0.0243,-0.0692,-0.0849
PK00084976,2021,3,0.0504,-0.0186,0.0238,0.0245
PK00084976,2022,6,-0.0097,0.0058,-0.0338,-0.0345
PK00084976,2023,1,0.0385,0.0370,0.0275,0.0295
PK00084976,2024,6,-0.0449,0.0000,-0.0339,-0.0222
PK00084976,2025,6,0.0509,0.0442,0.0028,0.0138
PK00084976,2026,16,0.0077,-0.0161,-0.0673,-0.0260
PK00084977,2018,4,-0.0987,-0.0625,-0.0888,-0.0929
PK00084977,2019,9,0.0000,0.0974,0.0000,0.0000
PK00084977,2020,2,-0.0882,-0.0352,-0.0798,-0.0673
PK00084977,2021,3,0.0457,-0.0312,0.0160,0.0291
PK00084977,2022,7,-0.0297,0.0426,-0.0486,-0.0204
PK00084977,2023,1,0.0083,0.0288,0.0023,0.0089
PK00084977,2024,6,-0.0182,0.0000,-0.0286,-0.0079
PK00084977,2025,6,0.0354,0.0764,0.0027,0.0110
PK00084977,2026,16,-0.0297,0.0000,-0.0677,-0.0449
PK00084984,2018,4,-0.1207,-0.0573,-0.1243,-0.1272
PK00084984,2019,8,0.0000,0.0478,0.0110,0.0000
PK00084984,2020,2,-0.0846,-0.0456,-0.0558,-0.0816
PK00084984,2021,3,0.0627,-0.0379,0.0147,0.0631
PK00084984,2022,7,-0.0577,0.0089,-0.0485,-0.0707
PK00084984,2023,1,0.0180,0.0153,0.0000,0.0134
PK00084984,2024,6,-0.0233,0.0000,-0.0284,-0.0213
PK00084984,2025,6,0.0318,0.0563,0.0069,0.0153
PK00084984,2026,16,-0.0291,-0.0222,-0.0790,-0.0459
PK00085207,2018,3,0.0405,-0.0366,-0.0830,-0.0496
PK00085207,2019,5,0.0281,-0.0128,0.0000,0.0030
PK00085207,2020,2,0.0000,-0.0361,-0.0291,-0.0601
PK00085207,2021,4,0.0160,0.0000,0.0125,0.0220
PK00085207,2022,7,0.0100,-0.0321,-0.0536,-0.0319
PK00085207,2023,1,-0.0604,0.0202,0.0070,0.0000
PK00085207,2024,5,-0.0004,0.0138,-0.0122,-0.0074
PK00085207,2025,7,0.0482,-0.0026,-0.0059,-0.0503
PK00085207,2026,15,0.0144,-0.0523,-0.0815,-0.0763
PK00085255,2018,5,-0.0142,-0.0542,-0.0868,-0.0801
PK00085255,2019,7,0.0555,0.0641,0.0533,0.0000
PK00085255,2020,2,-0.0015,0.1167,-0.0227,-0.0361
PK00085255,2021,4,0.0506,-0.0175,0.0000,0.0067
PK00085255,2022,9,0.0427,-0.0165,-0.1163,-0.0393
PK00085255,2023,1,0.0000,-0.0264,0.0060,0.0096
PK00085255,2024,6,-0.0631,0.0000,-0.0327,-0.0756
PK00085255,2025,7,0.0318,0.0179,-0.0740,-0.0385
PK00085255,2026,16,0.0017,0.0086,-0.0507,-0.0767
PK00085261,2018,5,-0.1606,-0.1209,-0.1340,-0.1525
PK00085261,2019,8,0.0090,0.0123,0.0158,0.0169
PK00085261,2020,2,0.0059,0.0187,0.0107,-0.0100
PK00085261,2021,4,-0.0059,-0.0123,-0.0107,0.0100
PK00085261,2022,9,-0.0378,-0.1575,-0.1190,-0.0714
PK00085261,2024,6,-0.0565,-0.0710,-0.0320,-0.0483
PK00085261,2025,7,0.0060,-0.1237,-0.1127,-0.0557
PK00085261,2026,16,-0.0363,-0.1479,-0.1408,-0.1159
PK00085263,2018,5,-0.1760,-0.2201,-0.2054,-0.1670
PK00085263,2019,8,0.0108,-0.0155,0.0036,0.0111
PK00085263,2020,2,-0.0108,0.0230,-0.0036,-0.0111
PK00085263,2021,4,0.0220,0.0155,0.0052,0.0282
PK00085263,2022,9,-0.1685,-0.2471,-0.1673,-0.1593
PK00085263,2024,6,-0.0232,-0.0860,-0.0282,-0.0236
PK00085263,2025,7,-0.0693,-0.2123,-0.1684,-0.0811
PK00085263,2026,16,-0.1697,-0.2215,-0.2081,-0.1809
PK00085264,2018,5,-0.1675,-0.1418,-0.1540,-0.1957
PK00085264,2019,8,0.0000,0.0000,0.0000,0.0000
PK00085264,2020,2,-0.0164,-0.0039,0.0102,-0.0416
PK00085264,2021,4,0.0049,0.0429,0.0446,0.0222
PK00085264,2022,9,-0.0810,-0.0694,-0.0491,-0.1592
PK00085264,2023,1,-0.0436,-0.0222,-0.0076,0.0024
PK00085264,2024,6,0.0046,0.0032,-0.0227,-0.0308
PK00085264,2025,7,-0.0333,-0.0995,-0.0434,-0.1458
PK00085264,2026,16,-0.1312,-0.1317,-0.1481,-0.2369
PK00085267,2018,6,-0.1857,-0.1428,-0.1003,-0.2044
PK00085267,2019,7,0.0021,0.0000,0.0504,0.0026
PK00085267,2020,2,-0.0363,-0.0085,-0.0003,-0.0338
PK00085267,2021,4,0.0125,0.0634,0.0591,0.0167
PK00085267,2022,9,-0.0643,-0.0818,-0.0363,-0.0945
PK00085267,2023,1,-0.2195,-0.0068,-0.0354,-0.1899
PK00085267,2024,6,0.0000,0.0169,0.0000,0.0000
PK00085267,2025,8,-0.0618,-0.1065,-0.0454,-0.1130
PK00085267,2026,16,-0.1468,-0.1094,-0.0824,-0.1771
PK00085314,2018,5,-0.2065,-0.0630,0.0064,-0.1555
PK00085314,2019,7,0.0080,0.0118,0.0000,0.0000
PK00085314,2020,3,0.0000,0.0253,0.0458,0.0018
PK00085314,2021,4,0.0419,0.0000,0.0636,0.0209
PK00085314,2022,9,-0.5145,-0.1389,-0.1434,-0.3224
PK00085314,2023,2,-0.2249,-0.0326,-0.0597,-0.1152
PK00085314,2024,7,-0.3770,-0.1025,-0.0866,-0.2206
PK00085314,2025,8,-0.4278,-0.1055,-0.1545,-0.2822
PK00085314,2026,14,-0.4346,-0.1125,-0.1634,-0.2713
PK00085444,2018,6,-0.1685,-0.1457,-0.1159,-0.1960
PK00085444,2019,7,0.0000,0.0000,0.0154,0.0000
PK00085444,2020,2,-0.0788,-0.0716,-0.0710,-0.0861
PK00085444,2021,3,0.0530,0.0483,0.0000,0.0554
PK00085444,2022,8,-0.1302,-0.1601,-0.0983,-0.1630
PK00085444,2023,1,0.0050,0.0300,0.0226,0.0155
PK00085444,2024,5,-0.0040,-0.0207,-0.0132,-0.0035
PK00085444,2025,7,-0.0712,-0.1248,-0.0738,-0.1057
PK00085444,2026,18,-0.0767,-0.1276,-0.1107,-0.1216
PK00085445,2018,6,-0.1542,-0.1427,-0.1115,-0.1616
PK00085445,2019,7,-0.0042,0.0000,0.0173,-0.0028
PK00085445,2020,2,-0.0759,-0.0688,-0.0672,-0.0780
PK00085445,2021,3,0.0279,0.0449,0.0000,0.0299
PK00085445,2022,8,-0.1241,-0.1529,-0.0931,-0.1338
PK00085445,2023,1,0.0141,0.0293,0.0249,0.0175
PK00085445,2024,5,0.0000,-0.0207,-0.0087,0.0000
PK00085445,2025,7,-0.0707,-0.1196,-0.0724,-0.0842
PK00085445,2026,18,-0.0881,-0.1202,-0.1065,-0.1002
PK00085446,2018,5,-0.0480,-0.1651,-0.1468,-0.1433
PK00085446,2019,7,0.0170,0.0000,0.0000,0.0108
PK00085446,2020,2,-0.0781,-0.1035,-0.0932,-0.0908
PK00085446,2021,3,0.0000,0.0170,0.0047,0.0000
PK00085446,2022,8,-0.1474,-0.2513,-0.1860,-0.1979
PK00085446,2023,1,0.0220,0.0503,0.0391,0.0200
PK00085446,2024,5,-0.0073,-0.0575,-0.0218,-0.0076
PK00085446,2025,7,-0.0811,-0.2201,-0.1513,-0.1312
PK00085446,2026,18,-0.1065,-0.1965,-0.2016,-0.1709
PK00085496,2018,4,-0.3293,-0.1326,-0.1827,-0.2292
PK00085496,2019,9,0.0291,-0.0137,-0.0084,0.0350
PK00085496,2020,3,-0.0291,0.0248,0.0084,-0.0284
PK00085496,2021,3,0.0354,0.0137,0.0808,0.0284
PK00085496,2022,6,0.0072,-0.0314,-0.0163,-0.0236
PK00085496,2024,7,-0.2833,-0.0139,-0.0432,-0.1239
PK00085496,2025,6,-0.1844,-0.1342,-0.0978,-0.1233
PK00085496,2026,16,-0.2673,-0.1242,-0.1122,-0.1762
PK00085543,2018,3,0.0064,-0.0427,0.0033,0.0126
PK00085543,2019,7,0.1179,0.0579,0.0012,0.0774
PK00085543,2020,3,-0.1326,0.0051,-0.0447,-0.1057
PK00085543,2021,3,0.0616,0.0000,0.0114,0.0419
PK00085543,2022,7,0.0339,-0.0300,-0.0013,0.0179
PK00085543,2023,1,0.0000,-0.0238,0.0000,0.0000
PK00085543,2024,7,-0.0492,-0.0080,-0.0035,-0.0244
PK00085543,2025,6,-0.0036,-0.0122,-0.0272,-0.0091
PK00085543,2026,18,-0.0258,-0.0078,-0.0170,-0.0269
PK00085877,2018,5,-0.0027,-0.0773,-0.0495,-0.0388
PK00085877,2019,8,0.0179,0.0075,0.0223,0.0178
PK00085877,2020,2,-0.1191,-0.0519,-0.0924,-0.0999
PK00085877,2021,2,0.0782,0.0262,0.0940,0.0689
PK00085877,2022,8,-0.0257,0.0102,0.0168,-0.0458
PK00085877,2024,7,-0.0179,-0.0075,-0.0223,-0.0178
PK00085877,2025,8,0.0042,-0.0607,-0.0499,-0.0151
PK00085877,2026,16,-0.0079,-0.0716,-0.0736,-0.0233
PK00085988,2018,4,-0.1124,-0.0277,-0.0418,-0.0996
PK00085988,2019,6,0.0035,-0.0161,-0.0120,0.0022
PK00085988,2020,3,-0.0509,0.0038,-0.0704,-0.0393
PK00085988,2021,4,0.0668,0.0000,0.0412,0.0389
PK00085988,2022,9,-0.0361,-0.0024,-0.0105,-0.0359
PK00085988,2023,2,0.0000,-0.0225,0.0000,-0.0041
PK00085988,2024,6,-0.0045,0.0534,0.0102,0.0000
PK00085988,2025,7,-0.0051,0.0139,0.0081,-0.0022
PK00085988,2026,15,-0.0453,-0.0261,-0.0556,-0.0340
PK00085991,2018,4,-0.0253,-0.0388,-0.0428,-0.0304
PK00085991,2019,6,-0.0045,0.0000,-0.0004,-0.0081
PK00085991,2020,3,-0.0261,0.0127,-0.0074,-0.0297
PK00085991,2021,4,0.1029,-0.0020,0.0222,0.0795
PK00085991,2022,9,0.0068,-0.0114,-0.0082,0.0011
PK00085991,2023,2,0.0000,-0.0396,0.0100,0.0000
PK00085991,2024,6,0.0227,0.0229,0.0000,0.0203
PK00085991,2025,7,0.0650,0.0084,0.0162,0.0529
PK00085991,2026,15,-0.0120,-0.0523,-0.0173,-0.0146
PK00085993,2018,4,-0.0607,-0.0047,-0.0153,-0.0601
PK00085993,2019,6,0.0000,0.0069,0.0003,0.0000
PK00085993,2020,3,-0.0672,-0.0127,-0.0278,-0.0684
PK00085993,2021,4,0.0266,0.0000,0.0104,0.0240
PK00085993,2022,9,-0.0248,0.0273,0.0001,-0.0190
PK00085993,2023,2,-0.0331,-0.0319,-0.0287,-0.0319
PK00085993,2024,6,0.0009,0.0334,0.0000,0.0035
PK00085993,2025,7,0.0309,0.0474,0.0423,0.0289
PK00085993,2026,15,-0.0335,-0.0052,-0.0180,-0.0322
PK00085997,2018,4,-0.0450,-0.0346,-0.0296,-0.0393
PK00085997,2019,6,0.0000,0.0000,0.0285,0.0000
PK00085997,2020,3,-0.0713,-0.0058,-0.0215,-0.0777
PK00085997,2021,4,0.0623,0.0133,0.0430,0.0369
PK00085997,2022,8,-0.0247,-0.0050,-0.0062,-0.0301
PK00085997,2023,2,-0.0119,-0.0620,-0.0322,-0.0262
PK00085997,2024,6,0.0147,0.0334,0.0000,0.0171
PK00085997,2025,7,0.0135,0.0076,0.0218,-0.0013
PK00085997,2026,15,-0.0290,-0.0531,-0.0047,-0.0395
PK00086015,2018,5,-0.0091,-0.0261,0.0097,0.0418
PK00086015,2019,6,0.0741,0.0187,0.0000,0.0828
PK00086015,2020,3,-0.1295,-0.1063,-0.1005,-0.0594
PK00086015,2021,4,0.0000,-0.0857,-0.0405,-0.0128
PK00086015,2022,8,-0.0578,-0.0904,-0.0010,-0.0260
PK00086015,2023,2,-0.0051,0.0116,0.0313,0.0000
PK00086015,2024,6,0.0090,0.0000,0.0094,0.0451
PK00086015,2025,8,-0.0629,-0.0848,-0.0333,-0.0324
PK00086015,2026,15,0.0081,-0.0715,-0.0353,0.0120
PK00086018,2018,4,-0.1067,-0.0760,-0.0575,-0.0886
PK00086018,2019,6,-0.0331,0.0000,-0.0005,-0.0083
PK00086018,2020,3,-0.1402,0.0121,-0.0702,-0.0813
PK00086018,2021,4,0.0829,-0.0163,0.0172,0.0445
PK00086018,2022,9,-0.0352,-0.0141,0.0106,-0.0418
PK00086018,2023,2,0.0155,-0.0095,0.0000,0.0007
PK00086018,2024,6,0.0000,0.0397,0.0309,0.0000
PK00086018,2025,8,0.0545,0.0141,0.0174,0.0247
PK00086018,2026,15,-0.0334,-0.0247,-0.0068,-0.0338
PK00086024,2018,5,-0.0574,-0.0204,-0.0276,-0.0263
PK00086024,2019,6,0.0000,0.0258,0.0097,0.0042
PK00086024,2020,3,-0.1428,-0.0192,-0.0166,-0.1041
PK00086024,2021,4,0.0008,-0.0310,-0.0128,-0.0038
PK00086024,2022,8,-0.0004,-0.0141,-0.0027,0.0049
PK00086024,2023,2,-0.0016,0.0000,0.0084,0.0000
PK00086024,2024,6,0.0042,0.0120,0.0000,0.0110
PK00086024,2025,8,0.0301,0.0027,-0.0040,0.0158
PK00086024,2026,15,-0.0171,-0.0171,-0.0037,-0.0128
PK00086032,2018,6,0.0013,-0.0398,-0.0334,-0.0129
PK00086032,2019,6,0.0552,0.0000,0.0000,0.0306
PK00086032,2020,2,-0.1806,-0.0231,-0.0948,-0.1527
PK00086032,2021,4,0.0000,-0.0098,-0.0243,-0.0079
PK00086032,2022,9,0.0086,0.0075,-0.0116,0.0055
PK00086032,2023,1,-0.0038,0.0017,0.0098,0.0000
PK00086032,2024,6,0.1044,0.0916,0.0406,0.0788
PK00086032,2025,8,0.0547,0.0384,0.0202,0.0325
PK00086032,2026,14,0.0390,0.0391,0.0205,0.0290
PK00086125,2018,6,0.0210,-0.0638,-0.0141,-0.0627
PK00086125,2019,8,0.0150,0.0298,0.0000,0.0000
PK00086125,2020,3,-0.1203,-0.0246,-0.0860,-0.0975
PK00086125,2021,4,0.0000,-0.0002,0.0001,0.0133
PK00086125,2022,9,0.0135,-0.0159,-0.0198,-0.0242
PK00086125,2023,2,0.0197,0.0196,0.0361,0.0163
PK00086125,2024,6,-0.0122,0.0000,-0.0190,-0.0262
PK00086125,2025,8,0.0647,0.0128,-0.0118,-0.0112
PK00086125,2026,16,0.0246,-0.0152,-0.0250,-0.0339
PK00086126,2018,6,-0.0045,-0.1151,-0.0401,-0.0793
PK00086126,2019,8,0.0234,-0.0074,-0.0034,0.0000
PK00086126,2020,3,-0.1313,-0.0195,-0.0423,-0.1133
PK00086126,2021,4,0.0000,0.0000,0.0457,0.0133
PK00086126,2022,9,0.0396,-0.0438,0.0101,-0.0168
PK00086126,2023,2,0.0015,0.0431,0.0671,0.0146
PK00086126,2024,6,-0.0192,0.0190,0.0000,-0.0180
PK00086126,2025,8,0.0283,0.0002,0.0294,0.0048
PK00086126,2026,16,0.0157,-0.0286,-0.0168,-0.0294
PK00086139,2018,6,-0.0567,-0.1193,-0.0541,-0.0978
PK00086139,2019,8,0.0000,0.0000,-0.0013,0.0000
PK00086139,2020,3,-0.0664,-0.0464,0.0052,-0.0477
PK00086139,2021,4,0.0058,0.0428,0.0606,0.0184
PK00086139,2022,9,-0.0122,-0.0147,0.0141,-0.0304
PK00086139,2023,2,-0.0442,0.0007,-0.0094,-0.0323
PK00086139,2024,6,0.0155,-0.0073,0.0000,0.0094
PK00086139,2025,8,0.0151,-0.1677,-0.0831,-0.0592
PK00086139,2026,15,-0.0601,-0.2071,-0.1327,-0.1294
PK00086140,2018,6,-0.0423,-0.1550,-0.1037,-0.0962
PK00086140,2019,8,0.0000,-0.0062,-0.0468,0.0000
PK00086140,2020,3,-0.0463,-0.0518,0.0000,-0.0337
PK00086140,2021,3,0.0583,0.0691,0.0968,0.0603
PK00086140,2022,9,0.0017,-0.0339,-0.0024,-0.0225
PK00086140,2023,2,-0.0646,0.0000,-0.0341,-0.0530
PK00086140,2024,6,0.0138,0.0202,0.0005,0.0043
PK00086140,2025,8,0.0208,-0.0600,0.0171,-0.0437
PK00086140,2026,15,-0.0375,-0.1465,-0.0383,-0.0719
PK00086165,2018,6,-0.1981,-0.2177,-0.1297,-0.2243
PK00086165,2019,6,0.0257,-0.0111,0.0000,0.0066
PK00086165,2020,3,-0.0989,-0.0530,-0.0568,-0.0874
PK00086165,2021,3,0.0858,0.0010,0.0506,0.0634
PK00086165,2022,8,-0.0376,-0.1403,-0.0549,-0.0614
PK00086165,2023,2,-0.0079,0.0347,0.0385,0.0000
PK00086165,2024,6,0.0000,0.0000,-0.0008,-0.0169
PK00086165,2025,8,-0.0246,-0.1499,-0.0915,-0.0832
PK00086165,2026,17,-0.0535,-0.1289,-0.1116,-0.1029
PK00086267,2018,5,-0.0983,-0.2022,-0.1067,-0.1577
PK00086267,2019,8,0.0000,0.0339,0.0054,0.0134
PK00086267,2020,4,-0.0015,0.0000,-0.0352,-0.0069
PK00086267,2021,5,0.0151,-0.0058,0.0055,0.0000
PK00086267,2022,8,-0.0206,-0.0564,-0.0484,-0.0839
PK00086267,2023,1,0.0242,0.0365,0.0000,0.0371
PK00086267,2024,7,-0.0437,-0.0119,-0.0209,-0.0626
PK00086267,2025,8,0.0125,-0.0542,-0.0331,-0.0558
PK00086267,2026,15,-0.0301,-0.0573,-0.0576,-0.0620
PK00086394,2018,4,-0.1343,-0.0748,-0.0802,-0.1031
PK00086394,2019,4,0.0000,-0.0155,0.0000,0.0000
PK00086394,2020,4,-0.1599,-0.0738,-0.1198,-0.1323
PK00086394,2021,3,0.0490,0.0307,0.0429,0.0415
PK00086394,2022,7,-0.0643,-0.0130,-0.0060,-0.0439
PK00086394,2023,1,0.0129,0.0000,0.0209,0.0136
PK00086394,2024,6,-0.0497,0.0415,-0.0026,-0.0309
PK00086394,2025,5,-0.0273,0.0036,-0.0140,-0.0313
PK00086394,2026,16,-0.0417,-0.0061,-0.0183,-0.0310
PK00087180,2018,4,-0.0520,-0.0962,-0.0370,-0.0694
PK00087180,2019,7,0.0274,0.0217,0.0208,0.0456
PK00087180,2020,3,-0.0129,-0.0062,0.0080,-0.0031
PK00087180,2021,4,0.0770,-0.0055,0.0000,0.0526
PK00087180,2022,9,-0.0033,-0.0230,-0.0472,-0.0261
PK00087180,2023,1,-0.0068,0.0468,-0.0104,-0.0036
PK00087180,2024,7,0.0000,0.0000,-0.0102,0.0000
PK00087180,2025,9,0.0331,-0.0105,-0.0092,0.0115
PK00087180,2026,15,0.0410,-0.0415,-0.0223,0.0082
PK00087181,2018,4,-0.0023,-0.0554,0.0324,-0.0122
PK00087181,2019,7,0.0294,0.0094,0.0302,0.0277
PK00087181,2020,3,0.0000,-0.0383,-0.0104,0.0000
PK00087181,2021,4,0.0532,-0.0366,-0.0003,0.0398
PK00087181,2022,9,0.0158,-0.0325,0.0059,0.0030
PK00087181,2023,1,-0.0035,0.0190,0.0347,-0.0028
PK00087181,2024,7,-0.0041,0.0000,0.0000,-0.0064
PK00087181,2025,9,0.0418,-0.0008,0.0233,0.0374
PK00087181,2026,15,0.0248,-0.0085,0.0110,0.0139
PK00087236,2018,4,-0.1024,-0.1717,-0.0805,-0.1494
PK00087236,2019,6,0.0472,0.0000,0.0341,0.0424
PK00087236,2020,2,0.0000,-0.0327,-0.0259,0.0000
PK00087236,2021,5,0.0642,0.0155,0.0275,0.0392
PK00087236,2022,9,0.0399,-0.0467,0.0036,-0.0325
PK00087236,2023,1,-0.0298,0.0686,0.0000,-0.0125
PK00087236,2024,7,-0.0109,-0.0096,-0.0110,-0.0225
PK00087236,2025,9,-0.0322,-0.0615,-0.0399,-0.0636
PK00087236,2026,15,0.0038,-0.0513,-0.0471,-0.0911
PK00087264,2018,4,0.0216,-0.0825,-0.0547,-0.0636
PK00087264,2019,9,-0.0007,0.0028,0.0186,-0.0079
PK00087264,2020,2,-0.0403,-0.0028,-0.0108,-0.0472
PK00087264,2021,3,0.0228,-0.0912,0.0069,0.0099
PK00087264,2022,9,0.0393,-0.0496,0.0238,-0.0119
PK00087264,2024,6,0.0007,0.0043,-0.0069,0.0079
PK00087264,2025,6,0.0251,-0.0162,-0.0291,-0.0499
PK00087264,2026,17,0.0329,-0.0338,-0.0515,-0.0236
PK00087465,2018,3,-0.1439,-0.1006,-0.1444,-0.1220
PK00087465,2019,8,0.0551,0.1087,0.0097,0.0568
PK00087465,2020,2,-0.0876,-0.0157,-0.0437,-0.0651
PK00087465,2021,2,-0.0002,0.0000,0.0000,0.0000
PK00087465,2022,9,-0.1018,-0.1389,-0.1259,-0.0996
PK00087465,2023,2,0.0664,0.1410,0.0452,0.0722
PK00087465,2024,8,0.0000,-0.0350,-0.0586,-0.0134
PK00087465,2025,9,-0.0094,-0.1170,-0.1017,-0.0510
PK00087465,2026,15,-0.0648,-0.0831,-0.1658,-0.0911
PK00087472,2018,2,-0.0572,-0.1010,-0.0738,-0.0769
PK00087472,2019,8,0.0077,0.0000,0.0000,0.0136
PK00087472,2020,2,0.0000,0.0063,0.0258,0.0000
PK00087472,2021,3,0.0559,-0.0033,0.0450,0.0577
PK00087472,2022,9,0.0114,-0.0486,-0.0119,-0.0103
PK00087472,2023,2,-0.2111,-0.0696,-0.1337,-0.1656
PK00087472,2024,8,-0.0030,0.0104,-0.0399,-0.0093
PK00087472,2025,9,0.0262,-0.0385,-0.0077,0.0036
PK00087472,2026,15,-0.0077,-0.0500,-0.0451,-0.0282
PK00087474,2018,2,-0.0984,-0.0480,-0.0672,-0.0924
PK00087474,2019,8,0.0000,0.0179,0.0000,0.0190
PK00087474,2020,2,-0.0065,0.0000,-0.0286,-0.0037
PK00087474,2021,3,0.0547,0.0205,0.0397,0.0616
PK00087474,2022,9,-0.0269,-0.0655,-0.0389,-0.0353
PK00087474,2023,2,-0.1284,-0.0602,-0.1298,-0.1150
PK00087474,2024,8,0.0003,-0.0073,0.0009,0.0000
PK00087474,2025,9,-0.0059,-0.0687,-0.0440,-0.0165
PK00087474,2026,15,-0.0500,-0.0625,-0.0839,-0.0343
PK00087815,2018,5,-0.0755,-0.1044,-0.0465,-0.0924
PK00087815,2019,10,-0.0052,0.0035,0.0010,0.0024
PK00087815,2020,3,-0.0114,-0.0035,-0.0135,-0.0102
PK00087815,2021,3,0.0710,0.0343,0.0614,0.0739
PK00087815,2022,9,-0.0279,-0.0548,-0.0477,-0.0432
PK00087815,2024,7,0.0052,-0.0219,-0.0010,-0.0024
PK00087815,2025,8,0.0184,-0.0523,-0.0102,-0.0230
PK00087815,2026,15,0.0148,-0.0596,-0.0266,-0.0202
PK00087833,2018,5,-0.0445,-0.2173,-0.2022,-0.1327
PK00087833,2019,8,0.0109,0.0006,0.0012,0.0126
PK00087833,2020,3,-0.0109,0.0323,-0.0012,-0.0173
PK00087833,2021,3,0.0723,-0.0006,0.0622,0.0722
PK00087833,2022,9,-0.0444,-0.1683,-0.1165,-0.0969
PK00087833,2024,6,-0.0447,-0.0497,-0.0399,-0.0126
PK00087833,2025,8,-0.0396,-0.2447,-0.1793,-0.1280
PK00087833,2026,15,-0.0496,-0.2233,-0.2580,-0.1354
PK00087856,2018,5,-0.2629,-0.1892,-0.1422,-0.2351
PK00087856,2019,8,-0.0303,-0.0152,-0.0244,-0.0300
PK00087856,2020,3,0.0149,0.0152,-0.0222,-0.0015
PK00087856,2021,3,0.0045,-0.0511,0.0222,0.0128
PK00087856,2022,9,-0.0173,-0.0964,-0.0701,-0.0820
PK00087856,2024,6,-0.0045,0.0547,0.0545,0.0015
PK00087856,2025,8,-0.0747,-0.1440,-0.0522,-0.1227
PK00087856,2026,15,-0.0718,-0.1221,-0.0702,-0.0986
PK00087946,2018,4,0.0952,0.0349,0.0561,-0.0330
PK00087946,2019,6,0.0000,0.0027,-0.0551,0.0180
PK00087946,2020,2,-0.3189,-0.0531,-0.2120,-0.2366
PK00087946,2021,2,0.0692,0.0000,0.0522,0.1017
PK00087946,2022,9,0.0615,0.0201,-0.0276,0.0083
PK00087946,2023,1,-0.0374,-0.0389,0.0113,-0.0015
PK00087946,2024,6,0.0099,0.0734,0.0000,0.0000
PK00087946,2025,9,0.0910,0.0681,0.0495,-0.0014
PK00087946,2026,13,0.0758,0.0694,0.0436,-0.0244
PK00088576,2018,3,-0.0587,-0.1227,-0.0455,-0.0608
PK00088576,2019,7,0.0522,0.0220,0.0490,0.0362
PK00088576,2020,2,-0.0315,0.0000,0.0000,0.0000
PK00088576,2021,3,0.0609,0.0160,0.0679,0.0609
PK00088576,2022,8,-0.0095,-0.0702,-0.0298,-0.0449
PK00088576,2023,1,0.0000,-0.0500,-0.0705,-0.0160
PK00088576,2024,7,-0.0500,-0.0599,-0.0668,-0.0697
PK00088576,2025,6,-0.0306,-0.1433,-0.0934,-0.0823
PK00088576,2026,17,-0.0356,-0.1810,-0.1478,-0.0733
PK00088608,2018,4,-0.0632,-0.1531,-0.0676,-0.1150
PK00088608,2019,7,0.0473,-0.0192,0.0327,0.0276
PK00088608,2020,4,-0.0294,0.0297,-0.0154,-0.0170
PK00088608,2021,4,0.0294,-0.0027,0.0009,0.0170
PK00088608,2022,8,-0.0080,-0.0943,-0.0696,-0.0688
PK00088608,2024,7,-0.0315,0.0027,-0.0009,-0.0254
PK00088608,2025,7,0.0135,-0.0899,-0.0010,-0.0412
PK00088608,2026,14,0.0036,-0.0993,-0.0666,-0.0554
PK00088642,2018,4,-0.0511,-0.0455,-0.0526,-0.0565
PK00088642,2019,7,0.0000,0.0000,0.0000,0.0000
PK00088642,2020,4,0.0323,0.0007,-0.0269,0.0127
PK00088642,2021,3,0.1381,-0.0287,0.0046,0.0920
PK00088642,2022,9,0.0717,-0.0029,0.0185,0.0318
PK00088642,2023,1,-0.0591,0.0614,0.0340,-0.0240
PK00088642,2024,7,-0.2860,-0.0259,-0.0567,-0.1591
PK00088642,2025,9,-0.3479,-0.0794,-0.1251,-0.2117
PK00088642,2026,14,-0.4075,-0.0945,-0.1262,-0.2494
PK00088866,2018,5,-0.0264,-0.0336,-0.0590,-0.0609
PK00088866,2019,7,0.0327,0.0212,0.0011,0.0257
PK00088866,2020,3,-0.0377,-0.0104,-0.0630,-0.0306
PK00088866,2021,3,0.0796,0.0000,0.0299,0.0580
PK00088866,2022,7,-0.0040,-0.0131,-0.0253,-0.0104
PK00088866,2023,1,-0.3007,-0.0977,-0.1714,-0.2496
PK00088866,2024,7,0.0000,0.0158,0.0000,0.0000
PK00088866,2025,8,0.0224,0.0391,0.0022,0.0085
PK00088866,2026,15,-0.0313,-0.0152,-0.0514,-0.0350
PK00088867,2018,5,-0.0795,-0.0700,-0.0834,-0.0701
PK00088867,2019,7,0.1153,0.0405,0.0379,0.0888
PK00088867,2020,3,0.0000,-0.0200,-0.0260,0.0000
PK00088867,2021,4,0.0863,0.0011,0.0293,0.0675
PK00088867,2022,7,-0.0901,-0.0637,-0.0406,-0.0751
PK00088867,2023,1,-0.2001,-0.0367,-0.0919,-0.1516
PK00088867,2024,7,-0.0280,0.0000,0.0000,-0.0095
PK00088867,2025,7,0.0928,0.0094,0.0139,0.0705
PK00088867,2026,15,-0.0185,-0.0505,-0.0498,-0.0139
PK00088914,2018,6,-0.0063,-0.0866,-0.0659,-0.0704
PK00088914,2019,9,0.0486,0.0000,0.0000,0.0033
PK00088914,2020,2,0.0000,-0.0123,-0.0091,-0.0174
PK00088914,2021,3,0.0932,0.0065,0.0111,0.0523
PK00088914,2022,9,0.0140,-0.0654,-0.0583,-0.0356
PK00088914,2023,1,-0.0227,0.0737,0.0128,0.0000
PK00088914,2024,6,-0.0493,-0.0076,-0.0665,-0.0582
PK00088914,2025,8,-0.0079,-0.0599,-0.0957,-0.0520
PK00088914,2026,15,-0.0176,-0.0624,-0.0978,-0.0537
PK00088915,2018,6,-0.0668,-0.0954,-0.0885,-0.0916
PK00088915,2019,9,0.0007,-0.0118,-0.0159,-0.0004
PK00088915,2020,2,0.0000,0.0000,0.0000,0.0021
PK00088915,2021,3,0.0768,0.0219,0.0066,0.0679
PK00088915,2022,9,-0.0403,-0.0734,-0.0620,-0.0574
PK00088915,2023,1,-0.0307,0.0985,0.0377,0.0000
PK00088915,2024,7,-0.0737,-0.0303,-0.0789,-0.0640
PK00088915,2025,8,-0.0530,-0.0667,-0.0837,-0.0688
PK00088915,2026,15,-0.0912,-0.0741,-0.1145,-0.1025
PK00088961,2018,5,-0.1098,-0.1519,-0.0420,-0.0646
PK00088961,2019,8,0.0134,0.0378,0.0403,0.0525
PK00088961,2020,2,-0.0950,-0.0912,-0.0194,-0.0460
PK00088961,2021,2,0.0000,-0.0635,-0.0056,-0.0100
PK00088961,2022,9,-0.0472,-0.0144,0.0061,-0.0080
PK00088961,2023,1,0.0046,0.0231,0.0722,0.0428
PK00088961,2024,7,-0.0037,0.0000,0.0000,0.0000
PK00088961,2025,9,0.0125,0.0580,0.0040,0.0361
PK00088961,2026,15,-0.0147,-0.0264,-0.0275,-0.0267
PK00089010,2018,4,-0.0665,-0.0019,-0.0035,-0.0430
PK00089010,2019,7,0.0000,-0.0052,0.0225,-0.0117
PK00089010,2020,3,0.0587,0.0000,0.0000,0.0362
PK00089010,2021,2,0.0603,-0.0972,-0.0203,0.0195
PK00089010,2022,7,-0.0162,0.0379,-0.0039,0.0117
PK00089010,2023,1,-0.0380,0.0061,0.0315,0.0000
PK00089010,2024,6,-0.0446,0.0174,-0.0064,-0.0240
PK00089010,2025,6,-0.0433,0.0078,0.0002,-0.0198
PK00089010,2026,16,-0.0201,-0.0341,-0.0116,-0.0035
PK00089032,2018,4,-0.0572,-0.0414,-0.0172,-0.0299
PK00089032,2019,7,0.0000,0.0035,-0.0014,0.0000
PK00089032,2020,3,0.0111,0.0000,-0.0454,0.0154
PK00089032,2021,2,0.0694,-0.0664,0.0363,0.0385
PK00089032,2022,7,-0.0207,0.0020,0.0098,-0.0111
PK00089032,2023,1,-0.0611,-0.0034,0.0521,-0.0274
PK00089032,2024,6,-0.0539,0.0188,0.0000,-0.0206
PK00089032,2025,6,-0.0143,-0.0211,0.0168,-0.0063
PK00089032,2026,16,-0.0476,-0.0340,-0.0275,-0.0317
PK00092396,2018,7,-0.0808,-0.1291,-0.1657,-0.1306
PK00092396,2019,9,0.0005,0.0649,0.0000,0.0114
PK00092396,2020,6,-0.0110,0.0000,-0.0285,-0.0109
PK00092396,2021,3,0.0000,-0.0280,0.0053,0.0000
PK00092396,2022,7,-0.0356,-0.0996,-0.1091,-0.0826
PK00092396,2023,1,0.0508,0.0793,0.0142,0.0697
PK00092396,2024,6,-0.0770,-0.0372,-0.0649,-0.0547
PK00092396,2025,8,-0.0712,-0.0888,-0.0932,-0.0992
PK00092396,2026,15,-0.0903,-0.0959,-0.1131,-0.1141
PK00092519,2018,6,-0.2450,-0.1473,-0.1267,-0.1880
PK00092519,2019,8,0.0000,0.0384,0.0021,0.0000
PK00092519,2020,5,-0.0049,0.0000,0.0000,-0.0129
PK00092519,2021,2,0.0491,-0.0966,-0.0413,0.0217
PK00092519,2022,8,-0.0370,-0.0332,-0.0929,-0.0615
PK00092519,2023,1,0.0274,0.0866,0.0885,0.0421
PK00092519,2024,7,-0.0333,-0.0525,-0.0904,-0.0318
PK00092519,2025,7,-0.0283,-0.0811,-0.0928,-0.0696
PK00092519,2026,15,0.0050,-0.0866,-0.0813,-0.0537
PK00092522,2018,6,-0.2472,-0.1775,-0.1677,-0.2416
PK00092522,2019,8,0.0000,0.0324,0.0000,0.0000
PK00092522,2020,5,-0.0283,-0.0565,-0.0022,-0.0512
PK00092522,2021,2,0.0539,0.0000,0.0029,0.0237
PK00092522,2022,8,-0.0491,-0.0695,-0.0854,-0.0923
PK00092522,2023,1,0.0381,0.0964,0.0499,0.0375
PK00092522,2024,7,-0.0125,-0.0249,-0.0512,-0.0478
PK00092522,2025,7,-0.0470,-0.1072,-0.1367,-0.0820
PK00092522,2026,16,-0.0446,-0.0723,-0.1232,-0.0916
PK00092523,2018,6,-0.1470,-0.1238,-0.1196,-0.1715
PK00092523,2019,8,0.0000,0.0398,0.0097,0.0000
PK00092523,2020,5,-0.0381,0.0000,0.0000,-0.0632
PK00092523,2021,2,0.0349,-0.0473,-0.0420,0.0127
PK00092523,2022,8,-0.0618,-0.0411,-0.0332,-0.0819
PK00092523,2023,1,0.0341,0.1251,0.0709,0.0412
PK00092523,2024,7,-0.0316,-0.0564,-0.0677,-0.0462
PK00092523,2025,7,-0.0712,-0.1031,-0.0912,-0.1108
PK00092523,2026,16,-0.0551,-0.0595,-0.0931,-0.0992
PK00092525,2018,7,-0.2332,-0.2225,-0.1858,-0.2386
PK00092525,2019,8,0.0000,0.0000,0.0058,0.0000
PK00092525,2020,5,-0.0230,0.0213,-0.0199,-0.0457
PK00092525,2021,2,0.0272,-0.0269,0.0000,0.0082
PK00092525,2022,8,-0.0657,-0.1214,-0.0976,-0.0977
PK00092525,2023,1,0.0275,0.1346,0.1236,0.0385
PK00092525,2024,7,-0.0473,-0.0581,-0.0520,-0.0652
PK00092525,2025,7,-0.0758,-0.1639,-0.1072,-0.1171
PK00092525,2026,16,-0.0562,-0.1036,-0.0798,-0.1001
PK00093319,2018,4,-0.0233,-0.0260,0.0120,-0.0439
PK00093319,2019,6,-0.0136,-0.0085,0.0015,-0.0140
PK00093319,2020,4,-0.0375,-0.0014,-0.0271,-0.0214
PK00093319,2021,4,0.0594,0.0014,0.0400,0.0596
PK00093319,2022,9,-0.0215,0.0135,0.0083,-0.0122
PK00093319,2024,7,0.0136,0.0258,-0.0015,0.0140
PK00093319,2025,7,-0.0135,0.0020,0.0320,-0.0033
PK00093319,2026,14,-0.0067,-0.0029,-0.0046,-0.0184
PK00093347,2018,4,0.0325,0.0196,0.0058,-0.0036
PK00093347,2019,6,0.0000,0.0057,0.0106,0.0000
PK00093347,2020,2,-0.0221,-0.0436,-0.0185,-0.0481
PK00093347,2021,3,0.0990,0.0000,0.0348,0.0911
PK00093347,2022,7,0.0241,0.0049,0.0291,0.0068
PK00093347,2023,1,-0.0290,-0.0002,-0.0263,-0.0227
PK00093347,2024,5,0.0112,0.0090,0.0000,0.0006
PK00093347,2025,9,0.0264,0.0565,0.0427,-0.0078
PK00093347,2026,17,0.0252,0.0036,-0.0082,-0.0067
PK00093351,2018,3,-0.0170,0.0391,-0.0020,-0.0569
PK00093351,2019,3,-0.0217,0.0297,-0.0063,-0.0126
PK00093351,2020,1,-0.0437,-0.0275,-0.0343,-0.1013
PK00093351,2021,2,0.0722,-0.0174,0.0174,0.0790
PK00093351,2022,7,0.0244,0.0551,0.0330,0.0011
PK00093351,2024,4,0.0217,0.0174,0.0063,0.0126
PK00093351,2025,7,0.0839,0.0695,0.0464,0.0080
PK00093351,2026,16,0.0439,0.0542,-0.0024,-0.0001
PK00093352,2018,3,-0.0353,0.0362,-0.0103,-0.0532
PK00093352,2019,4,-0.0149,0.0417,-0.0165,-0.0090
PK00093352,2020,1,-0.0869,-0.0922,-0.0752,-0.1119
PK00093352,2021,2,0.0719,-0.0035,0.0435,0.0757
PK00093352,2022,7,0.0189,0.0418,0.0102,0.0051
PK00093352,2024,4,0.0149,0.0035,0.0165,0.0090
PK00093352,2025,7,0.0410,0.0683,0.0443,0.0135
PK00093352,2026,16,0.0308,0.0425,-0.0093,0.0051
PK00093353,2018,3,-0.0309,0.0856,-0.0073,-0.0353
PK00093353,2019,4,0.0038,0.0633,-0.0036,-0.0009
PK00093353,2020,1,-0.1332,-0.0622,-0.0958,-0.1345
PK00093353,2021,2,0.1200,0.0009,0.0632,0.1158
PK00093353,2022,7,0.0316,0.0815,0.0232,0.0344
PK00093353,2024,4,-0.0038,-0.0009,0.0036,0.0009
PK00093353,2025,7,0.0227,0.1126,0.0071,0.0229
PK00093353,2026,16,0.0136,0.0555,-0.0185,0.0124
PK00093356,2018,3,-0.0443,0.0320,-0.0203,-0.0883
PK00093356,2019,4,0.0063,0.0489,0.0024,-0.0061
PK00093356,2020,1,-0.3596,-0.1509,-0.1605,-0.3446
PK00093356,2021,2,0.1383,0.0197,0.0923,0.1417
PK00093356,2022,7,0.0742,0.0426,0.0336,0.0153
PK00093356,2024,5,-0.0063,-0.0197,-0.0024,0.0061
PK00093356,2025,7,0.0767,0.0781,0.0360,0.0101
PK00093356,2026,16,0.0418,0.0216,-0.0155,0.0000
PK00093357,2018,3,-0.0050,0.0743,-0.0020,-0.0500
PK00093357,2019,4,0.0353,0.0386,0.0129,-0.0029
PK00093357,2020,1,-0.2720,-0.1682,-0.1539,-0.2145
PK00093357,2021,2,0.1099,0.0462,0.0489,0.1068
PK00093357,2022,7,0.0519,0.0926,0.0567,0.0323
PK00093357,2024,5,-0.0353,-0.0386,-0.0129,0.0029
PK00093357,2025,7,0.0389,0.1097,0.0608,0.0179
PK00093357,2026,16,0.0105,0.0434,-0.0019,0.0088
PK00093358,2018,3,-0.0111,0.0282,-0.0241,-0.0479
PK00093358,2019,4,0.0105,0.0437,0.0020,0.0070
PK00093358,2020,1,-0.2475,-0.1463,-0.1554,-0.2674
PK00093358,2021,2,0.1296,0.0128,0.0939,0.1365
PK00093358,2022,7,0.0572,0.0346,0.0303,0.0178
PK00093358,2024,5,-0.0105,-0.0128,-0.0020,-0.0070
PK00093358,2025,7,0.0585,0.0735,0.0390,0.0127
PK00093358,2026,16,0.0326,0.0150,-0.0155,0.0068
PK00093359,2018,3,-0.0120,0.0274,-0.0087,-0.0307
PK00093359,2019,4,0.0079,0.0474,0.0004,0.0118
PK00093359,2020,1,-0.1672,-0.1456,-0.1424,-0.1891
PK00093359,2021,2,0.1266,0.0354,0.0868,0.1390
PK00093359,2022,7,0.0470,0.0376,0.0272,0.0260
PK00093359,2024,5,-0.0079,-0.0354,-0.0004,-0.0118
PK00093359,2025,7,0.0521,0.0605,-0.0168,0.0174
PK00093359,2026,16,0.0236,0.0229,-0.0231,0.0155
PK00093360,2018,4,-0.0069,0.0426,0.0114,-0.0226
PK00093360,2019,4,0.0207,0.0469,-0.0068,0.0080
PK00093360,2020,1,-0.1189,-0.0741,-0.0358,-0.1273
PK00093360,2021,2,0.1040,0.0131,0.0634,0.1095
PK00093360,2022,7,0.0463,0.0597,0.0507,0.0369
PK00093360,2024,5,-0.0207,-0.0131,0.0068,-0.0080
PK00093360,2025,7,0.0458,0.0668,0.0200,0.0155
PK00093360,2026,16,0.0224,0.0275,-0.0196,0.0112
PK00093361,2018,5,0.0660,0.0539,0.0080,0.0127
PK00093361,2019,7,0.0147,0.0552,0.0118,0.0274
PK00093361,2020,2,-0.2886,-0.1621,-0.2723,-0.3009
PK00093361,2021,3,0.1594,0.0369,0.0877,0.1753
PK00093361,2022,7,0.0658,0.0918,0.0784,0.0421
PK00093361,2024,7,-0.0147,-0.0369,-0.0118,-0.0274
PK00093361,2025,7,0.1040,0.1000,0.0108,0.0033
PK00093361,2026,16,0.0565,0.0711,0.0231,0.0126
PK00093362,2018,3,0.0017,0.0641,0.0204,0.0015
PK00093362,2019,4,0.0117,0.0486,-0.0032,0.0124
PK00093362,2020,1,-0.1010,-0.0951,-0.0560,-0.1153
PK00093362,2021,2,0.1080,0.0234,0.0696,0.1195
PK00093362,2022,7,0.0521,0.0602,0.0515,0.0397
PK00093362,2024,5,-0.0117,-0.0234,0.0032,-0.0124
PK00093362,2025,7,0.0422,0.0646,0.0162,0.0180
PK00093362,2026,16,0.0188,0.0163,-0.0199,0.0097
PK00093365,2018,3,-0.0231,0.1056,0.0475,-0.0348
PK00093365,2019,5,-0.0121,0.0634,0.0235,0.0325
PK00093365,2020,2,-0.3865,-0.1193,-0.2561,-0.3568
PK00093365,2021,2,0.1113,0.0424,0.1218,0.1645
PK00093365,2022,7,0.0333,0.0814,0.0789,0.0329
PK00093365,2024,5,0.0121,-0.0424,-0.0235,-0.0325
PK00093365,2025,7,0.0863,0.1353,0.0228,-0.0338
PK00093365,2026,16,0.0152,0.0847,0.0219,-0.0060
PK00093366,2018,6,-0.0201,0.0461,0.0593,-0.0358
PK00093366,2019,5,-0.0332,0.0336,0.0621,0.0058
PK00093366,2020,2,-0.3430,-0.1059,-0.1581,-0.3233
PK00093366,2021,3,0.0779,0.0769,0.1587,0.1235
PK00093366,2022,7,0.0082,0.0702,0.0938,0.0031
PK00093366,2024,5,0.0332,-0.0336,-0.0621,-0.0058
PK00093366,2025,7,0.0550,0.0863,0.0351,-0.0251
PK00093366,2026,16,-0.0255,0.0164,0.0294,-0.0377
PK00093367,2018,5,0.1004,0.0604,0.0897,0.0387
PK00093367,2019,5,0.0048,0.0387,0.0795,0.0373
PK00093367,2020,2,-0.2474,-0.1301,-0.1772,-0.2601
PK00093367,2021,3,0.1850,0.1056,0.1948,0.2063
PK00093367,2022,7,0.1134,0.0862,0.1250,0.0538
PK00093367,2024,7,-0.0048,-0.0387,-0.0795,-0.0373
PK00093367,2025,7,0.1676,0.0803,0.0390,0.0252
PK00093367,2026,16,0.0760,-0.0106,0.0296,0.0128
PK00093368,2018,5,0.1090,0.0475,0.0466,0.0311
PK00093368,2019,5,0.0549,0.0462,0.0111,0.0298
PK00093368,2020,2,-0.1554,-0.0795,-0.0933,-0.2013
PK00093368,2021,3,0.1438,0.0077,0.0818,0.1466
PK00093368,2022,7,0.1247,0.0653,0.0540,0.0611
PK00093368,2024,5,-0.0549,-0.0077,-0.0111,-0.0298
PK00093368,2025,7,0.1495,0.0621,0.0363,0.0359
PK00093368,2026,16,0.1006,0.0571,0.0328,0.0274
PK00093370,2018,5,0.0351,0.0784,0.0483,-0.0073
PK00093370,2019,6,0.0019,0.0372,-0.0090,-0.0018
PK00093370,2020,2,-0.3244,-0.1445,-0.2206,-0.3094
PK00093370,2021,3,0.0853,0.0209,0.0521,0.0938
PK00093370,2022,7,0.0601,0.0813,0.0343,0.0288
PK00093370,2024,5,-0.0019,-0.0209,0.0090,0.0018
PK00093370,2025,7,0.0766,0.0657,0.0350,0.0085
PK00093370,2026,16,0.0512,0.0555,0.0150,0.0005
PK00093371,2018,5,0.0923,-0.0260,-0.0189,-0.0144
PK00093371,2019,6,-0.0031,0.0457,-0.0020,-0.0087
PK00093371,2020,2,-0.3194,-0.1661,-0.2551,-0.3377
PK00093371,2021,3,0.1340,0.0195,0.0715,0.1493
PK00093371,2022,7,0.0951,0.0004,0.0038,0.0074
PK00093371,2024,5,0.0031,-0.0195,0.0020,0.0087
PK00093371,2025,7,0.1258,0.0229,0.0049,-0.0063
PK00093371,2026,16,0.0913,-0.0194,-0.0373,-0.0101
PK00093374,2018,5,0.0505,0.0786,0.0443,0.0001
PK00093374,2019,6,0.0102,0.0398,0.0081,-0.0031
PK00093374,2020,2,-0.3579,-0.2066,-0.2755,-0.3331
PK00093374,2021,3,0.0876,0.0391,0.0532,0.0923
PK00093374,2022,7,0.0542,0.0875,0.0668,0.0270
PK00093374,2024,5,-0.0102,-0.0391,-0.0081,0.0031
PK00093374,2025,6,0.0520,0.0699,0.0381,0.0116
PK00093374,2026,16,0.0235,0.0222,-0.0021,0.0045
PK00093375,2018,5,0.0939,0.0167,0.0050,0.0064
PK00093375,2019,6,0.0074,0.0255,-0.0063,-0.0098
PK00093375,2020,2,-0.3320,-0.1765,-0.2498,-0.3567
PK00093375,2021,3,0.1267,0.0246,0.0886,0.1355
PK00093375,2022,7,0.1125,0.0187,0.0310,0.0262
PK00093375,2024,5,-0.0074,-0.0246,0.0063,0.0098
PK00093375,2025,6,0.1225,0.0346,0.0169,0.0233
PK00093375,2026,16,0.0871,-0.0034,-0.0113,0.0093
PK00093376,2018,4,0.0299,0.0661,0.0094,0.0091
PK00093376,2019,6,0.0113,0.0519,-0.0089,-0.0017
PK00093376,2020,2,-0.3391,-0.1631,-0.2321,-0.3211
PK00093376,2021,3,0.1072,0.0389,0.0437,0.1063
PK00093376,2022,7,0.0623,0.0895,0.0507,0.0334
PK00093376,2024,5,-0.0113,-0.0389,0.0089,0.0017
PK00093376,2025,6,0.0463,0.0802,0.0149,0.0195
PK00093376,2026,16,0.0227,0.0421,-0.0037,0.0128
PK00093377,2018,4,0.0550,0.1063,0.0023,-0.0203
PK00093377,2019,6,-0.0010,0.0561,-0.0145,-0.0145
PK00093377,2020,2,-0.2967,-0.1360,-0.2425,-0.3275
PK00093377,2021,3,0.1390,0.0331,0.1122,0.1415
PK00093377,2022,7,0.0774,0.1505,0.0786,0.0089
PK00093377,2024,5,0.0010,-0.0331,0.0145,0.0145
PK00093377,2025,6,0.0933,0.1675,0.0712,0.0135
PK00093377,2026,16,0.0565,0.0924,0.0273,-0.0003
PK00093379,2018,4,0.0667,0.1704,0.0687,-0.0196
PK00093379,2019,6,0.0088,0.1084,0.0100,-0.0056
PK00093379,2020,2,-0.2533,-0.0947,-0.1983,-0.2890
PK00093379,2021,3,0.1407,0.0597,0.1249,0.1371
PK00093379,2022,7,0.0660,0.2139,0.1138,0.0025
PK00093379,2024,5,-0.0088,-0.0597,-0.0100,0.0056
PK00093379,2025,6,0.1026,0.2227,0.1139,0.0116
PK00093379,2026,16,0.0622,0.1555,0.0630,-0.0047
PK00093380,2018,4,0.0465,0.1665,0.0756,-0.0154
PK00093380,2019,6,-0.0018,0.1184,0.0073,-0.0103
PK00093380,2020,2,-0.2419,-0.0925,-0.1948,-0.2725
PK00093380,2021,3,0.1419,0.0632,0.1054,0.1357
PK00093380,2022,7,0.0619,0.1984,0.1130,0.0094
PK00093380,2024,5,0.0018,-0.0632,-0.0073,0.0103
PK00093380,2025,6,0.0850,0.2068,0.0881,0.0144
PK00093380,2026,17,0.0578,0.1297,0.0503,0.0023
PK00093381,2018,4,0.0195,0.1222,0.0569,-0.0111
PK00093381,2019,6,-0.0055,0.0902,0.0092,-0.0114
PK00093381,2020,2,-0.2154,-0.0956,-0.1470,-0.2236
PK00093381,2021,3,0.1032,0.0616,0.0903,0.1057
PK00093381,2022,7,0.0507,0.1451,0.1004,0.0111
PK00093381,2024,5,0.0055,-0.0616,-0.0092,0.0114
PK00093381,2025,6,0.0444,0.1642,0.0796,0.0190
PK00093381,2026,17,0.0353,0.0923,0.0463,0.0100
PK00093383,2018,4,0.0230,0.0932,0.0432,-0.0269
PK00093383,2019,6,-0.0171,0.0733,0.0188,-0.0195
PK00093383,2020,2,-0.1730,-0.1052,-0.1294,-0.1877
PK00093383,2021,3,0.0964,0.0596,0.0793,0.0990
PK00093383,2022,7,0.0471,0.1143,0.0878,-0.0079
PK00093383,2024,5,0.0171,-0.0596,-0.0188,0.0195
PK00093383,2025,6,0.0574,0.1304,0.0757,0.0057
PK00093383,2026,17,0.0469,0.0661,0.0435,0.0002
PK00093386,2018,4,0.0148,0.0188,0.0392,0.0021
PK00093386,2019,5,0.0094,0.0261,0.0051,0.0003
PK00093386,2020,2,-0.3462,-0.1565,-0.2170,-0.2836
PK00093386,2021,3,0.1384,0.0216,0.0674,0.1149
PK00093386,2022,7,0.0712,0.0051,0.0540,0.0161
PK00093386,2024,6,-0.0094,-0.0216,-0.0051,-0.0003
PK00093386,2025,6,0.0653,0.0391,0.0467,0.0371
PK00093386,2026,17,0.0466,-0.0115,0.0132,0.0176
PK00093387,2018,5,0.0017,-0.0661,-0.0757,-0.0823
PK00093387,2019,6,0.0000,0.0053,0.0000,0.0000
PK00093387,2020,2,-0.3966,-0.1756,-0.2681,-0.3831
PK00093387,2021,3,0.0674,0.0000,0.0097,0.0608
PK00093387,2022,7,0.0078,-0.0620,-0.0585,-0.0487
PK00093387,2023,1,0.0258,0.0747,0.0511,0.0311
PK00093387,2024,7,-0.0650,-0.0641,-0.0878,-0.0644
PK00093387,2025,7,0.0484,-0.0413,-0.0477,-0.0406
PK00093387,2026,18,-0.0268,-0.1128,-0.0896,-0.0918
PK00093388,2018,6,-0.0499,0.0584,-0.0333,-0.0372
PK00093388,2019,6,0.0000,0.0193,0.0037,0.0000
PK00093388,2020,2,-0.4590,-0.1798,-0.3263,-0.3744
PK00093388,2021,3,0.1513,0.0000,0.0000,0.1056
PK00093388,2022,7,0.0269,0.0300,0.0045,0.0160
PK00093388,2023,1,0.0221,0.0644,0.0476,0.0298
PK00093388,2024,7,-0.1693,-0.0997,-0.1413,-0.0979
PK00093388,2025,8,0.0195,0.0769,-0.0123,0.0129
PK00093388,2026,18,-0.0353,-0.0592,-0.0413,-0.0246
PK00093390,2018,6,0.0943,0.0969,-0.0287,-0.0122
PK00093390,2019,6,0.0000,0.0495,0.0181,0.0000
PK00093390,2020,2,-0.4333,-0.2514,-0.4191,-0.3374
PK00093390,2021,3,0.2407,0.0000,0.0000,0.1308
PK00093390,2022,7,0.0936,0.0536,0.0603,0.0339
PK00093390,2023,1,0.0260,0.0352,0.0475,0.0515
PK00093390,2024,7,-0.2313,-0.1704,-0.1943,-0.1006
PK00093390,2025,8,0.0843,0.1147,0.0152,0.0254
PK00093390,2026,18,0.0683,-0.0774,-0.0338,0.0004
PK00093392,2018,5,0.0516,0.0293,-0.0373,0.0046
PK00093392,2019,7,0.0000,0.0959,0.0000,0.0000
PK00093392,2020,2,-0.4010,-0.1507,-0.3566,-0.3328
PK00093392,2021,3,0.1850,0.0000,0.0320,0.1566
PK00093392,2022,7,0.0488,0.0098,0.0090,0.0534
PK00093392,2023,1,0.0225,0.0431,0.0563,0.0654
PK00093392,2024,7,-0.0949,-0.1095,-0.0743,-0.0161
PK00093392,2025,8,0.0690,0.0633,-0.0316,0.0567
PK00093392,2026,18,0.0473,-0.0114,-0.0358,0.0282
PK00093394,2018,5,-0.0192,0.0120,-0.0245,-0.0546
PK00093394,2019,7,0.0090,0.0655,0.0000,0.0000
PK00093394,2020,2,-0.3900,-0.1023,-0.2758,-0.3601
PK00093394,2021,3,0.1446,0.0000,0.0707,0.1291
PK00093394,2022,7,0.0397,0.0266,0.0217,0.0105
PK00093394,2023,1,0.0000,0.0698,0.0694,0.0277
PK00093394,2024,7,-0.0582,-0.0353,-0.0307,-0.0419
PK00093394,2025,8,0.0494,0.0918,0.0072,0.0014
PK00093394,2026,18,0.0456,0.0033,-0.0078,-0.0127
PK00093398,2018,5,0.0729,-0.0217,-0.0047,-0.1003
PK00093398,2019,7,-0.0045,0.0196,0.0000,0.0000
PK00093398,2020,2,-0.2625,-0.1869,-0.2399,-0.3055
PK00093398,2021,3,0.1123,0.0000,0.0817,0.0966
PK00093398,2022,7,0.1272,-0.0061,0.0086,-0.0467
PK00093398,2023,1,0.0204,0.0694,0.0205,0.0280
PK00093398,2024,7,0.0000,-0.0631,-0.0237,-0.0263
PK00093398,2025,8,0.1650,0.0388,0.0225,-0.0491
PK00093398,2026,17,0.0802,-0.0918,-0.0581,-0.0841
PK00093400,2018,5,0.0177,0.0885,0.0126,-0.1326
PK00093400,2019,7,0.0000,0.0719,0.0000,0.0000
PK00093400,2020,2,-0.2821,-0.1456,-0.1825,-0.3112
PK00093400,2021,3,0.1103,0.0000,0.0873,0.0895
PK00093400,2022,7,0.0575,0.1478,0.0663,-0.0922
PK00093400,2023,1,0.0450,0.1410,0.0645,0.0393
PK00093400,2024,7,-0.0139,-0.1264,-0.0471,-0.0420
PK00093400,2025,8,0.0781,0.1777,0.0747,-0.0933
PK00093400,2026,17,-0.0047,0.0065,0.0060,-0.1274
PK00093401,2018,5,0.1418,0.0576,0.0162,-0.0068
PK00093401,2019,7,0.0000,0.0299,0.0000,0.0000
PK00093401,2020,2,-0.2377,-0.1371,-0.1762,-0.2683
PK00093401,2021,3,0.1838,0.0000,0.0920,0.1479
PK00093401,2022,7,0.1659,0.1140,0.0581,0.0181
PK00093401,2023,1,0.0305,0.0999,0.0601,0.0375
PK00093401,2024,7,-0.0151,-0.1082,-0.0339,-0.0325
PK00093401,2025,8,0.1872,0.1344,0.0639,0.0158
PK00093401,2026,17,0.1724,-0.0072,0.0134,0.0041
PK00093404,2018,5,-0.0210,0.0286,-0.0121,-0.0813
PK00093404,2019,8,0.0000,0.0299,0.0000,0.0000
PK00093404,2020,2,-0.1829,-0.1187,-0.1714,-0.2190
PK00093404,2021,3,0.1217,0.0000,0.0919,0.1116
PK00093404,2022,7,0.0415,0.0304,0.0245,-0.0210
PK00093404,2023,1,0.0425,0.0678,0.0521,0.0441
PK00093404,2024,7,-0.0367,-0.0950,-0.0036,-0.0438
PK00093404,2025,8,0.0414,0.0373,-0.0104,-0.0528
PK00093404,2026,16,-0.0008,-0.0729,-0.0532,-0.0772
PK00093406,2018,5,0.0392,0.0048,-0.0372,-0.0771
PK00093406,2019,8,0.0000,0.0136,0.0000,0.0000
PK00093406,2020,2,-0.1376,-0.1314,-0.1196,-0.1973
PK00093406,2021,3,0.1312,0.0000,0.0376,0.1095
PK00093406,2022,7,0.0926,0.0069,-0.0133,-0.0179
PK00093406,2023,1,0.0390,0.0883,0.0310,0.0389
PK00093406,2024,7,-0.0100,-0.0617,-0.1069,-0.0295
PK00093406,2025,8,0.1111,0.0527,-0.0251,-0.0537
PK00093406,2026,16,0.0495,-0.0511,-0.0572,-0.0810
PK00093410,2018,5,-0.0292,-0.0968,-0.0652,-0.0843
PK00093410,2019,8,0.0000,0.0299,0.0000,0.0000
PK00093410,2020,2,-0.0787,-0.1234,-0.1302,-0.1115
PK00093410,2021,3,0.0585,0.0000,0.0240,0.0734
PK00093410,2022,7,0.0132,-0.0818,-0.0553,-0.0278
PK00093410,2023,1,-0.0020,0.0866,0.0263,0.0003
PK00093410,2024,7,0.0096,-0.0516,-0.0456,-0.0337
PK00093410,2025,8,0.0259,-0.0638,-0.0702,-0.0588
PK00093410,2026,16,-0.0302,-0.0974,-0.1144,-0.0809
PK00093411,2018,5,0.0066,0.0127,0.0184,0.0166
PK00093411,2019,8,0.0000,0.0308,0.0000,0.0000
PK00093411,2020,2,-0.0871,-0.1005,-0.0381,-0.0754
PK00093411,2021,3,0.1280,0.0000,0.0596,0.1412
PK00093411,2022,7,0.0381,0.0366,0.0259,0.0456
PK00093411,2023,1,0.0247,0.0429,0.0472,0.0239
PK00093411,2024,7,-0.0281,-0.0279,-0.0645,-0.0296
PK00093411,2025,8,0.0187,0.0561,0.0328,0.0247
PK00093411,2026,16,0.0141,-0.0244,-0.0185,0.0198
PK00093412,2018,5,-0.0354,-0.0673,-0.0871,-0.0873
PK00093412,2019,8,0.0000,0.0293,0.0000,0.0023
PK00093412,2020,2,-0.0935,-0.1223,-0.1135,-0.1245
PK00093412,2021,3,0.0720,0.0000,0.0245,0.0721
PK00093412,2022,7,0.0177,-0.0304,-0.0258,-0.0302
PK00093412,2023,1,-0.0046,0.0935,0.0273,0.0000
PK00093412,2024,7,0.0081,-0.0460,-0.0481,-0.0462
PK00093412,2025,8,0.0268,-0.0141,-0.0538,-0.0532
PK00093412,2026,16,-0.0054,-0.0669,-0.0893,-0.0622
PK00093415,2018,5,0.1523,0.0983,0.1125,0.0233
PK00093415,2019,8,-0.0712,0.0728,0.0000,0.0000
PK00093415,2020,2,0.0835,0.0000,0.0433,-0.0421
PK00093415,2021,3,0.1464,0.0190,0.0914,0.1742
PK00093415,2022,7,0.1497,0.0875,0.0969,0.0642
PK00093415,2023,2,-0.0980,-0.0120,-0.0434,-0.1452
PK00093415,2024,7,0.0000,-0.0325,-0.0055,0.0201
PK00093415,2025,8,0.2263,0.1572,0.1251,0.0584
PK00093415,2026,17,0.1468,0.0698,0.0721,0.0286
PK00093418,2018,4,0.0911,0.0729,0.0373,0.0595
PK00093418,2019,7,0.0000,0.0868,0.0000,0.0458
PK00093418,2020,2,0.0201,0.0000,0.0052,-0.0116
PK00093418,2021,3,0.1417,-0.0021,0.0480,0.1757
PK00093418,2022,7,0.1007,0.0859,0.0733,0.0903
PK00093418,2023,2,-0.1312,0.0317,-0.0584,-0.1261
PK00093418,2024,7,-0.0329,-0.0109,-0.0106,0.0000
PK00093418,2025,8,0.1098,0.1383,0.0847,0.0630
PK00093418,2026,17,0.0880,0.0659,0.0089,0.0615
PK00093419,2018,4,0.1025,0.1034,0.0824,-0.0045
PK00093419,2019,7,0.0000,0.1036,0.0288,0.0231
PK00093419,2020,2,-0.0272,-0.0149,0.0000,-0.0252
PK00093419,2021,3,0.1026,0.0000,0.0829,0.1033
PK00093419,2022,7,0.1331,0.1342,0.1237,0.0252
PK00093419,2023,2,0.0187,0.0377,-0.0124,-0.0754
PK00093419,2024,7,-0.0186,-0.0373,-0.0076,0.0000
PK00093419,2025,8,0.1349,0.1600,0.1205,0.0186
PK00093419,2026,17,0.0982,0.0846,0.0485,0.0038
PK00093420,2018,4,0.1054,0.0258,0.0474,-0.0070
PK00093420,2019,7,0.0332,0.0067,0.0000,0.0122
PK00093420,2020,2,-0.0229,-0.0570,-0.0231,-0.1119
PK00093420,2021,3,0.1689,0.0000,0.0518,0.1239
PK00093420,2022,7,0.1012,0.0438,0.0661,0.0267
PK00093420,2023,1,0.0000,0.0138,0.0068,0.0000
PK00093420,2024,6,-0.0248,-0.0373,-0.0122,-0.0584
PK00093420,2025,8,0.1175,0.0862,0.0656,-0.0031
PK00093420,2026,17,0.1154,0.0272,0.0349,0.0051
PK00093422,2018,4,0.0837,0.0499,0.0476,0.0004
PK00093422,2019,7,-0.0235,0.0182,-0.0082,0.0130
PK00093422,2020,2,0.0092,-0.0095,0.0090,-0.0624
PK00093422,2021,3,0.0822,0.0230,0.0341,0.1002
PK00093422,2022,7,0.0650,0.0576,0.0636,0.0241
PK00093422,2023,1,-0.0586,0.0000,-0.0280,0.0000
PK00093422,2024,6,0.0000,-0.0161,0.0000,-0.0032
PK00093422,2025,8,0.1082,0.0984,0.0673,0.0114
PK00093422,2026,17,0.0610,0.0299,0.0283,-0.0011
PK00093425,2018,4,-0.0458,0.0057,-0.0034,-0.0103
PK00093425,2019,6,0.0000,0.0325,0.0024,0.0000
PK00093425,2020,2,-0.0498,0.0000,-0.0257,-0.0335
PK00093425,2021,3,0.0716,0.0025,0.0658,0.1110
PK00093425,2022,7,-0.0309,0.0360,0.0062,0.0207
PK00093425,2023,1,-0.1074,-0.0167,-0.0394,0.0035
PK00093425,2024,5,0.0048,-0.0488,0.0000,-0.0167
PK00093425,2025,8,-0.0363,0.0426,-0.0188,0.0122
PK00093425,2026,17,-0.0584,-0.0140,-0.0497,0.0057
PK00093429,2018,4,0.0688,0.0390,0.0220,-0.0004
PK00093429,2019,6,0.0000,0.0072,0.0046,0.0000
PK00093429,2020,2,0.0072,-0.0173,0.0000,-0.0374
PK00093429,2021,3,0.1132,0.0000,0.0335,0.1130
PK00093429,2022,7,0.0564,0.0254,0.0362,0.0293
PK00093429,2023,1,-0.0205,-0.0215,-0.0476,0.0010
PK00093429,2024,5,-0.0042,0.0089,-0.0069,-0.0041
PK00093429,2025,9,0.0833,0.0728,0.0652,0.0176
PK00093429,2026,17,0.0674,0.0211,0.0002,0.0038
PK00093440,2018,4,-0.0555,-0.1467,-0.1657,-0.0935
PK00093440,2019,8,0.0171,0.0153,0.0158,0.0101
PK00093440,2020,3,-0.0117,0.0078,-0.0142,-0.0074
PK00093440,2021,2,0.1081,0.0000,0.0644,0.0993
PK00093440,2022,7,-0.0410,-0.2048,-0.1269,-0.0750
PK00093440,2023,1,0.0000,-0.0083,0.0000,0.0000
PK00093440,2024,5,-0.0373,-0.0593,-0.0627,-0.0410
PK00093440,2025,8,-0.0624,-0.1374,-0.1300,-0.0845
PK00093440,2026,18,-0.1100,-0.1262,-0.1910,-0.1408
PK00093462,2018,4,-0.0398,-0.0948,-0.0508,-0.0410
PK00093462,2019,8,0.0000,0.0000,0.0014,0.0198
PK00093462,2020,2,-0.0136,-0.0060,-0.0080,0.0000
PK00093462,2021,2,0.0672,0.0129,0.0752,0.0800
PK00093462,2022,7,-0.0059,-0.0862,-0.0243,-0.0206
PK00093462,2023,1,-0.0251,-0.0533,-0.0117,-0.0039
PK00093462,2024,6,0.0186,0.0115,0.0000,-0.0009
PK00093462,2025,8,0.0234,-0.1139,-0.0461,0.0000
PK00093462,2026,18,0.0177,-0.0588,-0.0235,-0.0088
PK00093503,2018,3,-0.0275,-0.0866,0.0011,-0.0495
PK00093503,2019,8,0.0269,0.0269,0.0342,0.0144
PK00093503,2020,3,0.0000,0.0173,0.0000,-0.0069
PK00093503,2021,2,0.0994,0.0000,0.0799,0.0913
PK00093503,2022,8,0.0017,-0.0445,0.0102,-0.0213
PK00093503,2023,1,-0.1185,-0.0687,-0.0834,-0.1063
PK00093503,2024,5,-0.0006,-0.0354,-0.0408,0.0000
PK00093503,2025,8,0.0056,0.0049,0.0013,-0.0129
PK00093503,2026,17,0.0120,0.0193,-0.0006,-0.0177
PK00093505,2018,3,-0.0161,-0.1191,-0.0430,-0.0797
PK00093505,2019,8,0.0208,0.0377,0.0278,0.0066
PK00093505,2020,3,-0.0149,-0.0139,-0.0221,-0.0284
PK00093505,2021,2,0.0816,-0.0401,0.0000,0.0546
PK00093505,2022,8,-0.0143,-0.0893,-0.0354,-0.0594
PK00093505,2023,1,0.0000,0.0780,0.0533,0.0000
PK00093505,2024,5,-0.0387,0.0000,-0.0282,-0.0432
PK00093505,2025,8,-0.0041,-0.0265,-0.0412,-0.0658
PK00093505,2026,17,0.0049,-0.0187,-0.0376,-0.0736
PK00093507,2018,4,-0.1294,-0.2110,-0.1326,-0.1480
PK00093507,2019,8,0.0274,0.0079,0.0443,0.0255
PK00093507,2020,4,-0.0099,0.0093,-0.0127,-0.0066
PK00093507,2021,2,0.0694,-0.0170,0.0330,0.0624
PK00093507,2022,8,-0.0472,-0.1548,-0.0695,-0.0650
PK00093507,2023,1,0.0000,0.0000,0.0000,0.0000
PK00093507,2024,5,-0.0241,-0.0926,-0.0485,-0.0276
PK00093507,2025,8,-0.0214,-0.0907,-0.0741,-0.0473
PK00093507,2026,17,-0.0522,-0.1302,-0.0946,-0.0913
PK00093512,2018,5,-0.0658,-0.0790,-0.0284,-0.0958
PK00093512,2019,8,0.0103,0.0436,0.0420,0.0202
PK00093512,2020,4,-0.0267,0.0326,-0.0057,-0.0155
PK00093512,2021,2,0.0693,-0.0015,0.0314,0.0697
PK00093512,2022,8,-0.0275,-0.0352,-0.0299,-0.0475
PK00093512,2023,1,0.0000,0.0000,0.0000,0.0000
PK00093512,2024,6,-0.0109,-0.0058,-0.0077,-0.0209
PK00093512,2025,8,-0.0021,-0.0113,-0.0140,-0.0284
PK00093512,2026,17,-0.0355,-0.0292,-0.0390,-0.0633
PK00093513,2018,5,-0.0550,-0.1146,-0.0548,-0.0705
PK00093513,2019,8,0.0205,0.0351,0.0388,0.0249
PK00093513,2020,4,-0.0238,0.0328,-0.0085,-0.0201
PK00093513,2021,2,0.0772,0.0000,0.0343,0.0773
PK00093513,2022,8,-0.0210,-0.0777,-0.0453,-0.0341
PK00093513,2023,1,0.0000,-0.0045,0.0000,0.0000
PK00093513,2024,6,-0.0127,-0.0265,-0.0141,-0.0174
PK00093513,2025,8,-0.0148,-0.0439,-0.0368,-0.0249
PK00093513,2026,17,-0.0297,-0.0678,-0.0587,-0.0472
PK00093514,2018,4,-0.0496,-0.1516,-0.0811,-0.0623
PK00093514,2019,8,0.0305,0.0000,0.0047,0.0346
PK00093514,2020,4,-0.0247,0.0155,-0.0290,-0.0210
PK00093514,2021,2,0.1071,0.0030,0.0533,0.1064
PK00093514,2022,8,-0.0394,-0.1442,-0.0706,-0.0530
PK00093514,2023,1,-0.0042,-0.0130,0.0000,0.0000
PK00093514,2024,6,0.0000,-0.0494,-0.0460,-0.0034
PK00093514,2025,8,-0.0300,-0.1001,-0.0737,-0.0361
PK00093514,2026,17,-0.0180,-0.0960,-0.0753,-0.0429
PK00093598,2018,3,-0.1149,-0.1322,-0.1197,-0.1883
PK00093598,2019,7,0.0628,0.0000,0.0000,0.0205
PK00093598,2020,3,-0.0318,-0.0177,-0.0436,-0.0416
PK00093598,2021,3,0.1106,0.0250,0.0664,0.0903
PK00093598,2022,8,0.0421,-0.0920,-0.0658,-0.0505
PK00093598,2023,1,0.0000,0.0685,0.0544,0.0000
PK00093598,2024,6,-0.0054,-0.0120,-0.0492,-0.0597
PK00093598,2025,6,0.0311,-0.0727,-0.0668,-0.0262
PK00093598,2026,16,0.0379,-0.0619,-0.0740,-0.0462
PK00094315,2018,4,-0.0494,-0.0259,-0.0137,-0.0231
PK00094315,2019,6,0.0000,0.0222,0.0171,-0.0017
PK00094315,2020,3,-0.0977,-0.0733,-0.0837,-0.0874
PK00094315,2021,4,0.0319,0.0000,0.0472,0.0000
PK00094315,2022,8,0.0169,0.0229,0.0056,0.0160
PK00094315,2023,2,0.0216,-0.0022,0.0000,0.0129
PK00094315,2024,6,-0.0090,0.0593,-0.0147,0.0148
PK00094315,2025,7,0.0429,0.0637,0.0167,0.0349
PK00094315,2026,15,0.0031,0.0233,-0.0100,0.0103
PK00094326,2018,5,-0.0750,-0.0259,-0.0218,-0.0570
PK00094326,2019,6,0.0000,0.0351,0.0159,0.0000
PK00094326,2020,2,-0.3369,-0.1477,-0.2096,-0.2957
PK00094326,2021,4,0.0181,0.0000,0.0000,0.0177
PK00094326,2022,8,-0.0300,0.0231,0.0043,-0.0204
PK00094326,2023,2,0.0090,0.0052,0.0122,0.0109
PK00094326,2024,6,-0.0326,-0.0014,-0.0081,-0.0144
PK00094326,2025,7,0.0053,0.0246,0.0096,0.0090
PK00094326,2026,15,-0.0082,0.0046,-0.0070,-0.0045
PK00094416,2018,5,-0.1297,0.0269,-0.0535,-0.1140
PK00094416,2019,6,0.0000,0.0000,-0.0033,-0.0049
PK00094416,2020,3,-0.0284,0.0051,0.0000,0.0000
PK00094416,2021,4,0.0285,-0.0140,0.0484,0.0054
PK00094416,2022,8,-0.0264,0.0188,-0.0022,-0.0303
PK00094416,2023,1,0.0954,0.1268,0.1461,0.0846
PK00094416,2024,6,-0.0624,-0.0441,-0.0473,-0.0226
PK00094416,2025,7,0.0131,0.1389,0.0758,0.0291
PK00094416,2026,15,-0.0755,0.0396,0.0028,-0.0369
PK00094671,2018,2,-0.1417,-0.2410,-0.1582,-0.2160
PK00094671,2019,6,0.0387,0.0000,0.0010,0.0151
PK00094671,2020,4,0.0000,0.0486,0.0000,0.0000
PK00094671,2021,4,0.0492,0.0056,0.0079,0.0130
PK00094671,2022,8,-0.0419,-0.1483,-0.1076,-0.1235
PK00094671,2023,1,-0.6471,-0.1646,-0.3859,-0.6131
PK00094671,2024,7,-0.0112,-0.0255,-0.0297,-0.0406
PK00094671,2025,8,0.0009,-0.1414,-0.1115,-0.0909
PK00094671,2026,15,-0.0271,-0.1394,-0.1678,-0.1752
PK00095390,2018,2,-0.1936,-0.0527,-0.1283,-0.1291
PK00095390,2019,8,0.0907,0.0067,0.0000,0.0719
PK00095390,2020,1,0.0000,-0.0781,0.0055,0.0000
PK00095390,2021,4,0.1201,0.0000,0.0655,0.1091
PK00095390,2022,9,0.0540,0.0186,0.0272,0.0463
PK00095390,2023,1,-0.0001,-0.0522,-0.1686,-0.0520
PK00095390,2024,8,-0.0602,0.0663,-0.0012,-0.0005
PK00095390,2025,9,-0.0406,-0.0203,-0.0858,-0.0143
PK00095390,2026,14,-0.0375,-0.0724,-0.0795,-0.0225
PK00095500,2018,3,-0.0700,-0.0118,-0.0238,-0.0571
PK00095500,2019,4,-0.0041,-0.0087,-0.0090,-0.0074
PK00095500,2020,2,-0.2290,-0.0564,-0.1228,-0.1797
PK00095500,2021,3,0.0526,0.0444,0.0090,0.0074
PK00095500,2022,8,0.0012,-0.0087,-0.0258,-0.0002
PK00095500,2024,5,0.0041,0.0087,0.0192,0.0349
PK00095500,2025,6,0.0653,0.0020,0.0183,0.0250
PK00095500,2026,14,-0.0251,-0.0529,-0.0663,-0.0408
PK00095548,2018,3,-0.1040,-0.1226,-0.0779,-0.1372
PK00095548,2019,7,0.0030,0.0000,0.0168,0.0032
PK00095548,2020,3,-0.1415,-0.0113,-0.0471,-0.0787
PK00095548,2021,3,0.0198,0.0112,0.0736,0.0364
PK00095548,2022,8,-0.0792,-0.0830,-0.0301,-0.1227
PK00095548,2023,1,0.0000,0.0259,0.0000,0.0000
PK00095548,2024,7,-0.0890,-0.0052,-0.0052,-0.0579
PK00095548,2025,7,-0.0525,-0.0085,0.0242,-0.0578
PK00095548,2026,14,-0.0937,-0.0431,-0.0341,-0.0867
PK00095596,2018,4,-0.0510,0.0005,0.0093,-0.0429
PK00095596,2019,5,-0.0609,-0.0537,-0.0384,-0.0472
PK00095596,2020,3,0.0000,-0.0114,-0.0262,-0.0282
PK00095596,2021,4,0.1356,0.0315,0.0266,0.0500
PK00095596,2022,8,0.0355,0.0001,-0.0051,-0.0067
PK00095596,2023,2,0.0287,0.0000,0.0338,0.0000
PK00095596,2024,5,-0.0280,0.0046,0.0000,0.0118
PK00095596,2025,6,0.0847,0.0103,-0.0131,0.0222
PK00095596,2026,15,0.0410,-0.0213,-0.0209,0.0196
PK00095598,2018,5,-0.0068,0.0160,0.0707,-0.0015
PK00095598,2019,4,-0.0307,-0.0440,-0.0209,-0.0159
PK00095598,2020,3,0.0000,-0.0120,-0.0383,-0.0466
PK00095598,2021,4,0.0352,0.0654,0.0502,0.0149
PK00095598,2022,8,0.0007,0.0322,0.0087,0.0408
PK00095598,2023,2,-0.0470,0.0000,0.0569,0.0000
PK00095598,2024,5,0.0435,0.0426,0.0000,0.0411
PK00095598,2025,6,-0.0103,0.0550,0.0543,0.0272
PK00095598,2026,15,-0.0438,-0.0110,-0.0266,-0.0045
PK00096374,2018,4,-0.0251,-0.0464,-0.0479,-0.0343
PK00096374,2019,4,0.0000,0.0000,0.0000,0.0000
PK00096374,2020,3,-0.0290,0.0396,0.0051,-0.0084
PK00096374,2021,4,0.0154,0.0027,0.0211,0.0098
PK00096374,2022,9,0.0051,-0.0015,-0.0267,0.0054
PK00096374,2023,1,0.0265,-0.0148,-0.0377,0.0130
PK00096374,2024,6,-0.1430,-0.0242,-0.0391,-0.1075
PK00096374,2025,6,-0.0490,-0.0481,-0.0364,-0.0537
PK00096374,2026,14,-0.0706,-0.0689,-0.0701,-0.0684
PK00096380,2018,4,-0.0881,-0.0929,-0.0818,-0.0798
PK00096380,2019,4,0.0000,-0.0126,0.0000,-0.0061
PK00096380,2020,3,-0.0055,-0.0173,-0.0051,-0.0100
PK00096380,2021,4,0.0578,0.0076,0.0039,0.0366
PK00096380,2022,9,0.0041,-0.0310,-0.0166,-0.0053
PK00096380,2023,1,0.0339,0.0100,0.0174,0.0243
PK00096380,2024,6,-0.0049,0.0000,-0.0184,0.0000
PK00096380,2025,6,0.0286,-0.0422,-0.0245,0.0126
PK00096380,2026,15,0.0061,-0.0456,-0.0316,-0.0069
PK00097170,2018,4,-0.0896,0.0284,0.0478,-0.0852
PK00097170,2019,6,-0.0067,0.0649,0.0541,-0.0642
PK00097170,2020,3,-0.2377,-0.0793,-0.0867,-0.2342
PK00097170,2021,3,0.1097,-0.0678,-0.0465,0.0535
PK00097170,2022,8,-0.0017,-0.0531,-0.0065,-0.0529
PK00097170,2023,1,0.0475,0.0000,0.0000,0.0000
PK00097170,2024,5,0.0000,0.0399,0.0736,0.0115
PK00097170,2025,6,0.0492,0.0050,0.0232,0.0045
PK00097170,2026,15,0.0034,-0.0334,-0.0133,-0.0426
PK00097179,2018,4,-0.0839,-0.0409,0.0002,-0.0884
PK00097179,2019,6,-0.0135,-0.0256,-0.0255,-0.0230
PK00097179,2020,2,-0.1495,-0.1925,-0.1195,-0.0876
PK00097179,2021,3,0.1633,0.0628,0.1004,0.1132
PK00097179,2022,8,0.0436,0.0085,0.0493,0.0265
PK00097179,2024,6,0.0135,0.0256,0.0255,0.0230
PK00097179,2025,6,0.0968,0.0746,0.0847,0.0696
PK00097179,2026,15,0.0697,0.0149,0.0136,0.0632
PK00097180,2018,4,-0.1052,-0.0596,-0.0451,-0.1138
PK00097180,2019,6,-0.0131,-0.0584,-0.0866,-0.0346
PK00097180,2020,1,-0.0172,0.0222,0.0636,-0.0227
PK00097180,2021,3,0.1372,0.0061,0.0088,0.0788
PK00097180,2022,8,0.0494,0.0023,0.0598,0.0074
PK00097180,2024,5,0.0131,-0.0061,-0.0088,0.0227
PK00097180,2025,6,0.0788,0.0325,0.0665,0.0419
PK00097180,2026,15,0.0587,0.0089,0.0243,0.0456
PK00097191,2018,4,0.0095,-0.0043,-0.0200,-0.0632
PK00097191,2019,6,-0.0311,-0.0231,-0.0381,-0.0396
PK00097191,2020,1,-0.3007,-0.1005,-0.0901,-0.2557
PK00097191,2021,3,0.0311,0.0231,0.0381,0.0396
PK00097191,2022,8,0.0603,0.0265,0.0346,-0.0229
PK00097191,2024,5,0.0840,0.0433,0.0496,0.0408
PK00097191,2025,6,0.0343,0.1038,0.0550,-0.0028
PK00097191,2026,15,0.0235,0.0208,-0.0333,-0.0093
PK00097192,2018,3,-0.0368,-0.0256,-0.0233,-0.0350
PK00097192,2019,5,-0.0567,-0.0144,-0.0514,-0.0583
PK00097192,2020,1,-0.1901,-0.1004,-0.1230,-0.1844
PK00097192,2021,3,0.0584,0.0144,0.0520,0.0704
PK00097192,2022,8,-0.0153,0.0160,-0.0204,-0.0239
PK00097192,2024,5,0.0567,0.0475,0.0514,0.0583
PK00097192,2025,6,0.0144,0.0443,0.0026,0.0110
PK00097192,2026,15,-0.0161,0.0115,-0.0260,-0.0137
PK00097214,2018,4,0.0242,-0.0070,0.0106,-0.0195
PK00097214,2019,6,0.0017,0.0050,0.0041,-0.0020
PK00097214,2020,2,-0.0017,0.0293,0.0009,0.0020
PK00097214,2021,4,0.0081,-0.0398,-0.0009,0.0264
PK00097214,2022,9,0.0218,-0.0252,-0.0184,0.0022
PK00097214,2024,6,-0.0237,-0.0050,-0.0260,-0.0239
PK00097214,2025,7,0.0288,-0.0274,-0.0195,0.0125
PK00097214,2026,15,0.0019,-0.0514,-0.0471,-0.0013
PK00097285,2018,3,-0.0855,-0.1557,-0.1164,-0.1230
PK00097285,2019,6,0.0126,-0.0524,-0.0056,0.0000
PK00097285,2020,2,-0.0091,0.0013,0.0345,-0.0044
PK00097285,2021,3,0.0507,0.0142,0.0519,0.0718
PK00097285,2022,8,-0.0280,-0.0702,-0.0331,-0.0284
PK00097285,2023,2,0.0000,0.0000,-0.0061,0.0077
PK00097285,2024,7,-0.0075,-0.0176,0.0000,-0.0089
PK00097285,2025,6,0.0133,-0.0692,-0.0206,0.0049
PK00097285,2026,15,-0.0050,-0.0501,-0.0356,-0.0116
PK00097831,2018,5,-0.0290,-0.1543,-0.0857,-0.0433
PK00097831,2019,8,0.0167,-0.0317,-0.0163,0.0072
PK00097831,2020,4,0.0000,0.0000,-0.0093,0.0000
PK00097831,2021,2,0.0901,0.0026,0.0223,0.0853
PK00097831,2022,8,-0.0019,-0.1107,-0.0571,-0.0170
PK00097831,2023,1,-0.0054,0.0328,0.0004,-0.0052
PK00097831,2024,6,-0.0025,-0.0314,0.0000,-0.0027
PK00097831,2025,8,-0.0018,-0.0715,-0.0472,-0.0121
PK00097831,2026,17,-0.0676,-0.0947,-0.0722,-0.0781
PK00098125,2018,4,-0.0384,-0.1038,-0.0353,-0.0941
PK00098125,2019,8,0.0023,0.0000,-0.0149,0.0000
PK00098125,2020,4,-0.0933,-0.0589,-0.0100,-0.0541
PK00098125,2021,2,0.0460,0.0206,0.1320,0.0460
PK00098125,2022,8,-0.0111,-0.1351,0.0371,-0.0639
PK00098125,2023,1,0.0000,0.0397,0.0964,0.0201
PK00098125,2024,6,-0.0563,-0.0661,0.0000,-0.0285
PK00098125,2025,8,0.0034,-0.0179,0.0614,-0.0506
PK00098125,2026,18,0.0328,-0.0018,0.0683,-0.0446
PK00098653,2018,6,-0.0881,-0.1840,-0.1097,-0.1354
PK00098653,2019,11,0.0306,0.0091,0.0150,0.0281
PK00098653,2020,2,-0.0500,-0.0782,-0.0379,-0.0592
PK00098653,2021,3,0.0864,0.0104,0.0051,0.0702
PK00098653,2022,9,0.0019,-0.0705,-0.0096,-0.0295
PK00098653,2024,7,-0.0306,-0.0091,-0.0051,-0.0281
PK00098653,2025,8,0.0043,-0.0303,-0.0158,-0.0195
PK00098653,2026,15,0.0194,-0.0464,-0.0338,-0.0264
PK00098655,2018,5,-0.0096,-0.1549,-0.1339,-0.0938
PK00098655,2019,11,0.0110,0.0012,0.0063,0.0130
PK00098655,2020,3,-0.0437,-0.1262,-0.0626,-0.0785
PK00098655,2021,3,0.0736,0.0321,0.0356,0.0707
PK00098655,2022,9,0.0196,-0.0247,0.0064,-0.0063
PK00098655,2024,7,-0.0110,-0.0012,-0.0063,-0.0130
PK00098655,2025,8,0.0214,-0.0502,0.0024,-0.0180
PK00098655,2026,15,0.0221,-0.0511,-0.0259,-0.0234
PK00098656,2018,5,-0.1036,-0.0981,-0.1065,-0.1130
PK00098656,2019,11,0.0204,0.0087,0.0079,0.0129
PK00098656,2020,2,-0.0579,-0.0508,-0.0357,-0.0584
PK00098656,2021,3,0.0833,-0.0087,0.0053,0.0646
PK00098656,2022,9,-0.0226,0.0012,0.0021,-0.0294
PK00098656,2024,7,-0.0204,0.0429,-0.0053,-0.0129
PK00098656,2025,8,0.0297,0.0277,0.0038,0.0083
PK00098656,2026,15,0.0207,0.0232,-0.0164,-0.0071
PK00098662,2018,5,-0.1280,-0.2013,-0.1193,-0.1917
PK00098662,2019,11,0.0176,0.0216,0.0224,0.0101
PK00098662,2020,2,-0.0780,-0.1858,-0.0804,-0.1020
PK00098662,2021,3,0.0550,0.0614,0.0152,0.0610
PK00098662,2022,9,0.0320,-0.0886,-0.0313,-0.0413
PK00098662,2024,7,-0.0176,-0.0216,-0.0152,-0.0101
PK00098662,2025,8,0.0416,-0.0633,-0.0495,-0.0316
PK00098662,2026,16,0.0344,-0.0641,-0.0264,-0.0676
PK00099166,2018,4,-0.1085,0.0059,-0.0484,-0.1191
PK00099166,2019,7,-0.0304,0.0073,-0.0620,-0.0100
PK00099166,2020,2,-0.0817,-0.0136,-0.0127,-0.0480
PK00099166,2021,2,0.0449,-0.0073,0.0127,0.0100
PK00099166,2022,9,-0.0314,0.0111,0.0024,-0.0342
PK00099166,2024,6,0.0304,0.0531,0.0754,0.0466
PK00099166,2025,7,-0.0242,-0.0341,-0.0625,-0.0361
PK00099166,2026,16,-0.0278,-0.0657,-0.0977,-0.0722
PK00099167,2018,4,-0.0639,-0.0356,-0.0414,-0.1018
PK00099167,2019,7,-0.0026,-0.0027,-0.0327,-0.0188
PK00099167,2020,2,-0.0557,-0.0366,-0.0319,-0.0556
PK00099167,2021,2,0.1003,0.0027,0.0319,0.0310
PK00099167,2022,9,-0.0252,-0.0035,-0.0078,-0.0341
PK00099167,2024,6,0.0026,0.0256,0.0521,0.0188
PK00099167,2025,7,0.0290,-0.0214,-0.0228,-0.0192
PK00099167,2026,16,-0.0317,-0.0672,-0.0510,-0.0867
PK00099170,2018,4,0.0111,-0.0844,-0.0343,-0.0720
PK00099170,2019,7,0.0330,-0.0130,-0.0238,-0.0076
PK00099170,2020,2,-0.0568,-0.0348,-0.0466,-0.0640
PK00099170,2021,2,0.1895,0.0130,0.0488,0.0744
PK00099170,2022,9,0.0304,-0.0801,-0.0558,-0.0254
PK00099170,2024,5,-0.0330,0.0238,0.0238,0.0076
PK00099170,2025,7,0.0946,-0.0464,-0.0470,0.0133
PK00099170,2026,16,0.0395,-0.0566,-0.2078,-0.0499
PK00104218,2018,4,-0.0175,-0.0209,0.0065,-0.0448
PK00104218,2019,7,0.0396,0.0588,0.0478,0.0000
PK00104218,2020,3,-0.0776,0.0000,0.0000,-0.0748
PK00104218,2021,4,0.0376,-0.0251,-0.0249,0.0059
PK00104218,2022,9,0.0370,0.0313,0.0531,0.0144
PK00104218,2023,1,0.0000,0.0813,0.0727,0.0052
PK00104218,2024,7,-0.0648,-0.0032,-0.0101,-0.0691
PK00104218,2025,9,0.0525,-0.0106,0.0165,0.0231
PK00104218,2026,15,0.0240,0.0002,-0.0062,-0.0185
PK00104226,2018,4,0.0343,-0.0667,0.0053,-0.0206
PK00104226,2019,7,0.0218,0.0262,0.0220,0.0201
PK00104226,2020,3,-0.0224,-0.0004,0.0000,-0.0321
PK00104226,2021,4,0.0318,0.0000,0.0030,0.0355
PK00104226,2022,9,0.0509,0.0005,-0.0146,0.0223
PK00104226,2023,1,0.0000,0.0264,-0.0049,0.0000
PK00104226,2024,7,-0.0090,-0.0003,-0.0142,-0.0122
PK00104226,2025,9,0.0580,0.0111,0.0102,0.0270
PK00104226,2026,15,0.0597,-0.0089,0.0078,0.0165
PK00104234,2018,4,-0.0605,-0.1003,-0.0753,-0.0626
PK00104234,2019,6,0.0328,0.0273,0.0704,0.0446
PK00104234,2020,3,-0.0168,-0.0309,0.0205,-0.0121
PK00104234,2021,4,0.0848,-0.0612,-0.0250,0.0261
PK00104234,2022,9,0.0311,-0.0310,-0.0288,-0.0067
PK00104234,2023,1,-0.0593,0.0540,-0.0122,-0.0290
PK00104234,2024,7,0.0000,0.0000,0.0000,0.0000
PK00104234,2025,9,0.0427,-0.0268,-0.0039,0.0245
PK00104234,2026,15,0.0455,-0.0521,-0.0342,0.0007
PK00106825,2018,5,0.0552,-0.0008,0.0124,-0.0110
PK00106825,2019,9,0.0678,0.0029,0.0000,0.0000
PK00106825,2020,4,-0.0103,-0.0074,-0.0115,-0.0291
PK00106825,2021,3,0.1196,-0.0152,0.0405,0.0660
PK00106825,2022,8,-0.0122,-0.0149,0.0004,-0.0385
PK00106825,2023,1,-0.1871,0.0000,-0.0318,-0.1228
PK00106825,2024,4,0.0000,0.0363,0.0466,0.0057
PK00106825,2025,7,0.0475,-0.0078,-0.0146,-0.0059
PK00106825,2026,16,0.0411,-0.0058,-0.0030,-0.0102
PK00106855,2018,7,-0.0197,-0.0429,-0.0318,-0.0228
PK00106855,2019,9,0.0062,-0.0032,0.0083,0.0000
PK00106855,2020,5,0.0000,0.0055,0.0000,0.0017
PK00106855,2021,3,0.0581,0.0048,0.0293,0.0577
PK00106855,2022,8,-0.0198,-0.0058,-0.0209,-0.0150
PK00106855,2023,1,-0.1573,-0.1042,-0.1582,-0.1445
PK00106855,2024,4,-0.0046,0.0000,-0.0263,-0.0009
PK00106855,2025,6,-0.0209,-0.0193,-0.0260,-0.0203
PK00106855,2026,16,-0.0344,-0.0212,-0.0386,-0.0354
PK00106856,2018,7,-0.0370,-0.0339,-0.0070,-0.0327
PK00106856,2019,9,0.0003,0.0021,0.0154,0.0000
PK00106856,2020,5,-0.0161,0.0000,0.0000,-0.0118
PK00106856,2021,3,0.0534,0.0110,0.0553,0.0562
PK00106856,2022,8,-0.0357,-0.0004,-0.0033,-0.0320
PK00106856,2023,1,-0.3145,-0.1364,-0.1994,-0.2980
PK00106856,2024,4,0.0000,-0.0015,-0.0113,0.0043
PK00106856,2025,6,-0.0337,-0.0097,-0.0069,-0.0300
PK00106856,2026,16,-0.0406,-0.0185,-0.0220,-0.0389
PK00107229,2018,6,-0.0910,-0.0486,-0.0467,-0.1155
PK00107229,2019,9,0.0081,-0.0060,-0.0014,0.0099
PK00107229,2020,1,-0.0606,-0.0247,-0.0120,-0.0525
PK00107229,2021,3,0.0779,0.0060,0.0407,0.0702
PK00107229,2022,7,-0.0317,-0.0706,-0.0302,-0.0629
PK00107229,2024,6,-0.0081,0.0298,0.0014,-0.0099
PK00107229,2025,7,-0.0143,-0.0379,-0.0335,-0.0630
PK00107229,2026,16,-0.0021,-0.0086,-0.0265,-0.0251
PK00107365,2018,5,-0.0824,-0.1535,-0.0897,-0.2366
PK00107365,2019,8,-0.0206,-0.0086,-0.0101,-0.0016
PK00107365,2020,2,-0.2953,-0.1345,-0.2173,-0.2797
PK00107365,2021,3,0.0555,0.0086,0.0101,0.0356
PK00107365,2022,8,-0.0618,-0.0912,-0.0577,-0.1696
PK00107365,2024,6,0.0206,0.0127,0.0169,0.0016
PK00107365,2025,5,0.0279,-0.0560,-0.0215,-0.0698
PK00107365,2026,15,0.0375,-0.0410,-0.0514,-0.0784
PK00107829,2018,2,-0.0415,-0.1233,-0.1023,-0.0538
PK00107829,2019,7,0.0204,0.0133,0.0197,0.0059
PK00107829,2020,3,-0.0037,0.0000,-0.0128,0.0000
PK00107829,2021,2,0.0701,-0.0095,0.0541,0.0473
PK00107829,2022,9,-0.0208,-0.0422,-0.0384,-0.0233
PK00107829,2023,2,0.0000,-0.0027,0.0000,-0.0017
PK00107829,2024,6,-0.0451,0.0106,-0.0331,-0.0357
PK00107829,2025,9,-0.0142,-0.0513,-0.0245,-0.0150
PK00107829,2026,14,-0.0277,-0.0404,-0.0465,-0.0280
PK00107839,2018,6,0.0126,-0.0261,-0.0146,-0.0022
PK00107839,2019,7,0.0672,0.0367,0.0425,0.0359
PK00107839,2020,2,-0.0218,0.0000,-0.0239,-0.0282
PK00107839,2021,3,0.0749,-0.0164,0.0000,0.0446
PK00107839,2022,7,-0.0241,-0.0302,-0.0138,-0.0382
PK00107839,2023,1,-0.6979,-0.2027,-0.3414,-0.4921
PK00107839,2024,6,0.0000,0.0270,0.0132,0.0000
PK00107839,2025,7,-0.0365,-0.0297,-0.0367,-0.0452
PK00107839,2026,17,-0.0251,0.0013,-0.0123,-0.0231
PK00107840,2018,6,0.0452,-0.0798,-0.0377,0.0336
PK00107840,2019,7,0.0617,0.0485,0.0762,0.0333
PK00107840,2020,3,-0.0151,-0.0551,-0.0145,-0.0200
PK00107840,2021,3,0.0897,0.0000,0.0794,0.0681
PK00107840,2022,7,0.0302,-0.0186,0.0257,0.0262
PK00107840,2023,1,-0.6048,-0.1964,-0.3252,-0.4914
PK00107840,2024,6,0.0000,0.0101,0.0000,0.0000
PK00107840,2025,7,0.0208,-0.0056,0.0068,0.0199
PK00107840,2026,17,0.0322,-0.0345,0.0258,0.0311
PK00110534,2018,5,-0.0767,-0.2103,-0.1594,-0.1063
PK00110534,2019,8,0.0000,-0.0282,0.0000,0.0000
PK00110534,2020,2,-0.0801,-0.0677,-0.0752,-0.0898
PK00110534,2021,3,0.0433,0.0216,0.0538,0.0558
PK00110534,2022,8,-0.0316,-0.1236,-0.0614,-0.0400
PK00110534,2023,2,0.0007,0.0560,0.0278,0.0116
PK00110534,2024,7,-0.0471,0.0000,-0.0056,-0.0307
PK00110534,2025,7,0.0136,-0.0770,-0.0329,-0.0055
PK00110534,2026,15,-0.0325,-0.0978,-0.0530,-0.0415
PK00111802,2018,6,0.0136,-0.1821,-0.0981,-0.1214
PK00111802,2019,8,0.0000,0.0548,0.0389,0.0205
PK00111802,2020,4,-0.0070,0.0000,0.0000,0.0000
PK00111802,2021,2,0.0403,0.0641,0.0826,0.0705
PK00111802,2022,8,0.0442,-0.1322,-0.0593,-0.0482
PK00111802,2023,1,-0.3710,-0.0561,-0.2029,-0.2919
PK00111802,2024,6,0.0119,-0.0160,-0.0098,-0.0136
PK00111802,2025,7,0.0389,-0.1484,-0.0850,-0.1057
PK00111802,2026,16,-0.0121,-0.1027,-0.1353,-0.1208
PK00112264,2018,5,-0.1246,-0.0795,-0.0683,-0.0896
PK00112264,2019,8,0.0368,0.0272,0.0165,0.0159
PK00112264,2020,4,-0.0368,-0.0249,-0.0376,-0.0408
PK00112264,2021,2,0.1422,0.0073,0.0824,0.0900
PK00112264,2022,8,-0.0004,-0.0321,-0.0027,-0.0073
PK00112264,2024,6,-0.0682,-0.0073,-0.0165,-0.0159
PK00112264,2025,8,0.0374,-0.0170,-0.0067,0.0116
PK00112264,2026,17,0.0523,-0.0217,0.0223,0.0235
PK00112276,2018,6,-0.1570,-0.1208,-0.0952,-0.1594
PK00112276,2019,8,0.0200,0.0082,-0.0066,0.0175
PK00112276,2020,4,-0.0361,-0.0056,-0.0143,-0.0222
PK00112276,2021,2,0.0968,0.0056,0.0253,0.0882
PK00112276,2022,8,0.0012,-0.1122,-0.0660,-0.0467
PK00112276,2024,6,-0.0200,-0.0121,0.0066,-0.0175
PK00112276,2025,8,0.0057,-0.0686,-0.0166,-0.0271
PK00112276,2026,17,0.0346,-0.0562,-0.0184,-0.0126
PK00112284,2018,6,-0.0854,-0.0027,-0.0169,-0.0911
PK00112284,2019,7,-0.0005,-0.0184,0.0032,-0.0083
PK00112284,2020,3,-0.0743,-0.0645,-0.0418,-0.0676
PK00112284,2021,2,0.0923,0.0232,0.0475,0.0653
PK00112284,2022,6,-0.0486,-0.0019,-0.0443,-0.0447
PK00112284,2024,6,0.0005,0.0184,-0.0032,0.0083
PK00112284,2025,6,0.0065,0.0284,-0.0020,-0.0066
PK00112284,2026,17,-0.0293,-0.0031,-0.0211,-0.0281
PK00112287,2018,4,-0.1178,-0.0682,-0.0464,-0.1166
PK00112287,2019,6,0.0010,-0.0049,-0.0166,-0.0042
PK00112287,2020,3,-0.1099,-0.0042,-0.0240,-0.0973
PK00112287,2021,2,0.1393,0.0042,0.0579,0.1045
PK00112287,2022,6,-0.0434,-0.0556,-0.0353,-0.0577
PK00112287,2024,6,-0.0010,0.0111,0.0166,0.0042
PK00112287,2025,6,0.0368,0.0011,-0.0298,0.0108
PK00112287,2026,17,0.0643,-0.0357,-0.0267,0.0190
PK00115891,2018,5,-0.0127,-0.0563,-0.0694,-0.0751
PK00115891,2019,5,-0.0179,-0.0190,-0.0037,-0.0234
PK00115891,2020,2,-0.0285,-0.0063,-0.0159,-0.0368
PK00115891,2021,2,0.1131,0.0063,0.0037,0.0927
PK00115891,2022,6,0.0178,-0.0230,-0.0376,-0.0417
PK00115891,2024,5,0.0179,0.0157,0.0080,0.0234
PK00115891,2025,8,0.0314,-0.0328,-0.0664,-0.0380
PK00115891,2026,17,0.0368,-0.0313,-0.0776,-0.0192
PK00115903,2018,5,-0.1251,-0.1479,-0.1248,-0.1034
PK00115903,2019,7,-0.0023,-0.0204,-0.0134,-0.0147
PK00115903,2020,3,-0.0353,-0.0129,-0.0217,-0.0217
PK00115903,2021,2,0.0991,0.0244,0.1192,0.0902
PK00115903,2022,6,-0.0484,-0.0855,-0.0280,-0.0411
PK00115903,2024,6,0.0023,0.0129,0.0134,0.0147
PK00115903,2025,8,-0.0161,-0.0531,0.0071,-0.0165
PK00115903,2026,17,-0.0100,-0.0090,-0.0246,-0.0124
PK00115948,2018,4,-0.1188,-0.0811,-0.0706,-0.1459
PK00115948,2019,8,0.0728,0.0343,0.0666,0.0399
PK00115948,2020,2,-0.2257,0.0118,-0.0542,-0.1964
PK00115948,2021,2,0.1071,-0.0858,0.0082,0.0596
PK00115948,2022,9,-0.0327,-0.0282,-0.0157,-0.0700
PK00115948,2024,6,-0.0728,-0.0118,-0.0082,-0.0399
PK00115948,2025,7,-0.0087,-0.0331,-0.0077,-0.0495
PK00115948,2026,17,-0.0418,-0.0612,-0.0491,-0.0793
PK00118204,2018,4,0.0095,-0.0127,0.0113,-0.0265
PK00118204,2019,8,-0.0174,0.0007,0.0105,-0.0323
PK00118204,2020,2,-0.0479,-0.0007,-0.0513,-0.0458
PK00118204,2021,2,0.0894,-0.0530,0.0476,0.0356
PK00118204,2022,5,-0.0078,0.0029,-0.0295,0.0015
PK00118204,2024,6,0.0174,0.0546,-0.0105,0.0323
PK00118204,2025,4,0.0159,-0.0500,-0.0725,0.0026
PK00118204,2026,16,0.0011,-0.0376,-0.0632,-0.0079
PK00118517,2018,4,-0.1119,-0.1206,-0.0472,-0.0881
PK00118517,2019,7,0.0553,0.0076,-0.0022,0.0332
PK00118517,2020,3,-0.0013,0.0176,0.0018,0.0000
PK00118517,2021,3,0.1499,0.0000,0.0000,0.0801
PK00118517,2022,9,-0.0037,-0.0476,-0.0391,-0.0167
PK00118517,2023,1,-0.5271,-0.1234,-0.2250,-0.3720
PK00118517,2024,8,0.0000,-0.0045,0.0373,-0.0033
PK00118517,2025,8,0.0154,-0.0597,-0.0355,-0.0202
PK00118517,2026,15,0.0406,-0.0592,-0.0163,-0.0076
PK00120446,2018,6,0.0670,-0.0281,0.0522,-0.0426
PK00120446,2019,10,0.0498,0.0000,0.0649,0.0546
PK00120446,2020,3,-0.2863,-0.1127,-0.1819,-0.2845
PK00120446,2021,3,0.1218,0.0587,0.1003,0.0939
PK00120446,2022,5,0.0519,-0.0408,-0.0019,-0.0489
PK00120446,2023,2,-0.1024,-0.0422,-0.0512,-0.0862
PK00120446,2024,7,0.0000,0.0037,0.0000,0.0000
PK00120446,2025,5,0.0611,-0.0618,0.0116,-0.0281
PK00120446,2026,17,0.0543,-0.0397,-0.0139,-0.0481
PK00120466,2018,6,0.2282,0.0953,0.0916,0.0368
PK00120466,2019,8,0.0336,0.0337,0.0187,0.0603
PK00120466,2020,3,-0.3052,-0.1133,-0.2044,-0.2784
PK00120466,2021,3,0.1086,0.0000,0.0641,0.1004
PK00120466,2022,5,0.1157,0.0797,0.0279,0.0144
PK00120466,2023,2,-0.4025,-0.1594,-0.2804,-0.2375
PK00120466,2024,7,0.0000,0.0546,0.0000,0.0000
PK00120466,2025,5,0.2033,0.1315,0.0976,0.0656
PK00120466,2026,17,0.2108,0.1217,0.0856,0.0463
PK00120481,2018,6,0.0410,-0.0938,-0.0518,-0.0168
PK00120481,2019,10,0.0199,0.0000,0.0141,0.0118
PK00120481,2020,3,-0.4348,-0.1340,-0.2760,-0.3863
PK00120481,2021,3,0.0525,0.0392,0.0361,0.0553
PK00120481,2022,5,0.0529,-0.0799,-0.0564,-0.0028
PK00120481,2023,1,-0.0066,-0.0390,0.0000,0.0000
PK00120481,2024,6,0.0000,0.0323,-0.0369,-0.0264
PK00120481,2025,5,0.0512,-0.0350,-0.0127,0.0184
PK00120481,2026,17,0.0298,-0.0187,-0.0272,0.0102
PK00120482,2018,6,0.0787,-0.0341,0.0719,-0.0288
PK00120482,2019,10,0.0225,0.0000,0.0538,0.0000
PK00120482,2020,3,-0.4452,-0.2163,-0.3617,-0.4401
PK00120482,2021,3,0.0726,0.0165,0.0590,0.0528
PK00120482,2022,5,0.1030,-0.0264,0.0619,-0.0175
PK00120482,2023,1,-0.0037,-0.0840,0.0000,0.0097
PK00120482,2024,7,0.0000,0.0280,-0.0087,-0.0386
PK00120482,2025,5,0.0848,-0.0116,0.0565,-0.0043
PK00120482,2026,17,0.0504,-0.0095,0.0224,-0.0140
PK00120523,2018,3,-0.0450,-0.0437,0.0089,-0.0542
PK00120523,2019,8,0.0122,0.0324,0.0378,0.0000
PK00120523,2020,1,-0.0173,-0.0301,-0.0721,-0.0436
PK00120523,2021,4,0.0243,-0.0547,0.0000,0.0029
PK00120523,2022,9,-0.0595,-0.0029,0.0052,-0.0637
PK00120523,2023,2,0.0000,0.0376,0.0336,0.0007
PK00120523,2024,7,-0.0401,0.0000,-0.0075,-0.0513
PK00120523,2025,8,-0.0129,-0.0215,-0.0556,-0.0321
PK00120523,2026,14,-0.0088,-0.0371,-0.0300,-0.0407
PK00120552,2018,3,-0.1253,-0.1864,-0.0930,-0.0944
PK00120552,2019,8,0.0000,0.0357,0.0074,0.0035
PK00120552,2020,1,-0.0666,-0.0145,-0.0196,-0.0521
PK00120552,2021,4,0.0662,0.0522,0.0250,0.0519
PK00120552,2022,9,-0.0215,-0.1125,-0.0796,-0.0377
PK00120552,2023,2,0.0073,0.0000,0.0000,0.0000
PK00120552,2024,7,-0.0527,-0.0858,-0.0761,-0.0440
PK00120552,2025,8,0.0082,-0.0996,-0.0534,-0.0230
PK00120552,2026,14,-0.0068,-0.1336,-0.0619,-0.0486
PK00120568,2018,4,0.0055,-0.0305,-0.0027,-0.0110
PK00120568,2019,7,0.0167,0.0910,0.0105,0.0335
PK00120568,2020,1,-0.0803,-0.1023,-0.0419,-0.0639
PK00120568,2021,4,0.0250,-0.0312,0.0085,0.0244
PK00120568,2022,9,0.0184,0.0302,-0.0054,0.0061
PK00120568,2023,2,0.0000,0.0000,0.0000,0.0000
PK00120568,2024,7,-0.0337,0.0427,-0.0526,-0.0218
PK00120568,2025,8,0.0379,0.0199,-0.0112,0.0167
PK00120568,2026,14,-0.0045,0.0398,-0.0123,-0.0115
PK00120570,2018,4,-0.0308,-0.0083,0.0035,-0.0383
PK00120570,2019,7,0.0097,0.1048,0.0239,0.0216
PK00120570,2020,1,0.0000,-0.0461,-0.0003,-0.0523
PK00120570,2021,4,-0.0087,-0.0136,0.0302,0.0000
PK00120570,2022,9,0.0389,0.0873,0.0358,0.0092
PK00120570,2023,2,0.0248,0.0225,0.0000,0.0086
PK00120570,2024,7,-0.0273,0.0000,-0.0253,-0.0284
PK00120570,2025,8,0.0351,0.0972,0.0190,0.0086
PK00120570,2026,14,0.0357,0.0664,0.0011,-0.0061
PK00120609,2018,5,-0.1713,-0.1688,-0.1207,-0.1701
PK00120609,2019,8,0.0263,0.0215,0.0000,0.0200
PK00120609,2020,1,-0.0643,-0.0710,-0.0440,-0.0721
PK00120609,2021,4,0.0081,0.0000,0.0048,0.0073
PK00120609,2022,9,-0.0543,-0.0661,-0.0396,-0.0618
PK00120609,2023,1,0.0000,0.0343,0.0189,0.0000
PK00120609,2024,7,-0.0030,-0.0134,-0.0302,-0.0116
PK00120609,2025,8,0.0075,-0.0129,-0.0317,-0.0072
PK00120609,2026,14,-0.0301,-0.0778,-0.0566,-0.0649
PK00120665,2018,4,-0.0280,-0.0563,-0.0725,-0.0874
PK00120665,2019,9,0.0172,0.0338,0.0000,-0.0124
PK00120665,2020,1,-0.0567,-0.0221,-0.0133,-0.0631
PK00120665,2021,3,0.0663,-0.0655,0.0016,0.0002
PK00120665,2022,9,-0.0009,0.0269,-0.0115,-0.0375
PK00120665,2023,1,-0.0018,0.0635,0.0139,0.0019
PK00120665,2024,7,0.0000,0.0000,-0.0011,0.0000
PK00120665,2025,9,0.0223,0.0511,-0.0033,-0.0032
PK00120665,2026,15,0.0213,0.0166,-0.0227,-0.0298
PK00121579,2018,6,-0.0755,-0.0554,-0.0265,-0.1480
PK00121579,2019,10,0.0137,0.0036,0.0166,0.0000
PK00121579,2020,5,-0.1291,-0.0304,-0.0520,-0.1366
PK00121579,2021,2,0.0882,-0.0531,0.0000,0.0204
PK00121579,2022,8,-0.0005,-0.0158,-0.0320,-0.0840
PK00121579,2023,1,0.0000,0.0000,0.0187,0.0042
PK00121579,2024,7,-0.0021,0.0216,-0.0424,-0.0247
PK00121579,2025,7,0.0183,-0.0496,-0.0475,-0.0897
PK00121579,2026,16,-0.1067,-0.0775,-0.0942,-0.1342
PK00126043,2018,6,-0.0747,-0.0787,-0.0548,-0.0466
PK00126043,2019,7,0.0194,0.0000,0.0000,-0.0011
PK00126043,2020,3,-0.0046,-0.0035,-0.0166,-0.0094
PK00126043,2021,3,0.0249,-0.0167,0.0024,0.0149
PK00126043,2022,8,-0.0310,-0.0402,-0.0271,-0.0350
PK00126043,2023,1,-0.0088,0.0062,0.0087,0.0000
PK00126043,2024,7,0.0000,0.0117,-0.0073,0.0097
PK00126043,2025,5,-0.0069,-0.0347,-0.0570,-0.0155
PK00126043,2026,15,-0.0016,-0.0326,-0.0607,-0.0112
PK00127536,2018,2,-0.1382,-0.1050,-0.0753,-0.1488
PK00127536,2019,9,0.0411,0.0000,0.0018,0.0226
PK00127536,2020,1,-0.0376,-0.0650,0.0000,-0.0680
PK00127536,2021,3,0.0297,-0.0285,-0.0408,0.0000
PK00127536,2022,9,-0.0265,-0.0703,-0.0731,-0.0378
PK00127536,2023,1,0.0000,0.0545,0.0129,0.0077
PK00127536,2024,8,-0.0299,0.0102,-0.0163,-0.0309
PK00127536,2025,8,-0.0120,-0.0503,-0.0551,-0.0504
PK00127536,2026,15,-0.0242,-0.0244,-0.0414,-0.0663
PK00127541,2018,5,-0.2049,-0.1012,-0.1227,-0.1761
PK00127541,2019,9,0.0000,0.0416,0.0000,0.0122
PK00127541,2020,1,-0.0280,-0.0665,-0.0546,-0.0233
PK00127541,2021,3,0.0006,-0.0239,0.0036,0.0000
PK00127541,2022,9,-0.0921,-0.0710,-0.0611,-0.0892
PK00127541,2023,1,0.0081,0.0831,0.0655,0.0278
PK00127541,2024,7,-0.0561,0.0000,-0.0156,-0.0405
PK00127541,2025,7,-0.0497,-0.0774,-0.0700,-0.0654
PK00127541,2026,15,-0.0517,-0.0636,-0.0495,-0.0726
PK00127665,2018,3,0.0443,0.0081,-0.0032,-0.0367
PK00127665,2019,7,-0.0867,-0.0261,-0.0367,-0.0735
PK00127665,2020,2,-0.0660,-0.0127,-0.0076,-0.0618
PK00127665,2021,2,0.1144,0.0000,0.1089,0.0749
PK00127665,2022,9,0.0165,-0.0013,-0.0109,-0.0032
PK00127665,2023,2,0.0015,0.0233,0.0276,0.0000
PK00127665,2024,7,0.0000,0.0264,0.0000,0.0044
PK00127665,2025,8,-0.1077,0.0325,-0.0356,-0.0880
PK00127665,2026,16,-0.0604,-0.0268,-0.0414,-0.0513
PK00127696,2018,4,-0.0541,-0.1153,-0.0729,-0.0765
PK00127696,2019,6,0.0543,0.0027,0.0347,0.0610
PK00127696,2020,4,-0.0062,-0.0025,0.0000,0.0000
PK00127696,2021,2,0.0881,0.0000,0.0502,0.1059
PK00127696,2022,6,0.0168,-0.0583,-0.0505,-0.0121
PK00127696,2023,1,-0.3110,-0.1565,-0.2636,-0.2923
PK00127696,2024,7,0.0000,0.0095,-0.0429,-0.0085
PK00127696,2025,6,0.0308,-0.0343,-0.0250,0.0142
PK00127696,2026,17,0.0179,-0.0280,-0.0476,0.0006
PK00137844,2018,4,-0.0808,-0.1149,-0.0824,-0.0889
PK00137844,2019,9,0.0152,0.0170,0.0044,0.0235
PK00137844,2020,3,-0.0152,-0.0170,-0.0044,-0.0235
PK00137844,2021,2,0.0432,0.0674,0.0667,0.0583
PK00137844,2022,5,-0.0831,-0.1225,-0.0821,-0.0850
PK00137844,2024,6,-0.0310,-0.0400,-0.0349,-0.0296
PK00137844,2025,5,-0.1166,-0.1020,-0.1378,-0.1512
PK00137844,2026,18,-0.0977,-0.0953,-0.1272,-0.1287
PK00138272,2018,4,-0.0946,-0.0603,-0.0528,-0.0743
PK00138272,2019,7,-0.0495,0.0002,-0.0001,-0.0337
PK00138272,2020,3,-0.0056,-0.0002,-0.0182,-0.0113
PK00138272,2021,3,0.0431,-0.0223,0.0001,0.0388
PK00138272,2022,9,-0.0324,0.0236,0.0184,-0.0274
PK00138272,2024,7,0.0056,0.0517,0.0115,0.0113
PK00138272,2025,7,-0.0062,-0.0281,-0.0435,-0.0158
PK00138272,2026,16,0.0232,-0.0108,-0.0362,-0.0053
PK00143633,2018,3,0.0224,-0.0222,0.0267,-0.0009
PK00143633,2019,5,-0.0074,0.0000,0.0000,-0.0103
PK00143633,2020,2,-0.0344,0.0060,-0.0184,-0.0462
PK00143633,2021,2,0.0993,-0.0097,0.0338,0.0942
PK00143633,2022,9,0.0154,0.0095,-0.0167,0.0067
PK00143633,2023,1,0.0000,0.0163,-0.0060,0.0000
PK00143633,2024,5,0.0412,-0.0151,0.0028,0.0121
PK00143633,2025,8,0.0252,-0.0002,-0.0142,0.0021
PK00143633,2026,17,-0.0237,-0.0148,-0.0500,-0.0408
PK00144575,2018,6,0.0305,0.0083,0.0346,0.0121
PK00144575,2019,9,0.0056,-0.0098,-0.0278,-0.0369
PK00144575,2020,4,-0.0025,0.0221,0.0095,0.0000
PK00144575,2021,3,0.0400,0.0000,0.0122,0.0478
PK00144575,2022,8,0.0050,0.0304,0.0495,0.0284
PK00144575,2023,1,-0.0302,-0.0082,-0.0271,-0.0003
PK00144575,2024,4,0.0000,0.0251,0.0000,0.0291
PK00144575,2025,7,0.0183,0.0003,0.0067,0.0181
PK00144575,2026,16,-0.0032,0.0103,0.0030,0.0041
PK00148093,2018,5,-0.0352,-0.0104,0.0276,-0.0959
PK00148093,2019,8,0.0000,-0.0474,-0.0105,0.0000
PK00148093,2020,5,-0.1096,0.0012,0.0000,-0.0920
PK00148093,2021,2,0.0502,-0.0782,-0.0404,0.0204
PK00148093,2022,8,0.0105,-0.0144,-0.0125,-0.0436
PK00148093,2023,1,0.0248,0.0000,0.0486,0.0372
PK00148093,2024,5,-0.0125,0.0071,0.0277,-0.0416
PK00148093,2025,8,-0.0126,0.0236,-0.0287,-0.0670
PK00148093,2026,16,-0.0226,-0.0500,-0.0194,-0.0788
PK00148094,2018,5,-0.0811,-0.0705,-0.0509,-0.1042
PK00148094,2019,8,0.0000,0.0000,0.0238,0.0044
PK00148094,2020,5,-0.0817,0.0296,-0.0180,-0.0698
PK00148094,2021,2,0.0190,-0.0342,0.0000,0.0000
PK00148094,2022,8,-0.0286,-0.0553,-0.0267,-0.0646
PK00148094,2023,1,0.0538,0.0717,0.0487,0.0449
PK00148094,2024,5,-0.0196,-0.0041,-0.0123,-0.0365
PK00148094,2025,8,0.0109,-0.0543,-0.0403,-0.0436
PK00148094,2026,16,-0.0273,-0.0700,-0.0739,-0.0743
PK00148103,2018,7,-0.0216,-0.0670,-0.0498,-0.0656
PK00148103,2019,8,0.0255,0.0401,0.0212,0.0043
PK00148103,2020,5,-0.0240,0.0487,-0.0231,-0.0415
PK00148103,2021,2,0.0821,-0.0364,0.0019,0.0447
PK00148103,2022,8,0.0047,-0.0514,-0.0298,-0.0351
PK00148103,2023,1,0.0000,0.0000,0.0000,0.0000
PK00148103,2024,6,-0.0478,-0.0444,-0.0616,-0.0723
PK00148103,2025,8,0.0260,-0.0573,-0.0586,-0.0408
PK00148103,2026,16,0.0329,-0.0347,-0.0377,-0.0189
PK00153624,2018,5,-0.0661,-0.0333,-0.0145,-0.0428
PK00153624,2019,4,-0.0305,-0.0405,-0.0478,-0.0224
PK00153624,2020,3,-0.1226,-0.0163,-0.0475,-0.0914
PK00153624,2021,4,0.0653,0.0175,0.0000,0.0224
PK00153624,2022,8,-0.0147,-0.0025,-0.0190,-0.0013
PK00153624,2023,2,0.0083,0.0000,0.0066,0.0000
PK00153624,2024,4,0.0000,0.0361,0.0557,0.0405
PK00153624,2025,7,0.0483,0.0331,0.0263,0.0557
PK00153624,2026,14,0.0328,-0.0139,-0.0124,0.0165
PK00170405,2018,3,-0.0032,-0.1218,-0.0724,-0.0480
PK00170405,2019,9,0.0339,0.0127,0.0000,0.0202
PK00170405,2020,2,-0.0256,0.0414,0.0337,-0.0159
PK00170405,2021,2,0.0755,0.0000,0.0159,0.0532
PK00170405,2022,8,0.0001,-0.0450,-0.0448,-0.0439
PK00170405,2023,1,-0.5115,-0.1267,-0.3132,-0.4941
PK00170405,2024,6,0.0000,-0.0031,-0.0013,0.0000
PK00170405,2025,6,0.0304,-0.0381,-0.0286,-0.0061
PK00170405,2026,18,0.0050,-0.0202,-0.0368,-0.0144
PK00175618,2018,5,-0.1613,-0.0311,-0.0061,-0.1230
PK00175618,2019,8,0.0058,0.0144,0.0218,0.0073
PK00175618,2020,3,-0.0199,0.0179,0.0007,-0.0177
PK00175618,2021,3,-0.0058,-0.0408,-0.0283,-0.0073
PK00175618,2022,9,-0.0241,0.0074,-0.0321,-0.0185
PK00175618,2024,7,0.0171,-0.0144,-0.0007,0.0114
PK00175618,2025,9,-0.0138,-0.0262,-0.0354,-0.0163
PK00175618,2026,15,-0.0214,-0.0433,-0.0464,-0.0246
PK00175628,2018,5,-0.3057,-0.1423,-0.1069,-0.1663
PK00175628,2019,8,-0.0170,0.0229,0.0096,-0.0066
PK00175628,2020,3,-0.0556,-0.0229,-0.0437,-0.0368
PK00175628,2021,3,0.0266,0.0319,0.0166,0.0258
PK00175628,2022,8,-0.0522,-0.0172,-0.0350,-0.0247
PK00175628,2024,7,0.0170,-0.0285,-0.0096,0.0066
PK00175628,2025,8,0.0174,-0.0247,-0.0428,0.0133
PK00175628,2026,15,0.0348,-0.0199,-0.0305,0.0158
PK00176877,2018,2,-0.1357,-0.1229,-0.1172,-0.1385
PK00176877,2019,7,0.0000,0.0000,0.0030,0.0000
PK00176877,2020,4,-0.0328,0.0555,0.0000,-0.0190
PK00176877,2021,3,0.0699,-0.0143,0.0256,0.0533
PK00176877,2022,9,-0.0469,-0.0475,-0.0659,-0.0579
PK00176877,2023,2,-0.2149,-0.0075,-0.1286,-0.1368
PK00176877,2024,6,0.0571,0.0111,-0.0082,0.0434
PK00176877,2025,7,-0.0450,-0.0549,-0.0628,-0.0536
PK00176877,2026,15,-0.0094,-0.0657,-0.0960,-0.0362
PK00176889,2018,4,-0.0998,-0.1204,-0.0800,-0.1255
PK00176889,2019,9,0.0149,0.0339,0.0046,-0.0054
PK00176889,2020,3,-0.0506,-0.0026,-0.0245,-0.0182
PK00176889,2021,2,0.0675,-0.0264,0.0263,0.0953
PK00176889,2022,7,-0.0251,-0.0327,-0.0274,-0.0626
PK00176889,2024,6,-0.0149,0.0026,-0.0046,0.0054
PK00176889,2025,7,0.0039,0.0229,-0.0057,-0.0213
PK00176889,2026,18,-0.0088,-0.0045,-0.0383,-0.0303
PK00176907,2018,8,-0.1691,-0.1421,-0.1310,-0.1827
PK00176907,2019,10,-0.0104,0.0150,-0.0179,-0.0080
PK00176907,2020,4,-0.1434,-0.0150,-0.1285,-0.1121
PK00176907,2021,3,0.0616,-0.0396,0.0179,0.0250
PK00176907,2022,8,0.0091,-0.0239,-0.0608,-0.0714
PK00176907,2024,6,0.0104,0.0473,0.0332,0.0080
PK00176907,2025,6,0.0604,-0.0079,0.0227,-0.0280
PK00176907,2026,17,-0.0360,-0.0640,-0.0449,-0.0666
PK00176929,2018,8,-0.1350,-0.1319,-0.1230,-0.1461
PK00176929,2019,9,0.0003,0.0389,0.0073,0.0078
PK00176929,2020,4,-0.2624,-0.0498,-0.0656,-0.1840
PK00176929,2021,3,0.0355,0.0645,0.0396,0.0341
PK00176929,2022,8,-0.0040,-0.0570,-0.0412,-0.0462
PK00176929,2024,6,-0.0003,-0.0389,-0.0073,-0.0078
PK00176929,2025,6,0.0318,-0.0290,-0.0210,-0.0195
PK00176929,2026,17,0.0082,-0.0123,-0.0332,-0.0236
PK00176975,2018,5,-0.0493,-0.0380,-0.0254,-0.0469
PK00176975,2019,8,-0.0020,0.0401,0.0140,0.0003
PK00176975,2020,3,-0.0982,-0.0134,-0.0429,-0.0951
PK00176975,2021,3,0.0616,0.0120,0.0500,0.0593
PK00176975,2022,8,-0.0246,-0.0393,-0.0341,-0.0316
PK00176975,2024,6,0.0020,-0.0120,-0.0140,-0.0003
PK00176975,2025,5,-0.0215,-0.0374,-0.0255,-0.0262
PK00176975,2026,17,-0.0212,-0.0394,-0.0298,-0.0187
PK00176984,2018,5,-0.0265,-0.0249,0.0043,-0.0249
PK00176984,2019,9,0.0008,-0.0074,0.0051,-0.0015
PK00176984,2020,3,-0.0706,-0.0579,-0.0467,-0.0745
PK00176984,2021,3,0.0633,0.0120,0.0499,0.0639
PK00176984,2022,8,-0.0161,-0.0196,0.0036,-0.0167
PK00176984,2024,6,-0.0008,0.0074,-0.0051,0.0015
PK00176984,2025,6,-0.0224,-0.0276,-0.0275,-0.0214
PK00176984,2026,17,-0.0201,-0.0168,-0.0358,-0.0196
PK00176986,2018,5,-0.0178,-0.0019,0.0084,-0.0167
PK00176986,2019,9,-0.0057,0.0065,0.0133,-0.0063
PK00176986,2020,3,-0.2148,-0.1108,-0.1903,-0.1970
PK00176986,2021,3,0.0706,0.0129,0.0834,0.0694
PK00176986,2022,8,-0.0165,-0.0409,-0.0032,-0.0171
PK00176986,2024,6,0.0057,-0.0065,-0.0133,0.0063
PK00176986,2025,6,-0.0220,-0.0327,-0.0378,-0.0342
PK00176986,2026,17,-0.0122,-0.0347,-0.0627,-0.0082
PK00176987,2018,5,-0.0123,-0.0258,-0.0114,-0.0123
PK00176987,2019,8,-0.0057,0.0129,0.0200,-0.0059
PK00176987,2020,3,-0.2500,-0.1496,-0.2239,-0.2443
PK00176987,2021,3,0.0734,0.0102,0.0637,0.0730
PK00176987,2022,8,-0.0128,-0.0264,0.0031,-0.0131
PK00176987,2024,6,0.0057,-0.0102,-0.0200,0.0059
PK00176987,2025,6,-0.0200,-0.0364,-0.0552,-0.0243
PK00176987,2026,17,-0.0070,-0.0315,-0.0557,-0.0073
PK00176989,2018,5,-0.0172,-0.0310,-0.0221,-0.0222
PK00176989,2019,9,-0.0016,0.0236,0.0252,-0.0059
PK00176989,2020,3,-0.2416,-0.1165,-0.1956,-0.2391
PK00176989,2021,3,0.0692,0.0053,0.0588,0.0680
PK00176989,2022,8,-0.0050,-0.0288,0.0011,-0.0121
PK00176989,2023,1,0.0000,0.0000,-0.0095,0.0000
PK00176989,2024,6,0.0074,-0.0065,0.0000,0.0043
PK00176989,2025,7,-0.0015,-0.0176,-0.0289,-0.0090
PK00176989,2026,18,-0.0051,-0.0145,-0.0294,-0.0109
PK00179711,2018,3,-0.0669,-0.0612,-0.0432,-0.1142
PK00179711,2019,6,0.0233,0.0184,0.0203,0.0221
PK00179711,2020,4,-0.0233,-0.0164,-0.0203,-0.0221
PK00179711,2021,3,0.0380,0.0136,0.0366,0.0617
PK00179711,2022,8,0.0355,-0.1117,-0.0781,-0.0503
PK00179711,2024,6,-0.0624,-0.0136,-0.0369,-0.0440
PK00179711,2025,8,0.0526,-0.0503,-0.0685,-0.0260
PK00179711,2026,14,0.0019,-0.0845,-0.1202,-0.0802
PK00182444,2018,3,-0.1194,-0.1161,-0.1194,-0.0955
PK00182444,2019,5,-0.0375,-0.0421,-0.0761,-0.0379
PK00182444,2020,1,-0.0066,0.0648,0.0000,-0.0063
PK00182444,2021,2,0.1064,0.0000,0.0077,0.1026
PK00182444,2022,8,-0.0160,-0.0397,-0.0562,-0.0267
PK00182444,2023,1,0.0000,-0.0056,-0.0050,0.0000
PK00182444,2024,5,0.0031,0.0413,0.0235,0.0151
PK00182444,2025,7,0.0218,0.0238,-0.0240,0.0117
PK00182444,2026,14,-0.0361,-0.0344,-0.1311,-0.0564
PK00182445,2018,2,-0.2089,-0.1510,-0.1297,-0.1430
PK00182445,2019,5,-0.0544,-0.0854,-0.0718,-0.0555
PK00182445,2020,2,-0.3821,-0.2093,-0.3138,-0.3034
PK00182445,2021,2,0.1182,0.0024,0.0719,0.0910
PK00182445,2022,8,0.0024,-0.0273,-0.0409,-0.0224
PK00182445,2023,1,0.0000,0.0167,0.0094,0.0000
PK00182445,2024,4,0.0205,0.0000,0.0000,0.0326
PK00182445,2025,7,0.0632,-0.0062,-0.0310,0.0345
PK00182445,2026,14,0.0316,-0.0378,-0.0907,-0.0339
PK00187237,2018,3,-0.0017,-0.0190,0.0328,0.0061
PK00187237,2019,5,0.0448,-0.0025,0.0334,0.0325
PK00187237,2020,2,-0.0241,0.0000,0.0000,-0.0170
PK00187237,2021,4,0.0457,0.0239,0.0314,0.0444
PK00187237,2022,7,0.0047,-0.0127,-0.0093,0.0136
PK00187237,2023,1,0.0000,-0.0599,-0.0207,0.0000
PK00187237,2024,5,-0.0266,0.0193,-0.0404,-0.0149
PK00187237,2025,7,0.0338,0.0018,-0.0289,0.0405
PK00187237,2026,15,-0.0120,-0.0275,-0.0315,-0.0013
PK00187239,2018,3,0.0404,0.0348,0.0405,0.0218
PK00187239,2019,6,0.0000,-0.0372,-0.0367,0.0000
PK00187239,2020,2,-0.0589,0.0000,-0.0914,-0.0651
PK00187239,2021,4,0.0621,0.0535,0.0561,0.0493
PK00187239,2022,7,0.0088,0.0431,0.0142,0.0002
PK00187239,2023,1,0.0107,-0.0152,0.0167,0.0012
PK00187239,2024,6,-0.0366,0.0419,0.0000,-0.0374
PK00187239,2025,7,0.0502,0.0371,0.0383,0.0316
PK00187239,2026,15,0.0020,0.0179,-0.0129,-0.0105
PK00187241,2018,5,0.0475,-0.0018,-0.0042,0.0220
PK00187241,2019,6,0.0532,0.0000,-0.0227,0.0329
PK00187241,2020,2,-0.0050,-0.0178,0.0000,-0.0072
PK00187241,2021,3,0.1209,0.0073,0.0703,0.0843
PK00187241,2022,8,0.0213,0.0281,-0.0126,0.0194
PK00187241,2023,1,-0.0322,-0.0050,-0.0516,-0.0337
PK00187241,2024,6,0.0000,0.0464,0.0181,0.0000
PK00187241,2025,6,0.0834,0.0504,0.0183,0.0483
PK00187241,2026,15,0.0441,0.0260,-0.0068,0.0313
PK00192803,2018,4,-0.2029,-0.0733,-0.1227,-0.1635
PK00192803,2019,8,0.0444,0.0000,0.0000,0.0130
PK00192803,2020,2,0.0379,0.0447,0.0088,0.0017
PK00192803,2021,2,-0.0428,-0.0932,-0.0015,-0.0558
PK00192803,2022,9,0.0658,-0.0115,-0.0352,0.0066
PK00192803,2023,1,-0.2852,-0.1046,-0.1466,-0.1759
PK00192803,2024,6,0.0000,0.0946,0.0288,0.0000
PK00192803,2025,7,0.0086,0.0299,-0.0220,-0.0262
PK00192803,2026,17,-0.1613,-0.0503,-0.0886,-0.1266
PK00199090,2018,4,-0.0229,-0.0193,0.0062,-0.0327
PK00199090,2019,6,0.0372,0.0119,0.0295,0.0289
PK00199090,2020,3,0.0000,-0.0139,0.0000,0.0000
PK00199090,2021,4,0.0803,0.0127,0.0317,0.0754
PK00199090,2022,8,0.0207,0.0049,0.0014,0.0404
PK00199090,2023,2,-0.0984,0.0000,-0.0079,-0.0664
PK00199090,2024,6,-0.0267,-0.0038,-0.0115,-0.0055
PK00199090,2025,7,0.0538,0.0296,0.0213,0.0647
PK00199090,2026,14,0.0129,0.0200,0.0306,0.0374
PK00204356,2018,4,-0.2557,-0.1230,-0.0606,-0.2149
PK00204356,2019,8,0.0260,-0.0194,0.0105,0.0000
PK00204356,2020,2,0.0000,-0.0166,-0.0063,0.0007
PK00204356,2021,2,0.1325,0.0000,0.0254,0.1043
PK00204356,2022,6,-0.0727,-0.1159,-0.0463,-0.0978
PK00204356,2023,1,-0.0581,0.0255,-0.0184,-0.0361
PK00204356,2024,6,-0.0541,0.0112,0.0000,-0.0111
PK00204356,2025,7,-0.0102,-0.0864,-0.0485,-0.0649
PK00204356,2026,17,-0.0458,-0.0845,-0.0636,-0.0902
PK00204824,2018,6,-0.1708,-0.0290,-0.0989,-0.1130
PK00204824,2019,10,0.0143,0.0577,0.0957,0.0197
PK00204824,2020,5,-0.0171,0.0424,0.0552,0.0000
PK00204824,2021,3,-0.0409,-0.0431,-0.0790,-0.0350
PK00204824,2022,9,0.0113,0.0604,0.0390,-0.0074
PK00204824,2023,1,0.0149,-0.0183,0.0000,0.0340
PK00204824,2024,6,0.0000,0.0000,-0.0249,-0.0068
PK00204824,2025,7,0.0576,0.0935,0.1026,0.0174
PK00204824,2026,17,-0.0154,0.0756,0.0133,-0.0087
PK00205149,2018,3,-0.0505,-0.0213,-0.0145,-0.0805
PK00205149,2019,5,-0.0245,-0.0206,-0.0277,-0.0297
PK00205149,2020,2,-0.3525,-0.0140,-0.0682,-0.1893
PK00205149,2021,4,0.1138,0.0140,0.0277,0.0297
PK00205149,2022,8,0.0095,0.0275,0.0537,0.0280
PK00205149,2024,4,0.0245,0.0907,0.0306,0.0541
PK00205149,2025,6,0.0743,0.0827,0.1060,0.0584
PK00205149,2026,15,-0.0188,0.0328,-0.0151,-0.0083
PK00205150,2018,3,-0.0956,-0.0703,-0.0204,0.0190
PK00205150,2019,5,-0.0603,-0.0176,-0.0474,-0.0406
PK00205150,2020,2,-0.3726,-0.1114,-0.1465,-0.2360
PK00205150,2021,4,0.0603,0.0176,0.0474,0.0406
PK00205150,2022,8,0.0895,0.0072,0.0594,0.0703
PK00205150,2024,4,0.0633,0.0878,0.0626,0.0676
PK00205150,2025,6,0.1550,0.0883,0.1582,0.1081
PK00205150,2026,14,0.0990,0.0470,0.0499,0.0688
PK00214115,2018,4,-0.0298,-0.0416,-0.0457,-0.0368
PK00214115,2019,6,0.0000,0.0000,0.0000,0.0000
PK00214115,2020,3,-0.0564,0.0532,-0.0203,-0.0503
PK00214115,2021,2,0.1066,-0.0323,0.0103,0.0750
PK00214115,2022,8,0.0402,0.0419,0.0306,0.0325
PK00214115,2023,1,-0.0055,-0.0491,-0.0370,-0.0032
PK00214115,2024,6,0.0965,0.0390,0.0505,0.0803
PK00214115,2025,8,0.0639,0.0201,-0.0045,0.0499
PK00214115,2026,16,0.0297,-0.0013,-0.0265,0.0277
PK00214116,2018,5,-0.0377,-0.0556,-0.0841,-0.0342
PK00214116,2019,6,-0.0417,-0.0386,-0.0517,-0.0234
PK00214116,2020,3,-0.0620,-0.0209,-0.0511,-0.0405
PK00214116,2021,2,0.0799,0.0000,0.0085,0.0768
PK00214116,2022,8,0.0280,0.0007,-0.0105,0.0426
PK00214116,2023,2,0.0000,0.0080,0.0000,0.0000
PK00214116,2024,6,0.0554,0.0377,0.0248,0.0675
PK00214116,2025,8,0.0701,0.0035,-0.0039,0.0740
PK00214116,2026,16,-0.0002,-0.0199,-0.0604,0.0146
PK00214117,2018,5,-0.0606,-0.0664,-0.0872,-0.0419
PK00214117,2019,6,-0.0566,-0.0456,-0.0601,-0.0172
PK00214117,2020,3,-0.0594,-0.0278,-0.0594,-0.0307
PK00214117,2021,2,0.0742,0.0000,0.0000,0.0893
PK00214117,2022,8,0.0201,-0.0079,-0.0247,0.0535
PK00214117,2023,2,0.0000,0.0191,0.0040,0.0000
PK00214117,2024,6,0.0218,0.0422,0.0250,0.0587
PK00214117,2025,8,0.0367,-0.0001,-0.0153,0.0638
PK00214117,2026,16,-0.0299,-0.0212,-0.0668,0.0129
PK00214118,2018,5,-0.0467,-0.0217,-0.0243,-0.0204
PK00214118,2019,5,0.0000,0.0000,-0.0275,0.0000
PK00214118,2020,3,-0.1320,-0.0220,-0.0936,-0.1172
PK00214118,2021,2,0.0843,0.0058,0.0619,0.0840
PK00214118,2022,8,0.0541,0.0308,0.0115,0.0509
PK00214118,2023,1,-0.0182,-0.0255,0.0100,-0.0019
PK00214118,2024,6,0.0455,0.0285,0.0000,0.0508
PK00214118,2025,8,0.0425,0.0209,0.0279,0.0485
PK00214118,2026,16,-0.0073,-0.0356,-0.0469,0.0002
PK00214121,2018,5,-0.0570,-0.0050,-0.0233,-0.0442
PK00214121,2019,4,-0.0150,-0.0058,-0.0307,-0.0151
PK00214121,2020,3,-0.1056,-0.0201,-0.0049,-0.0901
PK00214121,2021,3,0.0765,0.0000,0.0000,0.0623
PK00214121,2022,8,0.0428,0.0149,0.0216,0.0341
PK00214121,2023,1,0.0066,0.0856,0.0459,0.0079
PK00214121,2024,6,0.0000,0.0042,0.0014,0.0000
PK00214121,2025,8,0.0696,0.0058,-0.0050,0.0303
PK00214121,2026,16,-0.0377,-0.0043,-0.0183,-0.0149
PK00214122,2018,5,-0.0788,-0.0046,-0.0034,-0.0775
PK00214122,2019,5,-0.0747,-0.0578,-0.0553,-0.0522
PK00214122,2020,3,-0.0604,-0.0225,0.0000,-0.0552
PK00214122,2021,3,0.0437,0.0000,-0.0030,0.0416
PK00214122,2022,8,0.0352,0.0198,0.0257,0.0259
PK00214122,2023,1,0.0021,0.0983,0.0518,0.0000
PK00214122,2024,6,0.0000,0.0119,0.0027,0.0010
PK00214122,2025,8,0.0332,0.0160,0.0019,0.0092
PK00214122,2026,16,-0.0235,-0.0023,-0.0142,-0.0154
PK00214142,2018,8,-0.1106,-0.0596,-0.0828,-0.1144
PK00214142,2019,7,-0.0005,-0.0046,0.0000,-0.0070
PK00214142,2020,4,-0.0292,-0.0136,-0.0584,-0.0374
PK00214142,2021,3,0.0719,0.0022,0.0204,0.0627
PK00214142,2022,8,-0.0619,-0.0349,-0.0553,-0.0690
PK00214142,2023,1,0.0281,0.0000,0.0281,0.0224
PK00214142,2024,5,0.0000,0.0258,-0.0285,0.0000
PK00214142,2025,8,-0.0386,-0.0476,-0.0825,-0.0494
PK00214142,2026,17,-0.0384,-0.0181,-0.0661,-0.0491
PK00215076,2018,6,0.0254,0.0056,0.0315,0.0250
PK00215076,2019,7,0.0557,0.0520,0.0438,0.0502
PK00215076,2020,4,0.0279,0.0716,0.0094,0.0240
PK00215076,2021,3,0.0000,-0.0637,-0.0083,-0.0024
PK00215076,2022,8,0.0041,-0.0010,0.0163,0.0051
PK00215076,2023,1,-0.0253,-0.0430,-0.0134,-0.0233
PK00215076,2024,4,-0.0004,0.0000,0.0000,0.0000
PK00215076,2025,7,-0.0232,-0.0138,-0.0140,-0.0254
PK00215076,2026,15,-0.0079,-0.0213,-0.0390,-0.0151
PK00215077,2018,6,0.0612,0.0078,0.0341,0.0510
PK00215077,2019,7,0.0654,0.0639,0.0461,0.0501
PK00215077,2020,4,0.0253,0.0804,0.0201,0.0142
PK00215077,2021,3,-0.0449,-0.0641,-0.0013,-0.0434
PK00215077,2022,8,-0.0106,0.0017,0.0201,-0.0130
PK00215077,2023,1,-0.0258,-0.0444,-0.0115,-0.0267
PK00215077,2024,4,0.0000,0.0000,0.0000,0.0000
PK00215077,2025,7,-0.0268,-0.0202,-0.0161,-0.0234
PK00215077,2026,15,-0.0206,-0.0283,-0.0468,-0.0177
PK00216254,2018,5,-0.0540,-0.0613,-0.0552,-0.0657
PK00216254,2019,6,-0.0119,0.0117,-0.0119,-0.0077
PK00216254,2020,1,-0.0591,-0.0450,-0.0570,-0.0754
PK00216254,2021,2,0.0315,-0.0117,0.0333,0.0345
PK00216254,2022,6,-0.0570,-0.0306,-0.0428,-0.0585
PK00216254,2024,5,0.0119,0.0142,0.0119,0.0077
PK00216254,2025,5,-0.0249,-0.0302,-0.0494,-0.0326
PK00216254,2026,16,-0.0439,-0.0247,-0.0435,-0.0469
PK00218279,2018,4,-0.0250,-0.0509,-0.0095,-0.0350
PK00218279,2019,7,0.0473,0.0316,0.0089,0.0303
PK00218279,2020,3,0.0000,0.0018,-0.0078,0.0000
PK00218279,2021,4,0.0399,-0.0060,0.0309,0.0315
PK00218279,2022,7,-0.0300,-0.0782,-0.0246,-0.0316
PK00218279,2023,2,-0.0111,0.0000,-0.0312,-0.0044
PK00218279,2024,7,-0.0370,-0.0407,0.0000,-0.0457
PK00218279,2025,7,0.0212,-0.0273,0.0169,0.0068
PK00218279,2026,15,-0.0268,-0.0632,-0.0315,-0.0318
PK00218281,2018,5,-0.0968,-0.0581,-0.0243,-0.0765
PK00218281,2019,7,0.0003,0.0000,-0.0207,0.0026
PK00218281,2020,2,-0.0092,0.0093,0.0294,-0.0159
PK00218281,2021,4,0.0105,-0.0625,-0.0160,0.0053
PK00218281,2022,8,-0.0182,-0.0633,0.0027,-0.0271
PK00218281,2023,2,-0.0309,-0.0391,0.0131,-0.0201
PK00218281,2024,7,0.0000,0.0013,0.0000,0.0000
PK00218281,2025,7,0.0123,-0.0280,0.0219,0.0037
PK00218281,2026,15,-0.0364,-0.0400,-0.0152,-0.0346
PK00218495,2018,6,-0.0688,-0.2030,-0.0835,-0.0796
PK00218495,2019,10,0.0442,0.0000,0.0000,0.0521
PK00218495,2020,3,0.0000,-0.1195,-0.0558,0.0000
PK00218495,2021,2,0.1147,0.0397,0.0362,0.1181
PK00218495,2022,9,0.0284,-0.0761,-0.0510,0.0203
PK00218495,2023,1,-0.0274,0.1644,0.0504,-0.0159
PK00218495,2024,7,-0.0319,-0.1156,-0.0855,-0.0185
PK00218495,2025,8,-0.0081,-0.1016,-0.0595,-0.0157
PK00218495,2026,16,-0.0042,-0.0697,-0.0522,-0.0203
PK00218496,2018,5,-0.2347,-0.1693,-0.1305,-0.2183
PK00218496,2019,10,0.0144,-0.0162,0.0049,0.0036
PK00218496,2020,3,-0.0100,-0.0811,-0.0520,-0.0283
PK00218496,2021,2,0.1057,0.0662,0.0196,0.0875
PK00218496,2022,9,-0.0006,-0.0831,-0.0402,-0.0215
PK00218496,2023,2,-0.0084,0.0792,0.0000,0.0000
PK00218496,2024,6,0.0000,0.0000,-0.0388,-0.0160
PK00218496,2025,8,0.0037,-0.0782,-0.0473,-0.0504
PK00218496,2026,16,0.0329,-0.0699,-0.0563,-0.0312
PK00218497,2018,5,-0.0615,-0.1896,-0.1071,-0.0819
PK00218497,2019,10,0.0179,0.0000,0.0000,0.0371
PK00218497,2020,3,0.0000,-0.1176,-0.0833,-0.0090
PK00218497,2021,2,0.1341,0.0652,0.0520,0.1422
PK00218497,2022,9,0.0322,-0.0673,-0.0170,0.0268
PK00218497,2023,1,-0.0368,0.1453,0.0366,0.0000
PK00218497,2024,7,-0.0317,-0.0873,-0.0567,-0.0147
PK00218497,2025,8,0.0529,-0.0770,-0.0484,0.0262
PK00218497,2026,16,0.0658,-0.0519,-0.0538,0.0320
PK00218498,2018,5,0.0267,-0.1137,-0.0833,-0.0057
PK00218498,2019,10,0.0415,0.0000,0.0000,0.0667
PK00218498,2020,3,0.0000,-0.0581,-0.0492,0.0000
PK00218498,2021,2,0.1452,0.0273,0.0409,0.1619
PK00218498,2022,9,0.0290,-0.0638,-0.0221,0.0331
PK00218498,2023,1,-0.0940,0.1129,0.0083,-0.0340
PK00218498,2024,7,-0.0355,-0.0217,-0.0458,-0.0079
PK00218498,2025,8,0.0624,-0.0062,-0.0083,0.0276
PK00218498,2026,16,0.0654,0.0139,-0.0250,0.0406
PK00218499,2018,4,-0.1131,-0.2317,-0.1460,-0.1393
PK00218499,2019,10,0.0299,0.0000,0.0078,0.0448
PK00218499,2020,3,0.0000,-0.1391,-0.0526,-0.0188
PK00218499,2021,2,0.1378,0.0276,0.0590,0.1338
PK00218499,2022,9,-0.0226,-0.1510,-0.0567,-0.0354
PK00218499,2023,2,-0.0239,0.0627,0.0000,0.0000
PK00218499,2024,6,-0.0493,-0.0552,-0.0359,-0.0263
PK00218499,2025,8,-0.1594,-0.2191,-0.1408,-0.1526
PK00218499,2026,15,-0.2036,-0.1859,-0.1325,-0.1903
PK00218500,2018,5,-0.1224,-0.1927,-0.0969,-0.1394
PK00218500,2019,10,0.0281,-0.0314,0.0051,0.0248
PK00218500,2020,3,-0.0079,-0.1074,-0.0420,-0.0194
PK00218500,2021,2,0.0560,0.0000,0.0187,0.0797
PK00218500,2022,9,-0.0359,-0.1216,-0.0470,-0.0299
PK00218500,2023,2,-0.0268,0.0443,0.0000,-0.0035
PK00218500,2024,6,0.0000,0.0031,-0.0406,0.0000
PK00218500,2025,8,0.0302,-0.0390,-0.0020,-0.0125
PK00218500,2026,16,0.0217,-0.0623,-0.0328,-0.0250
PK00218506,2018,6,-0.1614,-0.2587,-0.1797,-0.2253
PK00218506,2019,10,0.1085,0.0000,0.0407,0.0734
PK00218506,2020,3,-0.0387,-0.2302,-0.1352,-0.0955
PK00218506,2021,2,0.2112,0.1233,0.1251,0.1818
PK00218506,2022,9,-0.0154,-0.1811,-0.0562,-0.0570
PK00218506,2023,1,0.0000,0.0665,0.0000,0.0000
PK00218506,2024,6,-0.0073,-0.1288,-0.0527,-0.0486
PK00218506,2025,8,-0.1248,-0.3260,-0.1770,-0.1976
PK00218506,2026,15,-0.1932,-0.2600,-0.2009,-0.2583
PK00218965,2018,5,-0.0256,-0.0244,0.0023,-0.0307
PK00218965,2019,6,0.0000,0.0418,0.0453,0.0000
PK00218965,2020,3,-0.0388,0.0051,0.0000,-0.0333
PK00218965,2021,3,0.0584,-0.0123,0.0481,0.0562
PK00218965,2022,7,-0.0282,0.0028,-0.0014,-0.0255
PK00218965,2023,1,0.0054,0.0000,-0.0081,0.0085
PK00218965,2024,6,-0.0572,-0.0373,-0.0287,-0.0558
PK00218965,2025,6,-0.0123,-0.0078,-0.0025,-0.0187
PK00218965,2026,16,-0.0254,-0.0176,-0.0342,-0.0341
PK00218966,2018,5,-0.0249,-0.0280,0.0062,-0.0506
PK00218966,2019,7,0.0000,0.0475,0.0158,0.0000
PK00218966,2020,3,-0.0402,0.0006,0.0000,-0.0387
PK00218966,2021,2,0.0852,0.0000,0.0856,0.0569
PK00218966,2022,7,-0.0460,-0.0014,0.0039,-0.0466
PK00218966,2023,1,0.0174,-0.0261,-0.0140,0.0110
PK00218966,2024,6,-0.0942,-0.0129,-0.0478,-0.0733
PK00218966,2025,6,0.0048,0.0288,0.0005,-0.0467
PK00218966,2026,16,-0.0223,0.0032,-0.0421,-0.0570
PK00218968,2018,5,-0.0227,-0.0429,-0.0093,-0.0497
PK00218968,2019,6,0.0346,0.0169,0.0301,0.0615
PK00218968,2020,4,0.0000,-0.0246,0.0000,0.0273
PK00218968,2021,2,0.0063,0.0199,0.0254,-0.0130
PK00218968,2022,8,-0.0325,-0.0253,-0.0115,0.0021
PK00218968,2023,2,-0.0377,-0.0222,-0.0299,0.0000
PK00218968,2024,6,-0.0418,0.0000,-0.0397,-0.0028
PK00218968,2025,6,-0.0050,-0.0155,-0.0441,0.0177
PK00218968,2026,17,-0.0283,-0.0491,-0.0545,0.0022
PK00218979,2018,5,-0.2574,-0.1049,-0.1654,-0.1998
PK00218979,2019,6,0.0276,0.0375,0.0105,0.0075
PK00218979,2020,3,-0.0251,0.0002,0.0000,-0.0277
PK00218979,2021,3,0.0919,0.0000,0.0737,0.0082
PK00218979,2022,7,-0.0547,-0.0629,-0.0457,-0.0347
PK00218979,2023,1,0.0000,-0.0264,-0.0363,0.0000
PK00218979,2024,6,-0.0787,-0.0011,-0.0533,-0.0501
PK00218979,2025,6,-0.0300,-0.0331,-0.0535,-0.0402
PK00218979,2026,16,-0.0088,-0.0280,-0.0697,-0.0512
PK00219438,2018,4,-0.0047,0.1257,0.0559,-0.0166
PK00219438,2019,5,0.0835,-0.0188,0.0540,0.0553
PK00219438,2020,2,-0.3018,-0.0381,-0.1403,-0.2067
PK00219438,2021,4,0.0000,0.0000,0.0000,-0.0064
PK00219438,2022,7,0.0636,0.1181,0.1606,0.0427
PK00219438,2023,2,0.1094,0.1925,0.1950,0.0854
PK00219438,2024,5,-0.0160,0.0739,-0.0079,0.0000
PK00219438,2025,6,0.1432,0.1557,0.1038,0.0978
PK00219438,2026,14,0.0324,0.0292,0.0016,0.0087
PK00219439,2018,4,-0.0534,-0.0174,-0.0451,-0.0431
PK00219439,2019,5,0.0000,0.0054,0.0147,0.0004
PK00219439,2020,2,-0.3371,-0.0473,-0.0814,-0.2451
PK00219439,2021,4,0.0028,-0.0510,0.0228,0.0000
PK00219439,2022,7,0.0418,0.0496,0.0214,0.0599
PK00219439,2023,2,0.0667,0.0490,-0.0016,0.0679
PK00219439,2024,5,-0.0649,0.0000,0.0000,-0.0479
PK00219439,2025,6,0.0397,0.0868,0.0369,0.0441
PK00219439,2026,15,-0.0350,0.0022,0.0011,-0.0235
PK00219440,2018,4,-0.0401,-0.0233,-0.0362,-0.0087
PK00219440,2019,5,0.0448,0.0515,0.0375,0.0437
PK00219440,2020,1,-0.1051,-0.0082,0.0477,-0.0608
PK00219440,2021,4,0.0000,-0.0371,0.0000,0.0000
PK00219440,2022,7,0.0596,0.0694,0.0035,0.0589
PK00219440,2023,2,0.0565,0.0659,-0.0400,0.0709
PK00219440,2024,5,-0.0793,0.0000,-0.0091,-0.0251
PK00219440,2025,6,0.0522,0.1258,0.0385,0.0593
PK00219440,2026,15,-0.0281,0.0266,0.0172,-0.0143
PK00219441,2018,4,-0.0976,-0.0337,-0.0093,-0.0774
PK00219441,2019,5,0.0000,0.0352,0.0494,0.0000
PK00219441,2020,1,-0.0842,-0.0136,0.0558,-0.0669
PK00219441,2021,4,0.0530,-0.0436,-0.0065,0.0245
PK00219441,2022,7,-0.0184,0.0492,0.0230,0.0024
PK00219441,2023,2,0.0409,0.0641,-0.0111,0.0364
PK00219441,2024,5,-0.0201,0.0000,0.0000,-0.0058
PK00219441,2025,6,-0.0084,0.1010,0.0396,0.0062
PK00219441,2026,15,-0.0532,0.0163,0.0392,-0.0503
PK00219442,2018,4,-0.0712,0.0069,-0.0035,-0.0588
PK00219442,2019,5,0.0222,0.0254,0.0250,0.0201
PK00219442,2020,1,-0.0846,-0.0672,-0.0354,-0.0584
PK00219442,2021,4,0.0000,-0.0127,0.0000,0.0000
PK00219442,2022,8,0.0634,0.0451,0.0309,0.0474
PK00219442,2023,2,0.0660,0.0627,0.0326,0.0561
PK00219442,2024,5,-0.0490,0.0000,-0.0107,-0.0164
PK00219442,2025,6,0.0612,0.0638,0.0267,0.0539
PK00219442,2026,15,-0.0064,0.0223,0.0222,-0.0043
PK00221217,2018,2,-0.2426,-0.1405,-0.2020,-0.1895
PK00221217,2019,6,0.0355,0.0000,-0.0684,0.0000
PK00221217,2020,3,-0.0081,-0.0177,-0.0845,-0.0334
PK00221217,2021,2,0.1445,-0.0043,0.0151,0.1195
PK00221217,2022,8,0.0173,0.0258,-0.0113,0.0023
PK00221217,2023,1,0.0000,0.1108,0.0290,-0.0005
PK00221217,2024,6,-0.0303,0.0271,0.0000,0.0171
PK00221217,2025,7,0.0208,0.0539,0.0589,0.0105
PK00221217,2026,16,0.0310,0.0672,-0.0049,0.0200
PK00221682,2018,5,-0.0505,-0.0911,0.0173,-0.0613
PK00221682,2019,10,0.0000,0.0239,0.0352,0.0000
PK00221682,2020,4,0.0033,-0.0206,-0.0115,-0.0058
PK00221682,2021,4,-0.0029,-0.0491,0.0000,0.0135
PK00221682,2022,8,-0.0098,-0.0134,0.0226,-0.0033
PK00221682,2023,1,0.0458,0.0187,0.0019,0.0243
PK00221682,2024,7,-0.0054,0.0000,-0.0091,-0.0021
PK00221682,2025,7,0.0324,0.0061,0.0128,0.0280
PK00221682,2026,14,-0.0059,-0.0219,-0.0195,0.0067
PK00221683,2018,5,0.0397,-0.0620,-0.0117,-0.0072
PK00221683,2019,10,0.0082,-0.0272,-0.0040,0.0062
PK00221683,2020,6,0.0024,-0.0333,-0.0429,-0.0003
PK00221683,2021,4,0.0000,0.0000,0.0000,0.0000
PK00221683,2022,8,0.0218,0.0184,-0.0179,0.0101
PK00221683,2023,1,-0.0351,0.0131,0.0288,0.0063
PK00221683,2024,7,-0.0087,0.0146,0.0032,-0.0136
PK00221683,2025,7,0.0373,-0.0574,-0.0297,0.0026
PK00221683,2026,14,-0.0388,-0.0335,-0.0205,-0.0131
PK00222350,2018,5,-0.1977,-0.1326,-0.0810,-0.2342
PK00222350,2019,7,0.0155,0.0721,0.0575,0.0250
PK00222350,2020,5,0.0113,-0.0515,0.0000,0.0043
PK00222350,2021,3,0.0000,-0.0257,0.0060,0.0000
PK00222350,2022,8,0.0035,-0.0367,-0.0086,-0.0361
PK00222350,2023,1,-0.1971,0.0000,-0.1519,-0.1704
PK00222350,2024,5,-0.0159,0.0079,-0.0476,-0.0289
PK00222350,2025,7,-0.0105,-0.0330,-0.0378,-0.0604
PK00222350,2026,15,-0.0085,-0.0393,-0.0665,-0.0385
PK00222351,2018,5,-0.0797,-0.0252,0.0541,-0.2033
PK00222351,2019,7,0.0820,0.1077,0.0557,0.0562
PK00222351,2020,5,0.0000,0.0000,0.0000,0.0000
PK00222351,2021,3,0.0478,-0.0149,-0.0093,0.0400
PK00222351,2022,8,0.0887,0.0838,0.0328,-0.0412
PK00222351,2023,1,-0.0435,0.1093,-0.0115,-0.0140
PK00222351,2024,5,-0.0225,-0.0411,0.0042,-0.0411
PK00222351,2025,7,0.0710,0.0628,0.0140,-0.0717
PK00222351,2026,15,0.0524,0.0161,-0.0343,-0.0452
PK00222353,2018,5,-0.0032,-0.0473,0.0549,-0.2041
PK00222353,2019,7,0.0011,0.1009,0.0433,0.0000
PK00222353,2020,5,-0.0352,-0.0184,-0.0013,-0.0253
PK00222353,2021,3,0.0218,-0.0031,-0.0100,0.0425
PK00222353,2022,8,0.0585,0.0672,0.0499,-0.0734
PK00222353,2023,1,-0.0095,0.1005,0.0000,0.0036
PK00222353,2024,5,0.0000,0.0000,0.0263,-0.0497
PK00222353,2025,8,0.0698,0.0242,-0.0183,-0.1167
PK00222353,2026,15,0.0241,0.0053,-0.0392,-0.1116
PK00223139,2018,5,-0.0797,-0.0907,-0.0664,-0.0612
PK00223139,2019,9,0.0339,0.0289,0.0036,0.0201
PK00223139,2020,6,-0.0339,-0.0174,-0.0404,-0.0201
PK00223139,2021,3,0.0508,0.0029,0.0031,0.0323
PK00223139,2022,7,-0.0203,-0.0116,-0.0067,-0.0174
PK00223139,2024,7,-0.0487,-0.0029,-0.0031,-0.0326
PK00223139,2025,7,-0.0088,-0.0078,-0.0167,-0.0002
PK00223139,2026,15,0.0028,-0.0078,-0.0337,0.0066
PK00223616,2018,5,-0.1176,-0.0297,-0.0699,-0.1175
PK00223616,2019,6,0.0107,0.0364,0.0236,0.0016
PK00223616,2020,3,-0.0386,0.0327,-0.0050,-0.0336
PK00223616,2021,3,0.0719,0.0000,0.0302,0.0508
PK00223616,2022,7,-0.0220,0.0185,0.0187,-0.0295
PK00223616,2023,1,0.0000,-0.0119,0.0000,0.0000
PK00223616,2024,6,-0.0530,-0.0218,-0.0637,-0.0652
PK00223616,2025,7,-0.0125,-0.0176,-0.0274,-0.0439
PK00223616,2026,16,-0.0896,-0.0771,-0.0883,-0.0978
PK00223618,2018,5,-0.2229,-0.0645,-0.1096,-0.1307
PK00223618,2019,6,0.0146,0.0241,0.0243,0.0057
PK00223618,2020,3,-0.0269,0.0148,-0.0184,-0.0271
PK00223618,2021,2,0.0159,0.0000,0.0217,0.0083
PK00223618,2022,7,-0.0099,0.0043,0.0153,-0.0104
PK00223618,2023,1,0.0000,-0.0210,0.0000,0.0000
PK00223618,2024,6,-0.0547,-0.0386,-0.0620,-0.0629
PK00223618,2025,7,-0.0310,-0.0198,-0.0239,-0.0469
PK00223618,2026,17,-0.0914,-0.1227,-0.1035,-0.1042
PK00223822,2018,3,-0.0274,-0.0719,-0.0251,-0.0630
PK00223822,2019,7,0.0000,0.0113,0.0276,0.0000
PK00223822,2020,3,-0.0672,-0.0373,0.0000,-0.0503
PK00223822,2021,3,0.0496,0.0127,0.0188,0.0265
PK00223822,2022,9,-0.0292,-0.0230,-0.0067,-0.0479
PK00223822,2023,1,0.0137,0.0000,-0.0021,0.0152
PK00223822,2024,6,-0.0131,-0.0642,-0.0450,-0.0142
PK00223822,2025,7,-0.0064,-0.0779,-0.0697,-0.0311
PK00223822,2026,16,-0.0313,-0.0791,-0.0563,-0.0513
PK00224000,2018,2,0.0049,-0.0312,-0.0052,-0.0142
PK00224000,2019,7,0.0018,0.0000,0.0000,0.0000
PK00224000,2020,3,-0.0027,0.0020,0.0049,0.0013
PK00224000,2021,2,0.0677,-0.0117,0.0251,0.0670
PK00224000,2022,8,-0.0170,-0.0342,-0.0274,-0.0249
PK00224000,2023,2,-0.0843,-0.0607,-0.0759,-0.0896
PK00224000,2024,6,0.0000,0.0003,-0.0182,-0.0051
PK00224000,2025,7,0.0144,-0.0139,-0.0164,-0.0009
PK00224000,2026,15,-0.0024,-0.0268,-0.0487,-0.0129
PK00224655,2018,5,-0.0713,-0.1627,-0.0754,-0.0797
PK00224655,2019,8,0.0000,0.0210,0.0000,0.0000
PK00224655,2020,3,-0.2234,-0.0158,-0.1377,-0.2172
PK00224655,2021,3,0.0383,0.0000,0.0160,0.0389
PK00224655,2022,9,-0.0276,-0.0898,-0.0220,-0.0345
PK00224655,2023,1,0.0212,0.0167,0.0044,0.0238
PK00224655,2024,6,-0.0117,-0.0048,-0.0201,-0.0134
PK00224655,2025,8,-0.0082,-0.0941,-0.0610,-0.0224
PK00224655,2026,14,-0.0414,-0.0688,-0.0871,-0.0473
PK00227653,2018,5,0.0335,-0.0026,0.0091,0.0016
PK00227653,2019,7,-0.0091,0.0068,0.0066,-0.0153
PK00227653,2020,2,-0.0292,0.0104,-0.0092,-0.0296
PK00227653,2021,4,0.0273,-0.0480,-0.0066,0.0168
PK00227653,2022,9,0.0154,0.0035,0.0069,0.0158
PK00227653,2024,5,0.0091,-0.0068,0.0306,0.0153
PK00227653,2025,7,0.0215,-0.0218,-0.0142,-0.0020
PK00227653,2026,15,-0.0487,-0.0698,-0.0729,-0.0599
PK00227671,2018,6,-0.0326,-0.0546,-0.0439,-0.0391
PK00227671,2019,7,0.0364,0.0008,-0.0214,0.0097
PK00227671,2020,4,0.0000,0.0000,0.0000,0.0000
PK00227671,2021,2,0.0811,-0.0067,0.0405,0.0810
PK00227671,2022,7,0.0017,-0.0439,-0.0064,0.0022
PK00227671,2023,1,-0.0218,-0.0341,-0.0030,-0.0332
PK00227671,2024,5,-0.0018,0.0007,0.0030,-0.0215
PK00227671,2025,7,0.0147,0.0099,0.0103,0.0135
PK00227671,2026,16,0.0030,0.0003,-0.0149,-0.0042
PK00227805,2018,6,-0.1528,-0.0507,-0.0660,-0.1168
PK00227805,2019,6,0.0047,0.0090,0.0353,0.0000
PK00227805,2020,3,-0.0425,-0.0124,0.0000,-0.0321
PK00227805,2021,3,0.0423,0.0329,0.0725,0.0363
PK00227805,2022,7,-0.0589,0.0044,0.0081,-0.0435
PK00227805,2023,1,0.0000,-0.0270,-0.0067,0.0135
PK00227805,2024,6,-0.0472,0.0000,-0.0058,-0.0253
PK00227805,2025,6,-0.0744,-0.0411,-0.0255,-0.0609
PK00227805,2026,16,-0.0924,-0.0629,-0.0584,-0.0766
PK00228998,2018,2,-0.5067,-0.1167,-0.2841,-0.3108
PK00228998,2019,5,0.0232,0.0097,0.0000,0.0000
PK00228998,2020,4,0.0000,-0.0421,-0.0489,-0.0259
PK00228998,2021,2,0.1073,-0.0523,0.0340,0.0834
PK00228998,2022,8,-0.0491,-0.0009,-0.0516,-0.0288
PK00228998,2023,1,-0.0300,0.0480,0.0167,0.0126
PK00228998,2024,6,-0.0421,0.0000,-0.0605,-0.0274
PK00228998,2025,8,-0.0008,0.0303,-0.0044,0.0205
PK00228998,2026,14,-0.0230,-0.0031,-0.0255,0.0012
PK00230427,2018,4,0.5873,0.1924,0.3009,0.4697
PK00230427,2019,9,0.5477,0.2432,0.3333,0.5358
PK00230427,2020,3,-0.2302,0.0000,-0.0392,-0.1209
PK00230427,2021,3,-0.2860,-0.0577,-0.0601,-0.1526
PK00230427,2022,5,-0.1129,-0.0448,0.0129,-0.0520
PK00230427,2023,1,0.0000,0.0142,0.0209,0.0000
PK00230427,2024,5,0.0530,-0.0401,0.0000,0.0307
PK00230427,2025,7,-0.0609,-0.0382,0.0064,-0.0205
PK00230427,2026,18,-0.0292,-0.0492,0.0405,0.0094
PK00257781,2018,4,-0.0135,-0.0162,-0.0246,0.0103
PK00257781,2019,7,-0.0026,0.0136,-0.0005,0.0255
PK00257781,2020,3,-0.0137,0.0036,-0.0456,0.0140
PK00257781,2021,1,0.0350,-0.0274,0.0151,0.0000
PK00257781,2022,5,-0.0295,-0.0208,-0.0194,-0.0025
PK00257781,2024,4,0.0026,-0.0036,0.0005,-0.0122
PK00257781,2025,5,-0.0032,-0.0281,-0.0054,0.0245
PK00257781,2026,17,-0.0284,-0.0361,-0.0373,-0.0013
PK00257782,2018,6,-0.0270,-0.0292,-0.0195,-0.0300
PK00257782,2019,8,0.0034,0.0017,-0.0001,0.0028
PK00257782,2020,3,-0.0486,0.0201,-0.0088,-0.0419
PK00257782,2021,2,0.0161,-0.0451,0.0001,0.0124
PK00257782,2022,6,-0.0242,-0.0127,-0.0479,-0.0275
PK00257782,2024,5,-0.0034,-0.0017,0.0094,-0.0028
PK00257782,2025,6,-0.0167,-0.0043,-0.0139,-0.0198
PK00257782,2026,18,-0.0181,-0.0098,-0.0291,-0.0213
PK00258310,2018,7,-0.0265,-0.0183,-0.0225,-0.0262
PK00258310,2019,10,0.0000,0.0156,0.0152,0.0000
PK00258310,2020,6,-0.0484,0.0109,-0.0090,-0.0438
PK00258310,2021,2,0.0512,-0.0231,0.0568,0.0476
PK00258310,2022,8,-0.0347,-0.0302,-0.0172,-0.0370
PK00258310,2023,1,0.0127,-0.0448,0.0000,0.0129
PK00258310,2024,7,-0.0325,0.0000,-0.0331,-0.0326
PK00258310,2025,7,-0.0367,-0.0025,-0.0378,-0.0453
PK00258310,2026,18,-0.0520,-0.0353,-0.0812,-0.0565
PK00258315,2018,7,-0.0218,-0.0010,-0.0102,-0.0338
PK00258315,2019,10,0.0000,0.0076,0.0062,0.0000
PK00258315,2020,6,-0.0861,-0.0321,-0.0359,-0.0649
PK00258315,2021,2,0.0497,-0.0011,0.0712,0.0383
PK00258315,2022,8,-0.0101,-0.0241,-0.0044,-0.0138
PK00258315,2023,1,0.0413,0.0079,0.0000,0.0369
PK00258315,2024,7,-0.0243,0.0000,-0.0307,-0.0262
PK00258315,2025,7,-0.0098,0.0099,-0.0462,-0.0304
PK00258315,2026,18,-0.0504,-0.0661,-0.1035,-0.0587
PK00260145,2018,4,-0.0565,-0.0506,-0.0359,-0.0640
PK00260145,2019,9,-0.0029,-0.0032,0.0014,-0.0047
PK00260145,2020,6,-0.0125,-0.0073,-0.0084,-0.0177
PK00260145,2021,3,0.0761,0.0072,0.0252,0.0689
PK00260145,2022,9,-0.0128,-0.0249,-0.0269,-0.0332
PK00260145,2024,6,0.0029,0.0032,-0.0014,0.0047
PK00260145,2025,7,0.0141,-0.0216,-0.0319,-0.0060
PK00260145,2026,14,-0.0560,-0.0444,-0.0485,-0.0553
PK00261331,2018,3,-0.0455,-0.0868,-0.0306,-0.0572
PK00261331,2019,9,0.0179,0.0000,0.0234,0.0068
PK00261331,2020,3,0.0000,0.0441,0.0212,0.0000
PK00261331,2021,4,0.0443,-0.0508,0.0000,0.0247
PK00261331,2022,8,0.0023,0.0071,0.0124,-0.0032
PK00261331,2023,1,-0.0803,-0.0590,-0.0687,-0.0933
PK00261331,2024,7,-0.0214,0.0244,-0.0221,-0.0234
PK00261331,2025,7,0.0230,0.0105,-0.0025,0.0138
PK00261331,2026,14,0.0032,-0.0521,-0.0370,-0.0005
PK00261332,2018,3,-0.0099,-0.0509,-0.0436,-0.0343
PK00261332,2019,8,0.0000,-0.0258,-0.0500,0.0000
PK00261332,2020,2,-0.0356,0.0478,0.0167,-0.0010
PK00261332,2021,4,0.0747,0.0000,0.0162,0.0316
PK00261332,2022,8,0.0274,0.0134,-0.0100,0.0228
PK00261332,2023,2,-0.2222,-0.0933,-0.1641,-0.2235
PK00261332,2024,7,0.0084,0.0625,0.0000,0.0133
PK00261332,2025,7,0.0573,-0.0018,-0.0177,0.0409
PK00261332,2026,14,0.0409,-0.0129,-0.0437,0.0067
PK00261333,2018,3,-0.0566,-0.1118,-0.0184,-0.0577
PK00261333,2019,9,0.0193,0.0000,0.0544,0.0392
PK00261333,2020,3,0.0000,0.1475,0.1164,0.0824
PK00261333,2021,4,0.0082,-0.1139,-0.0780,0.0000
PK00261333,2022,8,-0.0154,0.0582,0.0421,0.0350
PK00261333,2023,1,-0.1328,-0.1179,-0.0706,-0.0980
PK00261333,2024,7,-0.0170,0.0095,0.0000,-0.0160
PK00261333,2025,7,0.0019,0.0471,0.0763,0.0592
PK00261333,2026,14,-0.0030,-0.0478,-0.0502,-0.0357
PK00261591,2018,4,-0.1031,0.0388,0.0099,-0.0615
PK00261591,2019,8,0.0257,0.0574,0.0734,0.0381
PK00261591,2020,2,-0.0572,-0.0257,-0.0012,-0.0476
PK00261591,2021,2,0.0479,-0.0617,0.0012,0.0366
PK00261591,2022,8,-0.0092,0.0487,0.0318,-0.0185
PK00261591,2024,7,-0.0257,0.0257,-0.0051,-0.0366
PK00261591,2025,7,0.0732,0.0977,0.0416,0.0307
PK00261591,2026,17,0.0154,0.0736,0.0264,-0.0093
PK00261599,2018,6,-0.0237,-0.0367,-0.0382,-0.0372
PK00261599,2019,9,-0.0029,0.0224,0.0000,0.0000
PK00261599,2020,3,-0.0162,-0.0083,-0.0143,-0.0115
PK00261599,2021,2,0.0432,-0.0518,0.0184,0.0399
PK00261599,2022,7,-0.0202,0.0265,0.0007,-0.0183
PK00261599,2023,1,0.0132,0.0086,0.0014,0.0150
PK00261599,2024,7,0.0000,0.0000,-0.0456,-0.0115
PK00261599,2025,7,0.0128,-0.0051,-0.0272,0.0034
PK00261599,2026,17,0.0021,0.0070,-0.0327,-0.0064
PK00262297,2018,2,0.0414,0.0344,0.0077,-0.0268
PK00262297,2019,9,-0.0120,0.0088,0.0045,0.0063
PK00262297,2020,5,-0.0012,0.0313,-0.0374,-0.0063
PK00262297,2021,2,0.0273,-0.0283,0.0015,0.0424
PK00262297,2022,9,-0.0293,-0.0217,-0.0633,-0.0443
PK00262297,2024,6,0.0012,-0.0088,-0.0015,-0.0178
PK00262297,2025,7,0.0186,-0.0140,-0.0268,-0.0527
PK00262297,2026,16,0.0063,-0.0869,-0.0812,-0.0820
PK00263496,2018,6,-0.1010,-0.1325,-0.0490,-0.1400
PK00263496,2019,6,0.0000,0.0020,0.0302,0.0000
PK00263496,2020,4,-0.1215,-0.1061,-0.0607,-0.1232
PK00263496,2021,3,0.0132,0.0000,0.0000,0.0283
PK00263496,2022,7,-0.3160,-0.2767,-0.2042,-0.2925
PK00263496,2023,1,0.0015,0.0147,0.0039,0.0239
PK00263496,2024,7,-0.0968,-0.0805,-0.0685,-0.0843
PK00263496,2025,7,-0.1955,-0.2100,-0.1219,-0.2142
PK00263496,2026,16,-0.1470,-0.1417,-0.1029,-0.1567
PK00266464,2018,3,0.0476,-0.0500,0.0338,-0.0163
PK00266464,2019,6,0.0428,0.0215,0.0495,0.0322
PK00266464,2020,4,-0.0210,-0.0328,0.0000,-0.0223
PK00266464,2021,2,0.1314,-0.0932,0.0479,0.0956
PK00266464,2022,8,-0.0273,-0.0214,0.0103,-0.0261
PK00266464,2023,1,-0.0596,0.0449,-0.0124,-0.0113
PK00266464,2024,6,0.0000,0.0000,-0.0117,0.0000
PK00266464,2025,9,0.0196,0.0060,0.0298,0.0042
PK00266464,2026,17,0.0377,-0.0199,0.0270,-0.0298
PK00266477,2018,2,0.0127,-0.0097,-0.0005,-0.0271
PK00266477,2019,5,-0.0087,0.0215,-0.0057,-0.0167
PK00266477,2020,2,-0.3944,-0.0215,-0.0927,-0.2859
PK00266477,2021,3,0.1041,-0.0363,0.0057,0.0566
PK00266477,2022,8,0.0277,0.0431,0.0182,0.0113
PK00266477,2024,3,0.0087,0.0350,0.0250,0.0167
PK00266477,2025,4,0.0379,0.0135,-0.0006,0.0389
PK00266477,2026,14,-0.0539,0.0276,0.0190,-0.0196
PK00266585,2018,5,-0.0120,-0.0468,-0.0752,-0.0414
PK00266585,2019,10,0.0000,0.0292,0.0220,0.0000
PK00266585,2020,4,-0.0088,0.0364,0.0000,-0.0144
PK00266585,2021,4,0.0250,-0.0343,0.0040,0.0085
PK00266585,2022,9,0.0098,-0.0380,-0.0407,-0.0180
PK00266585,2023,1,-0.0012,-0.0455,-0.0310,-0.0042
PK00266585,2024,5,0.0133,0.0000,-0.0220,0.0076
PK00266585,2025,7,0.0229,-0.0242,-0.0200,-0.0099
PK00266585,2026,16,-0.0024,-0.0317,-0.0408,-0.0227
PK00266618,2018,4,0.0174,0.0227,0.0308,0.0224
PK00266618,2019,8,0.0068,0.0485,0.0226,0.0170
PK00266618,2020,3,0.0000,-0.0069,0.0000,0.0000
PK00266618,2021,3,0.0233,-0.0071,0.0132,0.0343
PK00266618,2022,8,-0.0254,-0.0279,-0.0352,-0.0384
PK00266618,2023,2,-0.0252,0.0122,-0.0109,-0.0287
PK00266618,2024,7,-0.0418,0.0000,-0.0376,-0.0455
PK00266618,2025,5,-0.0100,-0.0241,-0.0377,-0.0265
PK00266618,2026,16,-0.0027,-0.0100,-0.0217,-0.0076
PK00266619,2018,4,0.0129,0.0212,0.0414,0.0135
PK00266619,2019,8,0.0000,0.0471,0.0240,0.0128
PK00266619,2020,3,0.0047,0.0000,0.0000,0.0000
PK00266619,2021,3,0.1001,-0.0078,0.0449,0.0634
PK00266619,2022,8,-0.0439,-0.0275,-0.0175,-0.0463
PK00266619,2023,2,-0.0111,0.0105,-0.0265,-0.0203
PK00266619,2024,7,-0.1029,-0.0194,-0.0756,-0.0765
PK00266619,2025,5,-0.0268,-0.0333,-0.0481,-0.0448
PK00266619,2026,16,-0.0269,-0.0223,-0.0139,-0.0242
PK00266702,2018,6,-0.0323,-0.1114,-0.1149,-0.0890
PK00266702,2019,7,0.0625,0.0050,0.0059,0.0648
PK00266702,2020,3,-0.0069,-0.0173,0.0000,0.0000
PK00266702,2021,3,0.1059,0.0000,0.0030,0.0957
PK00266702,2022,8,0.0368,-0.1091,-0.0750,-0.0325
PK00266702,2023,2,-0.0768,0.0070,-0.0212,-0.0186
PK00266702,2024,7,0.0000,-0.0196,-0.0260,-0.0015
PK00266702,2025,6,0.0584,-0.0980,-0.0668,-0.0228
PK00266702,2026,18,0.1039,-0.0677,-0.0654,-0.0018
PK00266710,2018,3,-0.1835,-0.0372,-0.0761,-0.1578
PK00266710,2019,5,-0.0772,-0.0279,-0.0529,-0.0660
PK00266710,2020,3,-0.1400,-0.0361,-0.0533,-0.1193
PK00266710,2021,4,0.0211,0.0037,0.0173,0.0237
PK00266710,2022,8,-0.0137,0.0098,0.0030,-0.0077
PK00266710,2023,2,0.0000,0.0000,0.0000,0.0000
PK00266710,2024,6,0.0354,0.0365,0.0302,0.0392
PK00266710,2025,8,0.0289,0.0448,0.0334,0.0330
PK00266710,2026,15,-0.0076,0.0027,-0.0165,0.0026
PK00266711,2018,3,-0.1850,-0.0732,-0.0306,-0.1621
PK00266711,2019,5,0.0137,0.0015,0.0000,0.0010
PK00266711,2020,3,-0.0356,-0.0187,-0.0351,-0.0443
PK00266711,2021,4,0.0344,0.0000,0.0253,0.0122
PK00266711,2022,8,-0.0144,0.0144,0.0003,-0.0220
PK00266711,2023,2,-0.0448,-0.0012,-0.0024,-0.0443
PK00266711,2024,7,0.0000,0.0277,0.0281,0.0000
PK00266711,2025,7,0.0706,0.0374,0.0331,0.0552
PK00266711,2026,15,0.0193,0.0228,0.0139,0.0158
PK00266712,2018,2,0.0024,0.0006,0.0255,0.0036
PK00266712,2019,5,0.0539,0.0000,-0.0187,0.0444
PK00266712,2020,2,0.0000,-0.0102,-0.0445,0.0000
PK00266712,2021,4,0.0284,0.0312,0.0184,0.0263
PK00266712,2022,8,0.0282,0.0042,-0.0446,0.0296
PK00266712,2023,2,-0.0082,-0.0283,0.0172,-0.0047
PK00266712,2024,7,-0.0057,0.0128,0.0000,-0.0037
PK00266712,2025,7,0.0623,0.0564,0.0524,0.0597
PK00266712,2026,15,0.0391,0.0073,0.0040,0.0378
PK00267418,2018,3,-0.1179,-0.1017,-0.0789,-0.1432
PK00267418,2019,9,-0.0044,0.0288,0.0031,0.0063
PK00267418,2020,2,-0.0745,-0.0408,-0.0301,-0.0490
PK00267418,2021,2,0.0220,-0.0322,0.0000,0.0333
PK00267418,2022,7,-0.0255,-0.0280,-0.0514,-0.0805
PK00267418,2023,1,0.0145,0.0668,-0.0294,-0.0009
PK00267418,2024,5,0.0000,0.0000,0.0058,0.0000
PK00267418,2025,6,-0.0148,-0.0124,-0.0364,-0.0277
PK00267418,2026,16,-0.0451,-0.0190,-0.0288,-0.0621
PK00267420,2018,4,-0.1489,-0.1223,-0.0755,-0.1251
PK00267420,2019,9,0.0000,-0.0211,-0.0267,-0.0134
PK00267420,2020,2,-0.0672,0.0000,-0.0360,-0.0333
PK00267420,2021,2,0.0431,-0.0259,0.0275,0.0472
PK00267420,2022,8,-0.0858,-0.0060,-0.0497,-0.0690
PK00267420,2023,1,0.0157,0.0068,0.0000,0.0000
PK00267420,2024,6,-0.0228,0.0343,0.0188,0.0043
PK00267420,2025,6,-0.0164,-0.0150,-0.0283,-0.0283
PK00267420,2026,16,-0.0296,-0.0234,-0.0419,-0.0271
PK00267689,2018,6,0.0198,-0.1026,0.0032,-0.1018
PK00267689,2019,9,-0.0157,-0.0224,-0.0152,0.0258
PK00267689,2020,4,0.0170,-0.0090,-0.0429,-0.0322
PK00267689,2021,2,0.1070,0.0242,0.0717,0.0369
PK00267689,2022,7,0.0319,-0.0838,-0.0450,-0.0946
PK00267689,2023,1,-0.0693,0.0000,0.0548,0.0000
PK00267689,2024,6,0.0000,0.0277,0.0000,-0.0180
PK00267689,2025,8,-0.0027,-0.0851,-0.0355,-0.0869
PK00267689,2026,18,-0.0092,-0.0669,-0.0397,-0.0745
PK00274713,2018,7,-0.0831,-0.0263,-0.0211,-0.0629
PK00274713,2019,7,0.0021,0.0012,-0.0186,0.0005
PK00274713,2020,4,-0.0669,-0.0215,-0.0393,-0.0645
PK00274713,2021,2,0.0496,-0.0012,0.0501,0.0423
PK00274713,2022,7,-0.0506,-0.0233,-0.0142,-0.0334
PK00274713,2024,6,-0.0021,0.0020,0.0186,-0.0005
PK00274713,2025,6,-0.0053,-0.0217,-0.0143,-0.0110
PK00274713,2026,16,-0.0702,-0.0532,-0.0773,-0.0742
PK00274714,2018,6,-0.0398,-0.0326,-0.0234,-0.0371
PK00274714,2019,7,0.0000,-0.0202,-0.0080,0.0000
PK00274714,2020,4,-0.0980,-0.0245,-0.0671,-0.0898
PK00274714,2021,2,0.0574,0.0000,0.0589,0.0619
PK00274714,2022,7,-0.0126,0.0121,0.0068,-0.0152
PK00274714,2023,1,0.0002,0.0005,0.0000,0.0054
PK00274714,2024,6,-0.0010,0.0136,0.0064,-0.0001
PK00274714,2025,6,-0.0309,-0.0422,-0.0266,-0.0385
PK00274714,2026,17,-0.0809,-0.0610,-0.0658,-0.0857
PK00275626,2018,5,0.0384,-0.0429,0.0039,-0.0140
PK00275626,2019,7,-0.0100,0.0323,0.0137,0.0000
PK00275626,2020,4,-0.0322,0.0000,-0.0507,-0.0620
PK00275626,2021,3,0.0253,0.0114,0.0684,0.0272
PK00275626,2022,6,0.0290,-0.0282,-0.0067,-0.0378
PK00275626,2023,1,0.0170,-0.0288,0.0000,0.0148
PK00275626,2024,6,0.0000,-0.0013,-0.0162,-0.0232
PK00275626,2025,5,0.0551,-0.0099,-0.0135,-0.0263
PK00275626,2026,18,0.0608,0.0022,0.0057,-0.0317
PK00276623,2018,5,-0.0320,-0.0212,-0.0050,-0.0382
PK00276623,2019,7,-0.0109,-0.0955,-0.0812,-0.0255
PK00276623,2020,3,0.0078,0.0049,-0.0025,0.0000
PK00276623,2021,2,0.0478,-0.0310,0.0099,0.0356
PK00276623,2022,9,-0.0002,0.0060,0.0015,0.0033
PK00276623,2023,1,0.0000,0.0193,0.0308,0.0089
PK00276623,2024,6,-0.0297,0.0000,0.0000,-0.0080
PK00276623,2025,7,0.0101,-0.0430,-0.0229,0.0051
PK00276623,2026,15,-0.0210,-0.0178,-0.0387,-0.0134
PK00279004,2018,6,-0.1489,-0.0805,-0.0594,-0.1489
PK00279004,2019,10,-0.0435,0.0000,-0.0161,-0.0435
PK00279004,2020,5,-0.0222,-0.0411,-0.0287,-0.0302
PK00279004,2021,2,0.0756,-0.0269,0.0402,0.0677
PK00279004,2022,9,-0.0710,-0.0533,-0.0508,-0.0787
PK00279004,2023,1,0.0000,0.0030,0.0000,0.0000
PK00279004,2024,6,0.0188,0.0094,0.0028,0.0151
PK00279004,2025,8,-0.0103,-0.0490,-0.0447,-0.0257
PK00279004,2026,18,-0.0882,-0.0468,-0.0838,-0.0942
PK00280063,2018,6,-0.1636,-0.0351,-0.0081,-0.0694
PK00280063,2019,6,0.0143,0.0043,0.0000,0.0000
PK00280063,2020,5,-0.0342,0.0000,-0.0460,-0.0058
PK00280063,2021,3,0.0853,0.0382,0.0307,0.0354
PK00280063,2022,9,-0.0897,-0.0475,-0.0598,-0.0221
PK00280063,2023,1,0.0000,-0.0295,0.0036,0.0016
PK00280063,2024,6,-0.0165,-0.0365,-0.0084,-0.0007
PK00280063,2025,7,-0.0124,-0.0679,-0.0314,-0.0246
PK00280063,2026,17,-0.0350,-0.0590,-0.0954,-0.0237
PK00280189,2018,4,0.0147,0.0182,0.0097,0.0017
PK00280189,2019,8,0.0000,0.0343,0.0000,0.0000
PK00280189,2020,2,-0.0034,0.0488,-0.0287,-0.0071
PK00280189,2021,4,0.0445,-0.0351,0.0202,0.0284
PK00280189,2022,9,0.0158,0.0208,-0.0469,-0.0012
PK00280189,2023,1,0.0551,-0.0160,0.0100,-0.0255
PK00280189,2024,5,-0.0548,0.0000,-0.0336,0.0094
PK00280189,2025,7,0.0032,0.0073,-0.0323,-0.0005
PK00280189,2026,16,-0.0125,-0.0001,-0.0615,-0.0082
PK00280201,2018,6,-0.0388,-0.0079,0.0180,-0.0132
PK00280201,2019,7,-0.0146,0.0085,-0.0104,-0.0005
PK00280201,2020,5,-0.0526,-0.0083,-0.0142,-0.0499
PK00280201,2021,2,0.0289,0.0009,0.0407,0.0006
PK00280201,2022,8,-0.0830,-0.0105,-0.0398,-0.0783
PK00280201,2024,5,0.0146,-0.0009,0.0104,0.0005
PK00280201,2025,6,-0.0561,-0.0662,-0.0555,-0.0641
PK00280201,2026,16,-0.0990,-0.0568,-0.0906,-0.0916
PK00283780,2018,7,-0.0539,-0.0629,-0.0924,-0.0293
PK00283780,2019,9,0.0132,0.0000,-0.0003,0.0000
PK00283780,2020,6,-0.0713,-0.0212,-0.0395,-0.0696
PK00283780,2021,2,0.0732,-0.0069,0.0500,0.0539
PK00283780,2022,8,-0.0298,-0.0104,-0.0322,-0.0245
PK00283780,2023,1,0.0000,0.0025,0.0027,0.0132
PK00283780,2024,7,-0.0024,0.0097,0.0000,-0.0107
PK00283780,2025,7,-0.0183,-0.0147,-0.0114,-0.0215
PK00283780,2026,17,-0.0290,-0.0133,-0.0256,-0.0371
PK00283784,2018,6,-0.1004,-0.0535,-0.0233,-0.0982
PK00283784,2019,9,0.0022,0.0076,0.0000,0.0000
PK00283784,2020,6,-0.0939,-0.0486,-0.0670,-0.0844
PK00283784,2021,2,0.0561,-0.0336,0.0643,0.0518
PK00283784,2022,8,-0.0305,-0.0269,-0.0171,-0.0265
PK00283784,2023,1,-0.0045,0.0227,0.0125,0.0034
PK00283784,2024,7,0.0000,0.0000,-0.0035,0.0000
PK00283784,2025,7,0.0056,-0.0367,-0.0247,0.0024
PK00283784,2026,17,-0.0128,-0.0395,-0.0566,-0.0209
PK00285246,2018,6,-0.1061,-0.1165,-0.0188,-0.0796
PK00285246,2019,7,-0.0045,-0.0011,-0.0040,-0.0008
PK00285246,2020,3,-0.0259,0.0011,0.0040,-0.0154
PK00285246,2021,3,0.0906,-0.0298,0.0722,0.0542
PK00285246,2022,8,-0.0590,-0.0294,-0.0249,-0.0425
PK00285246,2024,5,0.0045,0.0101,-0.0115,0.0008
PK00285246,2025,7,0.0179,-0.0182,-0.0062,0.0018
PK00285246,2026,16,-0.0113,-0.0297,-0.0293,-0.0124
PK00285826,2018,2,0.0105,-0.0393,-0.0023,0.0033
PK00285826,2019,5,0.0276,0.0047,-0.0150,0.0221
PK00285826,2020,3,-0.0087,0.0000,-0.0154,-0.0193
PK00285826,2021,2,0.0788,-0.0253,0.0141,0.0756
PK00285826,2022,8,0.0181,0.0000,-0.0245,0.0141
PK00285826,2023,1,0.0000,0.0163,0.0196,0.0000
PK00285826,2024,6,-0.0025,-0.0248,0.0000,-0.0130
PK00285826,2025,6,0.0406,0.0133,0.0135,0.0294
PK00285826,2026,16,0.0071,-0.0159,-0.0210,-0.0001
PK00285827,2018,1,0.0066,-0.0916,-0.0277,-0.0080
PK00285827,2019,5,0.0289,0.0059,0.0000,0.0130
PK00285827,2020,3,0.0000,0.0000,0.0014,-0.0343
PK00285827,2021,2,0.0987,-0.0477,-0.0050,0.0680
PK00285827,2022,8,-0.0027,-0.0118,-0.0356,0.0039
PK00285827,2023,1,-0.0102,0.0361,0.0225,0.0000
PK00285827,2024,6,-0.0350,-0.0703,-0.0009,-0.0461
PK00285827,2025,7,0.0421,0.0198,0.0281,0.0040
PK00285827,2026,16,-0.0154,-0.0171,-0.0238,-0.0115
PK00285829,2018,2,-0.3020,-0.1426,-0.1413,-0.2468
PK00285829,2019,4,0.0861,0.0099,0.0000,0.0397
PK00285829,2020,3,-0.0481,-0.0712,-0.0357,-0.0461
PK00285829,2021,2,0.1216,-0.0252,0.0150,0.1058
PK00285829,2022,8,0.0345,0.0193,-0.0103,0.0192
PK00285829,2023,1,-0.0342,0.0184,0.0269,0.0000
PK00285829,2024,6,0.0000,0.0000,-0.0221,-0.0004
PK00285829,2025,6,0.0641,0.0172,0.0283,0.0399
PK00285829,2026,16,0.0197,-0.0292,-0.0427,0.0156
PK00287724,2018,4,0.0402,-0.0184,0.0299,-0.0012
PK00287724,2019,8,0.0000,-0.0442,-0.0126,0.0000
PK00287724,2020,4,-0.0432,0.0018,-0.0012,-0.0773
PK00287724,2021,2,0.0599,0.0063,0.0665,0.0650
PK00287724,2022,8,-0.0098,-0.0149,-0.0180,-0.0300
PK00287724,2023,1,0.0121,0.0000,0.0507,0.0041
PK00287724,2024,7,-0.0353,-0.0117,0.0000,-0.0534
PK00287724,2025,7,0.0408,-0.0240,-0.0131,0.0122
PK00287724,2026,17,0.0115,-0.0260,-0.0144,-0.0242
PK00290858,2018,5,-0.0889,-0.0744,-0.0942,-0.1099
PK00290858,2019,7,0.0560,0.0370,0.0096,0.0213
PK00290858,2020,3,-0.0898,-0.0327,-0.0952,-0.1020
PK00290858,2021,2,0.0088,0.0000,0.0024,-0.0137
PK00290858,2022,6,-0.0588,-0.0753,-0.0570,-0.0705
PK00290858,2023,1,-0.0113,0.0194,0.0000,0.0133
PK00290858,2024,5,0.0000,-0.0020,-0.0132,0.0000
PK00290858,2025,6,0.0091,0.0024,-0.0137,-0.0121
PK00290858,2026,16,-0.0336,-0.0116,-0.0665,-0.0623
PK00290881,2018,2,-0.1306,-0.0770,-0.0825,-0.1382
PK00290881,2019,5,-0.0661,-0.0660,-0.0697,-0.0823
PK00290881,2020,3,-0.0278,-0.0013,0.0000,-0.0444
PK00290881,2021,4,0.0383,0.0000,0.0060,0.0181
PK00290881,2022,8,0.0156,0.0073,-0.0016,-0.0013
PK00290881,2023,1,0.0121,0.0882,0.0501,0.0039
PK00290881,2024,5,0.0000,0.0103,-0.0238,0.0000
PK00290881,2025,8,0.0328,0.0643,0.0332,0.0222
PK00290881,2026,15,-0.0123,0.0227,-0.0063,-0.0043
PK00290890,2018,2,-0.1254,-0.0769,-0.1129,-0.1074
PK00290890,2019,5,-0.0259,-0.0064,0.0398,-0.0230
PK00290890,2020,4,0.0000,-0.0482,-0.0273,0.0000
PK00290890,2021,4,0.0165,0.0474,-0.0162,0.0165
PK00290890,2022,8,0.0410,-0.0544,-0.0415,0.0424
PK00290890,2023,1,-0.0296,0.0000,0.0000,-0.0157
PK00290890,2024,5,0.0338,0.0473,0.0059,0.0388
PK00290890,2025,8,0.0041,0.0334,-0.0667,0.0136
PK00290890,2026,15,-0.0234,0.0174,-0.0057,-0.0044
PK00290907,2018,2,-0.1268,-0.1931,0.3188,-0.1147
PK00290907,2019,4,-0.0463,-0.0324,0.0244,-0.0461
PK00290907,2020,3,0.0034,0.0000,-0.1070,0.0000
PK00290907,2021,4,-0.0042,-0.1560,0.3892,-0.0012
PK00290907,2022,8,0.0006,-0.0138,-0.1157,-0.0043
PK00290907,2023,1,0.0000,0.0440,-0.0623,0.0150
PK00290907,2024,5,0.0063,0.0601,0.0000,0.0479
PK00290907,2025,7,-0.0105,0.0229,-0.0536,0.0020
PK00290907,2026,15,-0.0243,-0.0050,-0.0525,0.0003
PK00291035,2018,2,-0.5015,-0.1338,-0.2177,-0.3145
PK00291035,2019,6,0.0012,-0.0340,-0.0133,-0.0165
PK00291035,2020,3,-0.2803,-0.0466,-0.1753,-0.1626
PK00291035,2021,2,0.1608,0.0352,0.1258,0.1032
PK00291035,2022,8,0.0348,0.0020,0.0456,0.0318
PK00291035,2024,4,-0.0012,0.0340,0.0133,0.0165
PK00291035,2025,7,0.0614,0.1430,0.0844,0.0424
PK00291035,2026,16,0.0151,0.0228,-0.0157,0.0228
PK00291036,2018,2,-0.3800,-0.0369,-0.1508,-0.3108
PK00291036,2019,6,-0.0490,-0.0130,-0.0530,-0.0487
PK00291036,2020,3,-0.2169,0.0019,-0.0570,-0.1731
PK00291036,2021,2,0.1011,-0.0019,0.0703,0.0781
PK00291036,2022,8,0.0343,0.0563,-0.0383,0.0057
PK00291036,2024,4,0.0490,0.1221,0.0530,0.0487
PK00291036,2025,7,0.0272,0.1265,0.0378,0.0142
PK00291036,2026,16,0.0153,0.0584,-0.0103,0.0037
PK00292902,2018,3,-0.1023,-0.0707,0.0361,-0.0743
PK00292902,2019,9,-0.0100,0.0000,-0.0262,-0.0035
PK00292902,2020,3,-0.0351,0.0163,0.0044,-0.0064
PK00292902,2021,2,0.0000,-0.0474,0.0000,0.0469
PK00292902,2022,7,-0.0429,-0.0662,-0.0222,-0.0483
PK00292902,2023,1,0.0080,-0.0333,-0.0604,0.0000
PK00292902,2024,7,0.0113,0.0266,0.0386,0.0089
PK00292902,2025,9,-0.0391,-0.0165,-0.0113,-0.0212
PK00292902,2026,18,-0.0301,-0.0034,-0.0061,-0.0031
PK00292905,2018,3,-0.1083,-0.0357,-0.0030,-0.0902
PK00292905,2019,9,0.0176,0.0000,0.0000,0.0185
PK00292905,2020,3,-0.0811,-0.0492,-0.0918,-0.0519
PK00292905,2021,2,0.1075,-0.0426,0.0694,0.0998
PK00292905,2022,7,0.0490,-0.0091,0.0945,0.0010
PK00292905,2023,1,0.0000,0.0475,-0.0111,0.0000
PK00292905,2024,7,-0.0313,0.0123,0.0253,-0.0342
PK00292905,2025,9,0.0045,-0.0001,-0.0259,-0.0348
PK00292905,2026,18,0.0208,0.0125,0.0335,-0.0002
PK00292916,2018,3,-0.1306,-0.1367,-0.0296,-0.1301
PK00292916,2019,9,0.0000,-0.0376,0.0140,0.0265
PK00292916,2020,3,-0.0309,0.0052,-0.0177,-0.0206
PK00292916,2021,2,0.0497,-0.0929,0.0274,0.0616
PK00292916,2022,7,-0.0698,-0.1028,-0.0506,-0.0598
PK00292916,2023,1,-0.0402,0.0000,-0.0122,-0.0017
PK00292916,2024,7,0.0102,0.0124,0.0000,0.0000
PK00292916,2025,9,-0.0250,-0.0510,-0.0334,-0.0308
PK00292916,2026,18,0.0219,-0.0567,-0.0299,-0.0273
PK00292929,2018,2,-0.2923,-0.1122,-0.1186,-0.2690
PK00292929,2019,5,-0.0110,-0.0140,-0.0043,-0.0039
PK00292929,2020,3,-0.1161,-0.0551,-0.1027,-0.1065
PK00292929,2021,2,0.1067,0.0140,0.0717,0.1183
PK00292929,2022,8,0.0354,0.0129,-0.0071,0.0168
PK00292929,2024,6,0.0110,0.0296,0.0043,0.0039
PK00292929,2025,7,0.0359,0.0289,0.0313,0.0442
PK00292929,2026,16,-0.0117,-0.0023,-0.0323,0.0079
PK00292930,2018,1,0.0040,-0.0229,0.0432,-0.0131
PK00292930,2019,4,-0.0079,0.0091,0.0045,-0.0064
PK00292930,2020,2,-0.0580,-0.0091,-0.0359,-0.0572
PK00292930,2021,2,0.0754,-0.0209,0.0378,0.0688
PK00292930,2022,8,0.0288,0.0492,0.0130,0.0103
PK00292930,2024,6,0.0079,0.0197,-0.0045,0.0064
PK00292930,2025,6,0.0210,0.0168,0.0064,0.0127
PK00292930,2026,16,-0.0274,-0.0278,-0.0527,-0.0193
PK00292933,2018,3,-0.2044,-0.1532,-0.1160,-0.1668
PK00292933,2019,5,0.0336,-0.0320,0.0174,-0.0187
PK00292933,2020,3,-0.2346,-0.1442,-0.1690,-0.2005
PK00292933,2021,2,0.1587,0.0812,0.1632,0.1375
PK00292933,2022,8,0.0101,0.0371,0.0274,0.0041
PK00292933,2024,6,-0.0336,0.0320,-0.0174,0.0187
PK00292933,2025,7,0.0268,0.0855,0.1044,0.0333
PK00292933,2026,16,-0.0056,0.0049,-0.0339,0.0251
PK00292937,2018,2,-0.3632,-0.1854,-0.2210,-0.3118
PK00292937,2019,5,0.0131,-0.0189,-0.0021,0.0001
PK00292937,2020,3,-0.1807,-0.0774,-0.1124,-0.1536
PK00292937,2021,2,0.1415,0.0196,0.0844,0.1328
PK00292937,2022,8,0.0147,-0.0067,-0.0003,0.0155
PK00292937,2024,6,-0.0131,0.0189,0.0021,-0.0001
PK00292937,2025,7,0.0274,0.0302,0.0468,0.0323
PK00292937,2026,16,-0.0100,-0.0003,-0.0200,0.0114
PK00301933,2018,4,0.0124,-0.0418,0.0524,0.0376
PK00301933,2019,5,-0.0114,-0.0023,0.0000,-0.0014
PK00301933,2020,3,0.0000,0.0000,-0.0234,0.0000
PK00301933,2021,4,-0.0019,-0.0149,-0.0358,-0.0065
PK00301933,2022,9,0.0654,0.0442,0.0381,0.0451
PK00301933,2023,2,0.0619,0.1012,0.0381,0.0394
PK00301933,2024,6,0.1209,0.0557,0.0871,0.1022
PK00301933,2025,8,0.1393,0.0662,0.1044,0.1126
PK00301933,2026,15,0.1157,0.1005,0.1051,0.1002
PK00301972,2018,1,-0.0981,-0.0024,-0.0362,-0.0705
PK00301972,2019,5,0.0000,-0.0124,-0.0474,0.0000
PK00301972,2020,3,-0.0874,0.0000,0.0000,-0.0495
PK00301972,2021,3,0.1175,0.0903,0.0748,0.0918
PK00301972,2022,8,0.0126,0.0958,0.0361,0.0243
PK00301972,2023,2,-0.1899,-0.0269,-0.1066,-0.1223
PK00301972,2024,4,0.0814,0.1505,0.0620,0.0713
PK00301972,2025,7,0.0340,0.1243,0.0178,0.0334
PK00301972,2026,15,-0.1383,-0.0520,-0.2160,-0.0995
PK00301973,2018,1,0.0295,-0.0463,0.0043,0.0065
PK00301973,2019,5,0.0000,-0.0018,-0.0084,0.0000
PK00301973,2020,3,-0.0488,0.0000,0.0000,-0.0333
PK00301973,2021,3,0.1963,0.0342,0.1044,0.1623
PK00301973,2022,8,0.0897,0.0336,0.0546,0.0853
PK00301973,2023,2,-0.1212,-0.0459,-0.0301,-0.0743
PK00301973,2024,4,0.0400,0.0458,0.0475,0.0476
PK00301973,2025,7,0.0528,0.0495,0.0688,0.0551
PK00301973,2026,14,-0.0373,-0.0713,-0.0746,-0.0200
PK00301974,2018,1,0.0284,-0.0414,-0.0332,0.0037
PK00301974,2019,5,0.0000,-0.0486,-0.0511,0.0000
PK00301974,2020,3,-0.0252,0.0000,0.0000,-0.0119
PK00301974,2021,3,0.1615,0.0458,0.0987,0.1471
PK00301974,2022,8,0.0794,0.0392,0.0289,0.0698
PK00301974,2023,2,-0.0921,-0.0197,-0.0285,-0.0812
PK00301974,2024,4,0.0992,0.0822,0.0746,0.0587
PK00301974,2025,7,0.0774,0.0545,0.0304,0.0612
PK00301974,2026,14,-0.0361,-0.0401,-0.0965,-0.0264
PK00302182,2018,4,0.0523,-0.0013,0.0312,0.0085
PK00302182,2019,8,0.0036,0.0221,0.0191,0.0558
PK00302182,2020,4,-0.1443,-0.1062,-0.1421,-0.1396
PK00302182,2021,2,0.0346,0.0020,0.0187,0.1071
PK00302182,2022,8,0.0259,0.0018,-0.0223,0.0157
PK00302182,2023,1,-0.2873,-0.1496,-0.2056,-0.1396
PK00302182,2024,7,0.0000,0.0000,0.0000,0.0000
PK00302182,2025,7,0.0578,0.0466,-0.0021,0.0612
PK00302182,2026,17,0.0622,0.0171,0.0312,0.0303
PK00302751,2018,3,0.0525,-0.0136,-0.0053,-0.0017
PK00302751,2019,7,0.0000,-0.0353,-0.0492,-0.0061
PK00302751,2020,2,-0.0252,-0.0185,-0.0214,-0.0270
PK00302751,2021,2,0.1240,0.0000,0.1060,0.0998
PK00302751,2022,9,0.0202,0.0014,-0.0160,0.0097
PK00302751,2023,2,0.0272,0.0309,0.0168,0.0134
PK00302751,2024,7,-0.0116,0.0122,0.0000,0.0000
PK00302751,2025,8,0.0573,0.0254,-0.0508,0.0328
PK00302751,2026,16,0.0175,-0.0332,-0.0504,0.0102
PK00500338,2018,3,-0.0143,-0.0622,0.0230,-0.0276
PK00500338,2019,7,-0.0005,0.0431,0.0115,0.0060
PK00500338,2020,4,-0.0777,-0.0287,-0.0225,-0.0687
PK00500338,2021,3,0.0670,-0.0098,0.0256,0.0578
PK00500338,2022,7,-0.0169,-0.0110,-0.0029,-0.0124
PK00500338,2024,7,0.0005,0.0098,-0.0115,-0.0060
PK00500338,2025,8,0.0122,0.0574,0.0414,0.0076
PK00500338,2026,18,-0.0022,0.0121,0.0218,-0.0129
PK00500418,2018,9,0.0078,-0.0319,0.0097,-0.0042
PK00500418,2019,8,0.0003,0.0004,0.0116,0.0066
PK00500418,2020,5,-0.0003,-0.0169,-0.0116,-0.0066
PK00500418,2021,3,0.0895,0.0058,0.0674,0.0763
PK00500418,2022,8,-0.0037,-0.0145,-0.0141,-0.0089
PK00500418,2024,4,-0.0097,-0.0004,-0.0438,-0.0184
PK00500418,2025,6,0.0195,-0.0276,-0.0056,-0.0020
PK00500418,2026,16,0.0144,-0.0208,-0.0199,-0.0055
PK00500631,2018,4,-0.2568,-0.1294,-0.0906,-0.2079
PK00500631,2019,8,0.0000,0.0146,0.0083,0.0101
PK00500631,2020,2,0.0221,-0.0176,-0.0036,-0.0047
PK00500631,2021,3,0.1226,-0.0304,0.0160,0.0803
PK00500631,2022,6,0.0514,-0.1047,-0.0516,-0.0164
PK00500631,2023,1,-0.0159,0.0170,0.0000,0.0000
PK00500631,2024,5,-0.0619,0.0000,-0.0022,-0.0395
PK00500631,2025,6,0.0244,-0.1140,-0.0628,-0.0128
PK00500631,2026,18,-0.0144,-0.1282,-0.1139,-0.0450
PK00501780,2018,5,0.0282,-0.0153,-0.0009,0.0157
PK00501780,2019,7,0.0314,0.0102,-0.0045,0.0123
PK00501780,2020,3,0.0000,-0.0263,0.0083,0.0000
PK00501780,2021,3,0.0629,-0.0177,0.0077,0.0604
PK00501780,2022,8,-0.0321,-0.0172,-0.0518,-0.0244
PK00501780,2023,2,-0.0269,0.0101,0.0000,-0.0015
PK00501780,2024,7,-0.0307,0.0000,-0.0455,-0.0043
PK00501780,2025,5,0.0314,0.0190,0.0035,0.0158
PK00501780,2026,18,0.0244,0.0240,0.0015,0.0210
PK00501856,2018,4,-0.0378,-0.0546,-0.0419,-0.0406
PK00501856,2019,7,-0.0082,0.0168,0.0054,-0.0054
PK00501856,2020,2,0.0020,0.0080,-0.0027,0.0054
PK00501856,2021,3,0.0439,-0.0080,0.0027,0.0394
PK00501856,2022,8,-0.0041,-0.0207,-0.0064,-0.0053
PK00501856,2024,5,-0.0020,-0.0259,-0.0301,-0.0499
PK00501856,2025,8,-0.0074,-0.0181,-0.0221,-0.0155
PK00501856,2026,15,-0.0025,-0.0115,-0.0226,-0.0085
PK00501857,2018,4,-0.0163,-0.0193,0.0293,-0.0185
PK00501857,2019,7,0.0031,0.0059,0.0242,0.0101
PK00501857,2020,2,-0.0145,0.0137,0.0044,0.0010
PK00501857,2021,3,-0.0031,-0.0431,-0.0044,-0.0010
PK00501857,2022,8,-0.0215,-0.0162,-0.0028,-0.0075
PK00501857,2024,5,0.0074,-0.0059,-0.0148,-0.0205
PK00501857,2025,8,-0.0155,-0.0007,-0.0234,-0.0238
PK00501857,2026,15,-0.0184,-0.0276,-0.0167,-0.0295
PK00501858,2018,4,-0.0269,-0.0536,-0.0145,-0.0277
PK00501858,2019,7,-0.0037,0.0044,0.0293,0.0071
PK00501858,2020,2,-0.0198,0.0002,-0.0074,-0.0045
PK00501858,2021,4,0.0037,-0.0510,0.0074,0.0045
PK00501858,2022,8,-0.0146,-0.0145,-0.0091,-0.0097
PK00501858,2024,5,0.0043,-0.0002,-0.0168,-0.0495
PK00501858,2025,8,0.0039,-0.0048,-0.0071,-0.0092
PK00501858,2026,15,0.0125,-0.0030,-0.0171,-0.0053
PK00501859,2018,4,-0.0194,-0.0863,-0.0408,-0.0461
PK00501859,2019,7,-0.0050,0.0154,0.0189,-0.0041
PK00501859,2020,2,-0.0141,0.0194,0.0024,-0.0076
PK00501859,2021,4,0.0050,-0.0154,-0.0094,0.0041
PK00501859,2022,8,-0.0086,-0.0369,-0.0061,-0.0193
PK00501859,2024,5,0.0268,-0.0163,-0.0024,0.0048
PK00501859,2025,8,0.0233,-0.0417,-0.0197,-0.0119
PK00501859,2026,15,0.0162,-0.0198,-0.0340,-0.0162
PK28048,2018,6,-0.0385,-0.0194,-0.0350,-0.0488
PK28048,2019,7,0.0000,-0.0030,0.0054,0.0000
PK28048,2020,3,-0.0109,0.0356,0.0098,-0.0002
PK28048,2021,3,0.0977,0.0000,0.0000,0.0354
PK28048,2022,7,0.0167,0.0036,-0.0152,-0.0131
PK28048,2023,1,0.0105,-0.0294,-0.0199,0.0018
PK28048,2024,5,-0.0142,0.0092,-0.0351,-0.0126
PK28048,2025,6,-0.0314,-0.0297,-0.0667,-0.0394
PK28048,2026,15,-0.0201,-0.0273,-0.0506,-0.0307
PK28102,2018,3,-0.0600,0.0170,-0.0845,-0.0857
PK28102,2019,7,-0.0296,-0.0090,-0.0706,-0.0161
PK28102,2020,3,0.0000,0.0292,0.0204,0.0000
PK28102,2021,2,0.0978,0.0000,0.0000,0.0620
PK28102,2022,7,-0.0579,-0.1002,-0.1828,-0.0578
PK28102,2023,1,-0.0790,-0.0266,-0.0518,-0.0625
PK28102,2024,6,0.0040,0.0125,0.0091,0.0115
PK28102,2025,7,-0.0075,-0.0666,-0.0442,-0.0299
PK28102,2026,17,-0.0357,-0.0026,-0.0524,-0.0428
PK28103,2018,3,-0.0433,-0.0230,-0.0627,-0.0793
PK28103,2019,7,0.0000,-0.0215,-0.0479,-0.0102
PK28103,2020,3,0.0072,0.0396,0.0000,0.0000
PK28103,2021,2,0.0876,0.0000,0.0150,0.0673
PK28103,2022,7,-0.0276,-0.0507,-0.0889,-0.0486
PK28103,2023,1,-0.0502,-0.0113,-0.0208,-0.0458
PK28103,2024,6,-0.0040,0.0101,0.0057,0.0006
PK28103,2025,7,0.0101,-0.0138,-0.0245,-0.0167
PK28103,2026,17,-0.0342,-0.0140,-0.0451,-0.0388
PK28107,2018,3,-0.0633,-0.0949,0.0252,-0.0736
PK28107,2019,7,0.0000,-0.0224,-0.0310,-0.0120
PK28107,2020,3,0.0066,0.0000,0.0000,0.0034
PK28107,2021,2,0.1275,0.0221,0.1004,0.1136
PK28107,2022,7,-0.0469,-0.0163,-0.0125,-0.0296
PK28107,2023,1,-0.0550,0.0228,0.0072,-0.0325
PK28107,2024,6,-0.0233,-0.0050,-0.0138,0.0000
PK28107,2025,7,-0.0036,0.0281,-0.0027,-0.0150
PK28107,2026,17,0.0028,-0.0051,-0.0160,0.0159
PK28233,2018,3,0.0308,-0.0456,-0.0121,-0.0036
PK28233,2019,5,0.0317,-0.0378,0.0000,0.0218
PK28233,2020,2,-0.0325,0.0000,-0.0281,-0.0406
PK28233,2021,2,0.1190,0.0187,0.0806,0.1175
PK28233,2022,9,0.0141,0.0067,-0.0229,0.0046
PK28233,2023,1,0.0000,0.0373,0.0485,0.0000
PK28233,2024,6,-0.0237,-0.0232,-0.0543,-0.0551
PK28233,2025,7,0.0602,0.0363,0.0126,0.0066
PK28233,2026,17,0.0127,0.0316,-0.0163,0.0035
PK28236,2018,3,-0.0596,-0.0783,-0.0220,-0.0966
PK28236,2019,8,0.0390,0.0669,0.0000,0.0136
PK28236,2020,2,-0.1681,-0.0133,-0.0383,-0.1299
PK28236,2021,2,0.1715,0.0599,0.0711,0.0906
PK28236,2022,10,0.0061,0.0074,0.0165,-0.0273
PK28236,2023,1,-0.0682,-0.0064,-0.0185,-0.0353
PK28236,2024,6,0.0000,0.0000,0.0106,0.0000
PK28236,2025,8,0.0299,0.0373,0.0362,-0.0186
PK28236,2026,16,0.0390,0.0440,0.0074,-0.0217
PK28270,2018,5,-0.0688,-0.0462,-0.0300,-0.0680
PK28270,2019,6,0.0000,-0.0064,0.0000,0.0000
PK28270,2020,3,-0.0105,0.0000,-0.0085,-0.0094
PK28270,2021,2,0.1272,0.0367,0.0668,0.1147
PK28270,2022,7,-0.1332,-0.0856,-0.0932,-0.1428
PK28270,2023,2,-0.2129,-0.0271,-0.0621,-0.1680
PK28270,2024,6,0.0422,0.1085,0.0359,0.0326
PK28270,2025,7,0.0301,0.0376,-0.0031,0.0113
PK28270,2026,16,0.0199,0.0343,-0.0280,0.0023
PK28320,2018,5,-0.1967,-0.2152,-0.1296,-0.2170
PK28320,2019,8,0.0000,0.0170,0.0431,0.0091
PK28320,2020,2,-0.0517,-0.0139,0.0000,-0.0522
PK28320,2021,3,0.0256,0.0000,0.0155,0.0000
PK28320,2022,6,-0.0875,-0.1362,-0.0529,-0.1136
PK28320,2023,1,0.0047,0.0136,-0.0210,0.0146
PK28320,2024,6,-0.0558,-0.0583,-0.0503,-0.0503
PK28320,2025,6,-0.0369,-0.1194,-0.0643,-0.0717
PK28320,2026,17,-0.0709,-0.1244,-0.0834,-0.1153
PK28324,2018,5,-0.2603,-0.2473,-0.2215,-0.2830
PK28324,2019,8,0.0292,0.0664,0.0000,0.0291
PK28324,2020,2,-0.0240,-0.0514,-0.0464,-0.0356
PK28324,2021,3,0.0000,-0.0140,0.0276,0.0000
PK28324,2022,6,-0.0387,-0.2627,-0.1944,-0.1305
PK28324,2023,1,0.0581,0.1334,0.1252,0.0691
PK28324,2024,6,-0.0214,0.0000,-0.0419,-0.0171
PK28324,2025,6,-0.0451,-0.1969,-0.1271,-0.1229
PK28324,2026,17,-0.0610,-0.1519,-0.1571,-0.1548
PK28327,2018,5,-0.0453,-0.2211,-0.0855,-0.0942
PK28327,2019,8,0.0000,0.0000,0.0037,0.0000
PK28327,2020,2,-0.0427,-0.0448,-0.0204,-0.0594
PK28327,2021,4,0.0176,0.0010,0.0241,0.0006
PK28327,2022,6,-0.0088,-0.1459,-0.0964,-0.0557
PK28327,2023,1,-0.0417,0.0039,-0.0017,-0.0181
PK28327,2024,6,0.0111,-0.0119,0.0000,0.0024
PK28327,2025,6,-0.0158,-0.1093,-0.0344,-0.0664
PK28327,2026,17,-0.0549,-0.0935,-0.0769,-0.0957
PK28328,2018,5,-0.0598,-0.2147,-0.0794,-0.1362
PK28328,2019,8,0.0019,0.0079,0.0009,0.0032
PK28328,2020,2,-0.0264,-0.0266,-0.0249,-0.0461
PK28328,2021,4,0.0000,0.0092,0.0181,0.0000
PK28328,2022,6,0.0483,-0.1184,-0.0923,-0.0418
PK28328,2023,1,-0.0253,-0.0023,-0.0301,-0.0047
PK28328,2024,6,0.0346,0.0000,0.0000,0.0075
PK28328,2025,6,0.0859,-0.0866,-0.0217,-0.0202
PK28328,2026,17,0.0450,-0.0700,-0.0653,-0.0339
PK28397,2018,3,-0.1024,-0.1595,-0.1081,-0.1418
PK28397,2019,7,0.0334,0.0021,0.0000,0.0283
PK28397,2020,3,-0.0376,-0.0319,-0.0245,-0.0406
PK28397,2021,2,0.0855,0.0000,0.0451,0.0829
PK28397,2022,8,-0.0409,-0.1069,-0.0187,-0.0647
PK28397,2023,1,0.0000,0.0307,0.0187,-0.0222
PK28397,2024,6,-0.0024,-0.0272,-0.0150,0.0000
PK28397,2025,9,-0.0150,-0.1116,-0.0350,-0.0406
PK28397,2026,18,-0.0030,-0.0926,-0.0588,-0.0686
PK28401,2018,3,0.0886,-0.0276,0.0732,0.0106
PK28401,2019,7,0.0268,0.0279,0.0475,0.0211
PK28401,2020,3,-0.0379,0.0042,0.0000,-0.0220
PK28401,2021,2,0.1272,-0.0019,0.0801,0.0911
PK28401,2022,8,0.0497,0.0053,0.0193,-0.0152
PK28401,2023,1,-0.0241,-0.0048,-0.0098,-0.0188
PK28401,2024,6,0.0000,0.0000,-0.0163,0.0000
PK28401,2025,9,0.0634,0.0288,0.0350,0.0122
PK28401,2026,18,0.0080,-0.0159,-0.0390,-0.0451
PK28482,2018,4,-0.0921,-0.0868,-0.0917,-0.1118
PK28482,2019,7,0.0284,-0.0030,-0.0058,0.0016
PK28482,2020,3,-0.0170,0.0030,0.0058,-0.0016
PK28482,2021,4,0.0170,0.0053,0.0275,0.0150
PK28482,2022,9,-0.0691,-0.0128,-0.0090,-0.0569
PK28482,2024,7,-0.1098,-0.0606,-0.1212,-0.0940
PK28482,2025,7,-0.1563,-0.0552,-0.0875,-0.1224
PK28482,2026,14,-0.2009,-0.0958,-0.1410,-0.1833
PK28787,2018,1,-0.2195,-0.0145,-0.0142,-0.1668
PK28787,2019,7,0.0000,0.0000,0.0336,0.0000
PK28787,2020,2,-0.0679,0.0090,-0.0350,-0.0596
PK28787,2021,3,0.0502,-0.0377,-0.0028,0.0406
PK28787,2022,8,-0.1794,-0.0369,-0.0763,-0.1483
PK28787,2023,1,0.0206,0.0340,0.0984,0.0233
PK28787,2024,7,-0.0406,-0.0061,0.0000,-0.0296
PK28787,2025,7,-0.0406,-0.0525,-0.0452,-0.0536
PK28787,2026,15,-0.0253,-0.0609,-0.0175,-0.0268
PK29180,2018,4,-0.1220,-0.1652,-0.0954,-0.1253
PK29180,2019,8,0.0148,-0.0150,0.0000,0.0131
PK29180,2020,4,-0.0166,0.0000,-0.0021,-0.0181
PK29180,2021,3,0.0716,0.0285,0.0576,0.0694
PK29180,2022,9,-0.0174,-0.0974,-0.0171,-0.0246
PK29180,2023,1,0.0000,0.0526,0.0601,0.0000
PK29180,2024,7,-0.0247,-0.0864,-0.0064,-0.0300
PK29180,2025,9,-0.0324,-0.1257,-0.0557,-0.0386
PK29180,2026,14,-0.0627,-0.1539,-0.1051,-0.0704
PK29181,2018,4,-0.0599,-0.1776,-0.1032,-0.0921
PK29181,2019,8,0.0083,-0.0172,0.0000,0.0128
PK29181,2020,4,-0.0088,0.0000,-0.0009,-0.0136
PK29181,2021,3,0.0522,0.0193,0.0592,0.0535
PK29181,2022,9,0.0233,-0.0928,-0.0180,-0.0096
PK29181,2023,1,-0.0124,0.0584,0.0620,0.0000
PK29181,2024,7,0.0000,-0.0879,-0.0062,-0.0156
PK29181,2025,9,0.0109,-0.1322,-0.0533,-0.0310
PK29181,2026,14,-0.0371,-0.1540,-0.1057,-0.0867
PK29184,2018,4,-0.1587,-0.1609,-0.1998,-0.1594
PK29184,2019,8,0.0000,0.0051,-0.0098,0.0084
PK29184,2020,4,-0.0124,-0.0147,0.0288,-0.0097
PK29184,2021,4,0.1007,0.0000,0.0000,0.0484
PK29184,2022,9,-0.0083,-0.1009,-0.0430,-0.0455
PK29184,2023,1,0.0122,0.0415,0.0789,0.0000
PK29184,2024,7,-0.0464,-0.0791,-0.0643,-0.0760
PK29184,2025,9,0.0221,-0.0555,-0.0306,-0.0331
PK29184,2026,15,0.0217,-0.1212,-0.0678,-0.0562
PK29187,2018,4,-0.1604,-0.1512,-0.2478,-0.1589
PK29187,2019,8,0.0098,-0.0085,-0.0312,0.0000
PK29187,2020,4,-0.0466,0.0000,0.0000,-0.0184
PK29187,2021,4,0.0811,0.0223,0.0684,0.0707
PK29187,2022,9,-0.0413,-0.0832,-0.0622,-0.0528
PK29187,2023,1,0.0000,0.0622,0.0196,0.0126
PK29187,2024,7,-0.0566,-0.1424,-0.1580,-0.0539
PK29187,2025,9,-0.0102,-0.0497,-0.0178,-0.0365
PK29187,2026,15,-0.1182,-0.1669,-0.1681,-0.1387
PK29340,2018,8,-0.1738,-0.0740,-0.1081,-0.1587
PK29340,2019,9,-0.0135,0.0248,-0.0236,0.0000
PK29340,2020,4,-0.0623,0.0444,-0.0242,-0.0079
PK29340,2021,2,0.0111,-0.0472,0.0184,0.0150
PK29340,2022,9,-0.0036,-0.0205,-0.0188,-0.0288
PK29340,2023,1,0.0239,0.0000,0.0071,0.0364
PK29340,2024,5,0.0000,-0.0324,0.0000,-0.0110
PK29340,2025,8,0.0298,-0.0261,-0.0375,-0.0327
PK29340,2026,16,0.0017,-0.0431,-0.0307,-0.0464
PK29352,2018,8,-0.1641,-0.1069,-0.1146,-0.1686
PK29352,2019,9,0.0000,0.0089,0.0019,0.0000
PK29352,2020,3,-0.0068,0.0737,0.0309,0.0147
PK29352,2021,2,0.0086,-0.0295,0.0000,0.0004
PK29352,2022,9,-0.0150,-0.0426,-0.0164,-0.0429
PK29352,2023,1,0.0218,-0.0125,-0.0016,-0.0054
PK29352,2024,4,-0.0104,0.0000,-0.0149,-0.0230
PK29352,2025,8,-0.0132,-0.0555,-0.0495,-0.0393
PK29352,2026,16,-0.0118,-0.0140,-0.0278,-0.0325
PK29396,2018,6,-0.0672,-0.0909,-0.0732,-0.0976
PK29396,2019,9,-0.0166,0.0000,0.0000,-0.0285
PK29396,2020,3,-0.0233,0.0628,-0.0060,-0.0292
PK29396,2021,2,0.0554,-0.0260,0.0250,0.0575
PK29396,2022,8,-0.0236,-0.0016,-0.0013,-0.0305
PK29396,2023,1,0.0231,0.0647,0.0564,0.0505
PK29396,2024,5,0.0000,-0.0022,-0.0042,0.0000
PK29396,2025,7,-0.0209,-0.0047,-0.0434,-0.0332
PK29396,2026,16,-0.0386,-0.0403,-0.0469,-0.0694
PK29519,2018,3,-0.2608,-0.1615,-0.1423,-0.2447
PK29519,2019,7,0.0259,0.0320,0.0086,0.0318
PK29519,2020,4,-0.0259,0.0367,0.0067,-0.0175
PK29519,2021,3,0.0364,-0.0551,-0.0067,0.0175
PK29519,2022,8,-0.0662,-0.1036,-0.0743,-0.0734
PK29519,2024,7,-0.0499,-0.0320,-0.0600,-0.0324
PK29519,2025,8,-0.0508,-0.0867,-0.0815,-0.0582
PK29519,2026,16,-0.0200,-0.0575,-0.0615,-0.0266
PK29522,2018,4,-0.2769,-0.1325,-0.1673,-0.2558
PK29522,2019,7,0.0218,-0.0011,-0.0125,0.0193
PK29522,2020,4,-0.0218,0.0173,-0.0037,-0.0193
PK29522,2021,3,0.0651,-0.0047,0.0037,0.0637
PK29522,2022,8,-0.0146,-0.0627,-0.0359,-0.0118
PK29522,2024,7,-0.0219,0.0011,0.0103,-0.0201
PK29522,2025,8,-0.0159,-0.1007,-0.0425,-0.0221
PK29522,2026,16,-0.0325,-0.0793,-0.0324,-0.0345
PK29560,2018,3,-0.1257,-0.0250,-0.1328,-0.1226
PK29560,2019,8,0.0073,0.0038,0.0022,0.0147
PK29560,2020,4,-0.0073,0.0069,0.0012,-0.0147
PK29560,2021,3,0.0861,-0.0038,-0.0012,0.0524
PK29560,2022,8,-0.0241,-0.0616,-0.0543,-0.0354
PK29560,2024,7,-0.0354,-0.0140,-0.0290,-0.0362
PK29560,2025,8,-0.0006,-0.0179,-0.0252,-0.0192
PK29560,2026,16,-0.0161,-0.0151,-0.0357,-0.0186
PK29606,2018,5,-0.1019,-0.0918,-0.0468,-0.0736
PK29606,2019,10,0.0145,0.0099,0.0398,0.0281
PK29606,2020,3,-0.0382,0.0000,0.0000,-0.0075
PK29606,2021,2,0.0068,-0.1434,-0.0543,0.0000
PK29606,2022,9,-0.0108,-0.0632,0.0055,-0.0129
PK29606,2023,1,0.0000,0.0277,0.0326,0.0228
PK29606,2024,7,-0.0964,-0.0647,-0.0240,-0.0607
PK29606,2025,8,-0.0396,-0.0344,0.0291,-0.0306
PK29606,2026,14,-0.0345,-0.0398,-0.0355,-0.0331
PK29610,2018,5,-0.0306,-0.1103,-0.0701,-0.0543
PK29610,2019,9,0.0529,0.0000,-0.0424,0.0468
PK29610,2020,3,-0.0166,0.0140,0.0095,-0.0233
PK29610,2021,2,0.1077,-0.0947,0.0000,0.0000
PK29610,2022,9,0.0080,-0.0625,-0.0844,-0.0358
PK29610,2023,1,0.0000,0.0130,0.0592,0.0484
PK29610,2024,7,-0.0240,-0.1144,-0.1191,-0.0287
PK29610,2025,8,0.0694,-0.0946,-0.0841,-0.0338
PK29610,2026,14,0.0342,-0.1024,-0.1083,-0.0558
PK29825,2018,3,-0.2128,-0.1509,-0.1044,-0.2189
PK29825,2019,5,0.0070,0.0000,0.0359,0.0051
PK29825,2020,4,-0.0334,-0.0493,-0.0244,-0.0350
PK29825,2021,4,0.0474,0.0141,0.0399,0.0455
PK29825,2022,8,-0.0221,-0.1302,-0.0175,-0.0569
PK29825,2023,2,0.0000,0.0188,0.0000,0.0000
PK29825,2024,5,-0.0341,-0.1331,-0.0593,-0.0341
PK29825,2025,8,-0.0286,-0.0639,-0.0150,-0.0727
PK29825,2026,14,-0.0896,-0.1431,-0.0784,-0.1228
PK29831,2018,2,-0.0152,-0.0892,-0.0680,-0.0147
PK29831,2019,5,0.0202,-0.0219,-0.0178,0.0198
PK29831,2020,4,0.0000,0.0009,0.0016,0.0000
PK29831,2021,4,0.0350,-0.0225,-0.0219,0.0351
PK29831,2022,8,-0.0108,-0.0578,-0.0401,-0.0102
PK29831,2023,2,-0.0009,0.0031,0.0000,-0.0007
PK29831,2024,5,-0.0128,0.0000,0.0151,-0.0132
PK29831,2025,8,0.0027,-0.0523,-0.0272,0.0029
PK29831,2026,14,-0.0237,-0.0623,-0.0550,-0.0239
PK29832,2018,2,-0.0301,-0.0209,0.0123,-0.0176
PK29832,2019,5,0.0000,-0.0085,0.0000,0.0000
PK29832,2020,4,-0.0178,0.0000,-0.0049,-0.0111
PK29832,2021,4,0.0231,0.0239,0.0360,0.0267
PK29832,2022,8,-0.0240,0.0074,0.0140,-0.0163
PK29832,2023,2,0.0029,0.0128,0.0454,0.0082
PK29832,2024,5,-0.0360,-0.0122,-0.0207,-0.0327
PK29832,2025,8,-0.0036,-0.0105,0.0036,0.0024
PK29832,2026,14,-0.0309,-0.0550,-0.0365,-0.0269
PK29833,2018,2,-0.0545,-0.1186,-0.1202,-0.1093
PK29833,2019,5,0.0117,-0.0143,-0.0057,0.0000
PK29833,2020,4,-0.0296,0.0000,0.0029,-0.0216
PK29833,2021,4,0.0458,0.0164,0.0000,0.0335
PK29833,2022,8,-0.0058,-0.0321,-0.0307,-0.0369
PK29833,2023,2,-0.0082,0.0299,0.0124,-0.0059
PK29833,2024,5,0.0000,-0.0375,-0.0093,0.0038
PK29833,2025,8,0.0019,-0.0467,-0.0537,-0.0368
PK29833,2026,14,-0.0309,-0.0699,-0.0767,-0.0635
PK29841,2018,2,-0.1042,-0.0498,-0.0608,-0.0886
PK29841,2019,5,0.0000,0.0043,0.0208,0.0132
PK29841,2020,3,0.0001,-0.0301,-0.0116,-0.0192
PK29841,2021,4,0.0445,0.0000,0.0000,0.0231
PK29841,2022,8,-0.0404,0.0398,-0.0272,-0.0326
PK29841,2023,2,-0.0221,0.0665,0.0377,0.0000
PK29841,2024,5,-0.0212,-0.0661,-0.1372,-0.0377
PK29841,2025,8,-0.0071,0.0216,-0.0284,-0.0096
PK29841,2026,14,-0.0479,-0.0450,-0.0693,-0.0476
PK29881,2018,3,-0.0553,-0.0926,-0.1185,-0.2134
PK29881,2019,5,0.0069,0.0352,0.0416,-0.0023
PK29881,2020,4,0.0000,-0.0178,-0.0037,0.0000
PK29881,2021,4,0.0290,0.0212,0.0239,0.0302
PK29881,2022,9,-0.0012,-0.0194,0.0113,-0.0412
PK29881,2023,2,-0.1200,0.0000,-0.0068,-0.0909
PK29881,2024,5,-0.0005,-0.0146,0.0000,0.0027
PK29881,2025,8,0.0119,-0.0189,-0.0151,-0.0425
PK29881,2026,15,-0.0298,-0.0349,-0.0366,-0.0848
PK29934,2018,3,-0.1402,-0.0918,-0.0740,-0.2133
PK29934,2019,4,0.0568,0.0198,0.0276,0.0244
PK29934,2020,5,-0.0192,0.0037,-0.0564,-0.0081
PK29934,2021,4,0.0501,0.0000,0.0000,0.0415
PK29934,2022,8,-0.0277,-0.1207,-0.0839,-0.1055
PK29934,2023,2,-0.1964,-0.1016,-0.2199,-0.1578
PK29934,2024,5,0.0000,-0.0083,0.0135,0.0000
PK29934,2025,8,0.0563,-0.0432,-0.0081,-0.0482
PK29934,2026,15,0.0359,-0.0707,-0.0476,-0.0808
PK29941,2018,4,-0.0113,-0.1215,-0.0742,-0.0756
PK29941,2019,9,0.0000,0.0292,0.0158,0.0000
PK29941,2020,2,-0.0980,-0.0243,-0.0507,-0.1057
PK29941,2021,3,0.0473,0.0359,0.0222,0.0440
PK29941,2022,7,-0.0263,-0.1273,-0.1153,-0.0861
PK29941,2023,1,0.0035,0.0000,0.0000,0.0062
PK29941,2024,6,-0.0302,-0.0006,-0.0329,-0.0382
PK29941,2025,6,0.0011,-0.0713,-0.0585,-0.0532
PK29941,2026,18,-0.0061,-0.0477,-0.0588,-0.0528
PK29942,2018,4,-0.0246,-0.0538,-0.0060,-0.0594
PK29942,2019,9,0.0000,0.0136,0.0000,0.0000
PK29942,2020,1,-0.1692,-0.0996,-0.0951,-0.1674
PK29942,2021,3,0.0337,0.0000,0.0007,0.0376
PK29942,2022,7,-0.0147,-0.0456,-0.0486,-0.0398
PK29942,2023,1,0.0013,0.0099,0.0095,0.0036
PK29942,2024,6,-0.0286,-0.0141,-0.0144,-0.0264
PK29942,2025,6,0.0096,-0.0376,-0.0522,-0.0215
PK29942,2026,18,-0.0120,-0.0310,-0.0361,-0.0273
PK29943,2018,4,0.0322,-0.0506,-0.0094,-0.0562
PK29943,2019,9,0.0000,0.0092,0.0044,0.0000
PK29943,2020,2,-0.0901,-0.0342,-0.0614,-0.0667
PK29943,2021,3,0.0558,-0.0007,0.0028,0.0479
PK29943,2022,7,0.0176,-0.0115,-0.0526,-0.0439
PK29943,2023,1,0.0124,0.0000,0.0000,0.0118
PK29943,2024,6,-0.0266,0.0015,-0.0189,-0.0244
PK29943,2025,6,0.0627,-0.0247,-0.0494,-0.0171
PK29943,2026,18,0.0204,-0.0162,-0.0189,-0.0275
PK29945,2018,4,0.0018,-0.0884,-0.0247,-0.0652
PK29945,2019,9,0.0000,0.0204,0.0000,0.0000
PK29945,2020,1,-0.0593,-0.0047,-0.0547,-0.0914
PK29945,2021,3,0.0271,-0.0500,0.0228,0.0337
PK29945,2022,7,0.0175,-0.0395,-0.0381,-0.0434
PK29945,2023,1,0.0074,0.0000,0.0283,0.0087
PK29945,2024,6,-0.0109,0.0023,-0.0024,-0.0191
PK29945,2025,6,0.0371,-0.0155,-0.0157,-0.0153
PK29945,2026,18,0.0100,0.0025,-0.0141,-0.0189
PK29946,2018,4,-0.0228,-0.0977,-0.0166,-0.0936
PK29946,2019,9,0.0000,0.0185,-0.0048,0.0000
PK29946,2020,2,-0.2862,-0.0959,-0.1609,-0.2853
PK29946,2021,3,0.0291,-0.0695,0.0229,0.0336
PK29946,2022,7,0.0172,-0.0596,-0.0439,-0.0581
PK29946,2023,1,0.0023,0.0000,0.0324,0.0046
PK29946,2024,7,-0.0317,0.0069,0.0000,-0.0414
PK29946,2025,6,0.0437,-0.0225,-0.0174,-0.0271
PK29946,2026,18,0.0096,0.0035,-0.0153,-0.0275
PK29947,2018,4,-0.1174,-0.1144,-0.0503,-0.1451
PK29947,2019,9,0.0000,0.0000,-0.0087,0.0000
PK29947,2020,2,-0.2528,-0.1085,-0.1539,-0.2337
PK29947,2021,3,0.0545,-0.0226,0.0264,0.0465
PK29947,2022,7,-0.0546,-0.0852,-0.1139,-0.1031
PK29947,2023,1,0.0087,0.0700,0.0482,0.0108
PK29947,2024,7,-0.0534,0.0086,0.0000,-0.0520
PK29947,2025,6,-0.0327,-0.0664,-0.0551,-0.0763
PK29947,2026,18,-0.0262,-0.0251,-0.0300,-0.0642
PK29982,2018,6,0.0123,-0.0099,-0.0332,-0.0715
PK29982,2019,6,0.0144,0.0296,0.0043,0.0138
PK29982,2020,3,-0.0548,-0.0716,-0.0386,-0.0568
PK29982,2021,2,0.0568,0.0082,0.0516,0.0664
PK29982,2022,7,0.0340,0.0393,0.0046,-0.0298
PK29982,2023,1,-0.2185,-0.0347,-0.0815,-0.2761
PK29982,2024,6,0.0000,0.0000,0.0000,0.0000
PK29982,2025,5,0.0398,0.0146,0.0144,-0.0132
PK29982,2026,17,0.0455,0.0157,-0.0054,0.0028
PK29984,2018,5,-0.0178,-0.0797,-0.0483,-0.0550
PK29984,2019,9,0.0000,-0.0189,-0.0040,0.0000
PK29984,2020,3,-0.0425,-0.0680,-0.0354,-0.0484
PK29984,2021,3,0.0861,0.0000,0.0215,0.0697
PK29984,2022,6,-0.0308,-0.1253,-0.1258,-0.0718
PK29984,2023,1,0.0500,0.0452,0.0256,0.0567
PK29984,2024,7,-0.0034,0.0329,0.0000,-0.0005
PK29984,2025,5,0.0247,-0.1086,-0.0634,-0.0262
PK29984,2026,18,0.0202,-0.0446,-0.0349,-0.0170
PK29985,2018,5,-0.0700,-0.0842,-0.0679,-0.1229
PK29985,2019,9,-0.0302,-0.0386,-0.0545,-0.0403
PK29985,2020,3,-0.1227,-0.0997,-0.0727,-0.1292
PK29985,2021,3,0.0436,0.0000,0.0000,0.0172
PK29985,2022,6,-0.0443,-0.0904,-0.1076,-0.0865
PK29985,2023,1,0.0000,0.0102,0.0079,0.0000
PK29985,2024,5,0.0201,0.0120,0.0003,0.0127
PK29985,2025,5,0.0351,-0.0473,-0.0595,-0.0429
PK29985,2026,18,0.0131,-0.0452,-0.0505,-0.0360
PK29986,2018,5,-0.0792,-0.2057,-0.1591,-0.1244
PK29986,2019,9,0.0000,0.0000,0.0000,0.0000
PK29986,2020,4,-0.0582,-0.0144,-0.0263,-0.0581
PK29986,2021,3,0.0279,-0.0183,0.0357,0.0336
PK29986,2022,6,-0.0329,-0.1881,-0.1396,-0.1002
PK29986,2023,1,0.0329,0.0790,0.0804,0.0478
PK29986,2024,7,-0.0836,0.0194,-0.0288,-0.0780
PK29986,2025,5,-0.0251,-0.1562,-0.1261,-0.0980
PK29986,2026,18,-0.0693,-0.1062,-0.1418,-0.1195
PK30000,2018,6,-0.1835,-0.2623,-0.1598,-0.2238
PK30000,2019,9,0.0000,0.0074,0.0168,0.0000
PK30000,2020,4,-0.0685,-0.0717,-0.0341,-0.0735
PK30000,2021,3,0.0110,0.0000,0.0000,0.0018
PK30000,2022,7,-0.1171,-0.2450,-0.1448,-0.1632
PK30000,2023,1,0.0147,0.1183,0.0897,0.0238
PK30000,2024,6,-0.0251,-0.0195,-0.0015,-0.0251
PK30000,2025,7,-0.1155,-0.2577,-0.1641,-0.1582
PK30000,2026,18,-0.0984,-0.1690,-0.1226,-0.1399
PK30003,2018,5,-0.2054,-0.2785,-0.1542,-0.2864
PK30003,2019,9,0.0000,0.0000,0.0000,0.0000
PK30003,2020,4,-0.0584,-0.0296,-0.0222,-0.0732
PK30003,2021,3,0.0759,0.0044,-0.0145,0.0351
PK30003,2022,7,-0.1626,-0.2707,-0.1117,-0.2553
PK30003,2023,1,0.0522,0.0911,0.0985,0.0559
PK30003,2024,7,-0.0237,-0.0537,0.0019,-0.0710
PK30003,2025,6,-0.1134,-0.2573,-0.1663,-0.2332
PK30003,2026,17,-0.1280,-0.1963,-0.1231,-0.2260
PK30013,2018,6,-0.2028,-0.0514,-0.0641,-0.2404
PK30013,2019,9,0.0232,0.1112,0.0697,0.0119
PK30013,2020,3,0.0000,-0.0135,0.0000,0.0000
PK30013,2021,3,0.0648,0.0221,0.0694,0.0662
PK30013,2022,8,-0.0013,-0.0094,-0.0287,-0.0610
PK30013,2023,2,-0.1673,0.0000,-0.1130,-0.1774
PK30013,2024,6,-0.0304,-0.0577,-0.0104,-0.0393
PK30013,2025,7,0.0281,0.0423,0.0122,-0.0260
PK30013,2026,18,0.0126,0.0413,-0.0063,-0.0358
PK30014,2018,6,-0.2555,-0.1925,-0.2403,-0.2716
PK30014,2019,9,0.0000,0.0538,0.0071,0.0000
PK30014,2020,3,-0.0376,0.0000,-0.0335,-0.0300
PK30014,2021,3,0.0298,-0.0099,0.0000,0.0328
PK30014,2022,8,-0.0551,-0.1469,-0.1322,-0.0959
PK30014,2023,1,0.0210,0.0701,0.0226,0.0289
PK30014,2024,6,-0.0581,-0.0695,-0.0846,-0.0615
PK30014,2025,6,-0.0137,-0.0792,-0.0972,-0.0474
PK30014,2026,18,-0.0329,-0.0404,-0.0903,-0.0697
PK30015,2018,6,-0.3097,-0.1425,-0.1735,-0.3213
PK30015,2019,9,0.0000,0.0445,0.0000,0.0000
PK30015,2020,3,-0.0450,0.0000,-0.0391,-0.0371
PK30015,2021,3,0.0296,-0.0390,0.0227,0.0358
PK30015,2022,8,-0.0665,-0.0987,-0.0808,-0.1236
PK30015,2023,1,0.0025,0.0820,0.0485,0.0135
PK30015,2024,6,-0.0727,-0.0987,-0.0506,-0.0773
PK30015,2025,6,-0.0235,-0.0430,-0.0540,-0.0662
PK30015,2026,18,-0.0440,-0.0264,-0.0822,-0.0842
PK30017,2018,5,-0.4221,-0.2277,-0.2792,-0.4225
PK30017,2019,9,0.0065,0.0163,0.0000,0.0000
PK30017,2020,3,-0.0457,-0.0317,-0.0277,-0.0371
PK30017,2021,3,0.0415,0.0000,0.0285,0.0383
PK30017,2022,8,-0.0581,-0.2124,-0.1311,-0.1379
PK30017,2023,1,0.0000,0.0596,0.0528,0.0102
PK30017,2024,6,-0.0510,-0.0798,-0.0757,-0.0650
PK30017,2025,6,0.0087,-0.1608,-0.0949,-0.0630
PK30017,2026,18,-0.0213,-0.1105,-0.1208,-0.1068
PK30020,2018,5,-0.0945,-0.1308,-0.0428,-0.1484
PK30020,2019,9,0.0000,0.0000,0.0000,-0.0043
PK30020,2020,3,-0.0001,0.0348,-0.0004,0.0000
PK30020,2021,3,0.0592,0.0234,0.0458,0.0424
PK30020,2022,8,-0.0836,-0.1118,-0.1013,-0.1435
PK30020,2023,1,0.0083,-0.0007,0.0043,0.0029
PK30020,2024,6,-0.0030,-0.0314,-0.0059,-0.0218
PK30020,2025,6,0.0162,-0.0893,-0.0230,-0.0316
PK30020,2026,17,-0.0074,-0.0733,-0.0487,-0.0629
PK30045,2018,5,-0.0996,-0.1804,-0.1147,-0.1062
PK30045,2019,9,0.0000,0.0000,-0.0022,0.0000
PK30045,2020,3,-0.0377,0.0101,0.0000,-0.0296
PK30045,2021,3,0.0618,-0.0097,0.0238,0.0599
PK30045,2022,8,-0.0645,-0.0860,-0.0618,-0.0795
PK30045,2023,1,0.0044,0.0124,0.0368,0.0120
PK30045,2024,6,-0.0178,-0.0327,-0.0029,-0.0141
PK30045,2025,6,-0.0015,-0.0558,-0.0131,-0.0093
PK30045,2026,16,-0.0251,-0.0519,-0.0510,-0.0324
PK30047,2018,5,-0.0543,-0.0975,-0.0938,-0.1260
PK30047,2019,9,0.0000,0.0359,0.0000,0.0000
PK30047,2020,3,-0.0178,0.0137,-0.0283,-0.0122
PK30047,2021,2,0.0371,-0.0284,0.0225,0.0455
PK30047,2022,8,0.0110,-0.0166,-0.0287,-0.0629
PK30047,2023,1,0.0237,0.0000,0.0140,0.0268
PK30047,2024,6,-0.0151,-0.0129,-0.0195,-0.0146
PK30047,2025,6,0.0498,0.0200,0.0082,0.0028
PK30047,2026,16,0.0086,-0.0069,-0.0199,-0.0262
PK30071,2018,5,-0.0475,-0.0134,-0.0537,-0.1016
PK30071,2019,5,0.0233,0.0130,0.0000,0.0023
PK30071,2020,2,-0.2352,-0.0829,-0.2060,-0.2448
PK30071,2021,2,0.0754,0.0000,0.0642,0.0663
PK30071,2022,5,-0.0042,0.0051,0.0249,-0.0400
PK30071,2023,1,-0.4724,-0.1675,-0.3787,-0.4731
PK30071,2024,5,0.0000,0.0333,0.0300,0.0000
PK30071,2025,4,0.0120,0.0018,-0.0134,-0.0206
PK30071,2026,15,-0.0038,0.0218,-0.0370,-0.0359
PK30074,2018,1,-0.0711,-0.0685,-0.0288,-0.0534
PK30074,2019,3,0.0625,0.0296,0.1174,0.0643
PK30074,2020,1,-0.3243,-0.0141,-0.1884,-0.2998
PK30074,2021,2,0.1478,-0.0822,0.1513,0.1534
PK30074,2022,2,0.0458,0.0061,0.0946,0.0636
PK30074,2024,4,-0.0625,0.0141,-0.1174,-0.0643
PK30074,2025,3,0.0339,0.0709,0.0435,0.0485
PK30074,2026,8,0.0118,0.0453,0.0229,0.0230
PK30094,2018,5,-0.1166,-0.0503,-0.0648,-0.1138
PK30094,2019,7,-0.0139,0.0579,0.0135,-0.0123
PK30094,2020,2,-0.2086,-0.0694,-0.1523,-0.2077
PK30094,2021,2,0.0422,-0.0126,0.0559,0.0480
PK30094,2022,7,-0.0613,-0.0110,-0.0129,-0.0608
PK30094,2024,5,0.0139,0.0126,-0.0135,0.0123
PK30094,2025,6,-0.0630,0.0070,-0.0547,-0.0614
PK30094,2026,17,-0.0833,-0.0227,-0.0793,-0.0866
PK30095,2018,5,-0.0937,-0.0511,-0.0536,-0.0975
PK30095,2019,7,-0.0122,0.0409,0.0091,-0.0148
PK30095,2020,2,-0.1721,-0.0594,-0.1287,-0.1746
PK30095,2021,2,0.0393,-0.0209,0.0706,0.0392
PK30095,2022,8,-0.0382,0.0097,-0.0420,-0.0416
PK30095,2024,5,0.0122,0.0209,-0.0091,0.0148
PK30095,2025,6,-0.0429,0.0120,-0.0813,-0.0469
PK30095,2026,17,-0.0832,-0.0473,-0.1011,-0.0849
PK30096,2018,5,0.0362,-0.0149,-0.0224,-0.0114
PK30096,2019,8,0.0235,0.0426,0.0228,0.0025
PK30096,2020,3,-0.0908,-0.0816,-0.0811,-0.0827
PK30096,2021,2,0.0952,-0.0237,0.0555,0.0767
PK30096,2022,7,0.0178,0.0226,-0.0189,-0.0127
PK30096,2024,7,-0.0235,0.0237,-0.0228,-0.0025
PK30096,2025,6,0.0044,0.0273,-0.0231,-0.0204
PK30096,2026,17,0.0003,-0.0043,-0.0153,-0.0036
PK30097,2018,5,-0.0350,-0.0472,-0.0393,-0.0569
PK30097,2019,7,-0.0212,0.0296,0.0004,-0.0193
PK30097,2020,2,-0.1426,-0.0818,-0.1363,-0.1574
PK30097,2021,2,0.0769,-0.0040,0.0632,0.0654
PK30097,2022,8,-0.0110,-0.0040,-0.0394,-0.0242
PK30097,2024,5,0.0212,0.0040,-0.0004,0.0193
PK30097,2025,6,-0.0260,-0.0127,-0.0717,-0.0418
PK30097,2026,17,-0.0643,-0.0642,-0.0950,-0.0768
PK30099,2018,5,-0.0745,-0.0453,-0.0411,-0.0826
PK30099,2019,6,0.0068,0.0376,-0.0197,0.0025
PK30099,2020,2,-0.2293,-0.0986,-0.1661,-0.2231
PK30099,2021,2,0.0371,-0.0256,0.0361,0.0436
PK30099,2022,6,-0.0641,-0.0111,-0.0444,-0.0612
PK30099,2024,5,-0.0068,0.0256,0.0197,-0.0025
PK30099,2025,6,-0.0846,-0.0273,-0.0860,-0.0870
PK30099,2026,16,-0.0773,-0.0492,-0.0841,-0.0762
PK30101,2018,6,-0.0988,-0.1171,-0.1192,-0.1093
PK30101,2019,8,0.0314,-0.0227,0.0000,0.0127
PK30101,2020,3,-0.0271,0.0135,0.0239,-0.0168
PK30101,2021,3,0.0079,0.0000,0.0100,0.0000
PK30101,2022,8,-0.0321,-0.0900,-0.0682,-0.0559
PK30101,2023,2,-0.0535,-0.0142,-0.0255,-0.0352
PK30101,2024,7,0.0000,0.0068,-0.0029,0.0053
PK30101,2025,5,0.0073,-0.0599,-0.0314,-0.0092
PK30101,2026,15,-0.0157,-0.0453,-0.0245,-0.0333
PK30104,2018,6,-0.0726,-0.0880,-0.0717,-0.1027
PK30104,2019,8,0.0308,0.0001,-0.0022,0.0135
PK30104,2020,3,0.0000,-0.0067,0.0000,0.0000
PK30104,2021,3,0.0531,-0.0158,0.0136,0.0402
PK30104,2022,8,-0.0115,-0.0799,-0.0356,-0.0560
PK30104,2023,2,-0.0117,0.0000,0.0068,-0.0117
PK30104,2024,7,-0.0251,0.0047,-0.0092,-0.0230
PK30104,2025,5,-0.0037,-0.0742,-0.0255,-0.0375
PK30104,2026,15,0.0136,-0.0628,-0.0580,-0.0281
PK30113,2018,6,-0.0535,-0.1305,-0.0854,-0.0641
PK30113,2019,8,-0.0007,0.0031,-0.0022,-0.0051
PK30113,2020,3,-0.0558,0.0000,-0.0303,-0.0581
PK30113,2021,3,0.0587,-0.0034,0.0181,0.0579
PK30113,2022,8,-0.0500,-0.1002,-0.0654,-0.0566
PK30113,2023,2,0.0000,0.0066,0.0121,0.0000
PK30113,2024,7,0.0046,-0.0165,0.0000,0.0025
PK30113,2025,5,-0.0201,-0.1070,-0.0482,-0.0299
PK30113,2026,18,-0.0136,-0.0476,-0.0489,-0.0234
PK30114,2018,6,-0.0082,-0.1001,-0.0761,-0.0677
PK30114,2019,8,0.0000,0.0285,0.0000,-0.0166
PK30114,2020,3,-0.0640,0.0000,-0.0385,-0.0625
PK30114,2021,3,0.0209,-0.0299,0.0244,0.0282
PK30114,2022,8,-0.0426,-0.1152,-0.0458,-0.0914
PK30114,2023,2,-0.0010,0.0352,0.0501,0.0106
PK30114,2024,7,0.0066,-0.0185,-0.0003,0.0000
PK30114,2025,5,-0.0251,-0.0945,-0.0416,-0.0810
PK30114,2026,17,-0.0239,-0.0541,-0.0593,-0.0683
PK30118,2018,6,-0.0234,-0.0871,-0.0482,-0.0746
PK30118,2019,8,0.0086,0.0000,0.0000,-0.0019
PK30118,2020,3,-0.0590,-0.0023,-0.0112,-0.0527
PK30118,2021,3,0.0726,0.0021,0.0389,0.0718
PK30118,2022,8,-0.0059,-0.0710,-0.0294,-0.0543
PK30118,2023,2,-0.0110,0.0196,0.0230,0.0000
PK30118,2024,7,0.0000,-0.0083,-0.0027,0.0072
PK30118,2025,5,0.0069,-0.1304,-0.0663,-0.0439
PK30118,2026,18,0.0007,-0.0704,-0.0697,-0.0499
PK30121,2018,6,0.0709,-0.0081,0.0005,-0.0364
PK30121,2019,9,0.0000,-0.0436,0.0000,-0.0018
PK30121,2020,3,-0.0594,-0.0690,-0.0748,-0.0522
PK30121,2021,3,0.0770,0.0000,0.0344,0.0660
PK30121,2022,8,0.0990,0.0109,0.0509,-0.0037
PK30121,2023,1,-0.0032,0.0370,-0.0153,0.0000
PK30121,2024,6,0.0690,0.0637,0.0427,0.0325
PK30121,2025,5,0.1072,0.0710,0.0095,-0.0062
PK30121,2026,18,0.0553,0.0325,0.0131,-0.0178
PK30126,2018,6,-0.1027,-0.0973,-0.0734,-0.1338
PK30126,2019,9,0.0157,-0.0054,0.0000,0.0062
PK30126,2020,3,-0.0560,-0.0036,-0.0040,-0.0498
PK30126,2021,3,0.0936,0.0000,0.0362,0.0800
PK30126,2022,8,-0.0033,-0.0327,-0.0195,-0.0488
PK30126,2023,1,-0.0148,0.0358,0.0194,0.0000
PK30126,2024,6,0.0000,0.0135,-0.0033,-0.0023
PK30126,2025,5,-0.0022,-0.0080,0.0223,-0.0507
PK30126,2026,18,0.0063,-0.0044,-0.0164,-0.0200
PK30132,2018,6,-0.0383,-0.0189,-0.0152,-0.0835
PK30132,2019,8,0.0000,0.0054,0.0000,0.0044
PK30132,2020,3,-0.0648,-0.0550,-0.0619,-0.0616
PK30132,2021,3,0.0860,-0.0197,0.0513,0.0757
PK30132,2022,8,-0.0064,-0.0238,-0.0257,-0.0442
PK30132,2023,1,-0.0471,0.0000,0.0092,-0.0346
PK30132,2024,6,0.0041,0.0057,-0.0032,0.0000
PK30132,2025,5,0.0130,-0.0135,-0.0207,-0.0238
PK30132,2026,18,0.0085,-0.0277,-0.0421,-0.0098
PK30233,2018,4,-0.1311,-0.0174,0.0009,-0.1095
PK30233,2019,6,0.0366,0.0000,0.0000,0.0210
PK30233,2020,2,0.0000,0.0019,0.0004,0.0000
PK30233,2021,3,0.1671,0.0049,0.0254,0.1097
PK30233,2022,8,-0.0043,0.0068,-0.0254,0.0031
PK30233,2023,1,-0.0918,-0.0207,-0.0088,-0.0288
PK30233,2024,6,-0.0322,-0.0073,-0.0160,-0.0041
PK30233,2025,6,0.0789,-0.0010,-0.0077,0.0436
PK30233,2026,15,0.0143,-0.0149,-0.0263,0.0244
PK30235,2018,5,0.0173,-0.0447,0.0025,0.0138
PK30235,2019,7,0.0244,0.0179,0.0016,0.0253
PK30235,2020,2,-0.0064,-0.0113,-0.0181,-0.0069
PK30235,2021,3,0.0684,-0.0197,0.0026,0.0626
PK30235,2022,8,0.0093,-0.0164,-0.0381,0.0072
PK30235,2023,1,0.0000,0.0000,0.0000,0.0000
PK30235,2024,6,-0.0092,0.0046,-0.0116,-0.0094
PK30235,2025,6,0.0354,-0.0099,-0.0157,0.0282
PK30235,2026,17,0.0116,-0.0046,-0.0251,0.0071
PK30236,2018,5,-0.0351,-0.0528,-0.0336,-0.0146
PK30236,2019,7,0.0264,0.0000,0.0038,0.0305
PK30236,2020,2,-0.0005,-0.0047,-0.0126,0.0000
PK30236,2021,3,0.0884,-0.0156,0.0152,0.0774
PK30236,2022,8,-0.0189,-0.0326,-0.0468,-0.0124
PK30236,2023,1,0.0000,0.0114,0.0000,-0.0011
PK30236,2024,6,-0.0053,0.0101,-0.0062,-0.0030
PK30236,2025,6,0.0276,-0.0285,-0.0301,0.0215
PK30236,2026,17,-0.0058,-0.0317,-0.0376,-0.0021
PK30237,2018,5,-0.0512,-0.0566,-0.0398,-0.0450
PK30237,2019,7,0.0015,-0.0141,-0.0058,0.0155
PK30237,2020,2,-0.0062,0.0002,-0.0002,0.0000
PK30237,2021,3,0.0726,-0.0078,0.0164,0.0635
PK30237,2022,8,0.0018,-0.0496,-0.0552,-0.0073
PK30237,2023,1,0.0000,0.0230,0.0075,-0.0003
PK30237,2024,6,-0.0131,0.0000,0.0000,-0.0057
PK30237,2025,6,0.0325,-0.0418,-0.0340,0.0148
PK30237,2026,17,0.0028,-0.0540,-0.0483,-0.0177
PK30238,2018,5,0.0013,-0.0686,-0.0579,-0.0376
PK30238,2019,7,0.0000,-0.0189,-0.0096,0.0011
PK30238,2020,2,-0.0140,0.0021,0.0000,-0.0186
PK30238,2021,3,0.0545,-0.0169,0.0069,0.0374
PK30238,2022,8,0.0118,-0.0457,-0.0549,-0.0128
PK30238,2023,1,0.0146,0.0151,0.0021,0.0000
PK30238,2024,6,-0.0141,0.0000,-0.0093,-0.0179
PK30238,2025,6,0.0379,-0.0582,-0.0459,0.0037
PK30238,2026,17,-0.0186,-0.0537,-0.0806,-0.0491
PK30239,2018,4,-0.0718,-0.0994,-0.0777,-0.0897
PK30239,2019,7,0.0291,-0.0087,0.0000,0.0245
PK30239,2020,2,-0.0031,0.0000,-0.0042,-0.0094
PK30239,2021,3,0.0419,-0.0131,0.0099,0.0280
PK30239,2022,8,-0.0210,-0.0533,-0.0626,-0.0342
PK30239,2023,1,-0.0162,0.0135,-0.0034,-0.0082
PK30239,2024,6,0.0000,0.0136,0.0076,0.0000
PK30239,2025,6,0.0202,-0.0654,-0.0479,-0.0158
PK30239,2026,17,-0.0122,-0.0565,-0.0771,-0.0530
PK30241,2018,4,-0.0266,-0.0382,-0.0034,-0.0344
PK30241,2019,7,0.0207,-0.0323,-0.0167,0.0130
PK30241,2020,2,-0.0285,-0.0130,0.0000,-0.0305
PK30241,2021,3,0.0563,0.0000,0.0129,0.0478
PK30241,2022,9,-0.0191,-0.0173,0.0113,-0.0132
PK30241,2023,1,0.0000,0.0087,-0.0016,0.0000
PK30241,2024,6,-0.0150,0.0089,0.0160,-0.0133
PK30241,2025,6,0.0063,-0.0045,0.0126,0.0036
PK30241,2026,17,-0.0137,-0.0250,-0.0004,-0.0179
PK30245,2018,3,-0.0095,-0.0122,0.0346,-0.0198
PK30245,2019,7,0.0397,0.0471,0.0244,0.0283
PK30245,2020,2,-0.0453,-0.0446,-0.0342,-0.0461
PK30245,2021,3,0.0598,-0.0074,0.0000,0.0386
PK30245,2022,9,-0.0160,0.0309,0.0069,-0.0039
PK30245,2023,1,-0.0158,0.0000,0.0160,-0.0158
PK30245,2024,6,0.0000,0.0234,-0.0096,0.0000
PK30245,2025,6,0.0183,0.0035,0.0146,0.0017
PK30245,2026,16,0.0111,0.0089,-0.0010,-0.0030
PK30247,2018,3,-0.0269,-0.0715,-0.0323,-0.0332
PK30247,2019,7,0.0107,0.0156,0.0052,0.0197
PK30247,2020,2,-0.0684,-0.0198,-0.0312,-0.0582
PK30247,2021,3,0.0714,0.0000,0.0272,0.0530
PK30247,2022,9,-0.0236,-0.0472,-0.0457,-0.0109
PK30247,2023,1,-0.0428,-0.0035,-0.0263,-0.0232
PK30247,2024,6,0.0000,0.0117,0.0000,0.0000
PK30247,2025,6,0.0175,-0.0220,-0.0223,-0.0064
PK30247,2026,16,0.0040,-0.0202,-0.0349,-0.0153
PK30249,2018,3,-0.0431,-0.0793,-0.0158,-0.0467
PK30249,2019,7,0.0020,-0.0136,-0.0161,0.0004
PK30249,2020,2,-0.0881,-0.0313,-0.0342,-0.0862
PK30249,2021,3,0.0667,0.0071,0.0152,0.0637
PK30249,2022,9,-0.0287,-0.0265,-0.0119,-0.0281
PK30249,2023,1,-0.0100,0.0139,0.0000,-0.0100
PK30249,2024,6,0.0000,0.0000,0.0083,0.0000
PK30249,2025,6,-0.0031,-0.0169,-0.0160,-0.0047
PK30249,2026,16,-0.0240,-0.0291,-0.0267,-0.0252
PK30250,2018,3,0.0120,0.0095,0.0013,-0.0333
PK30250,2019,7,0.0414,0.0323,0.0218,0.0107
PK30250,2020,2,-0.0598,-0.0110,-0.0327,-0.0613
PK30250,2021,3,0.0785,0.0000,0.0122,0.0604
PK30250,2022,9,-0.0089,0.0314,-0.0231,-0.0156
PK30250,2023,1,-0.0053,-0.0069,-0.0296,-0.0314
PK30250,2024,6,0.0000,0.0337,0.0000,0.0000
PK30250,2025,6,0.0386,0.0096,0.0005,0.0045
PK30250,2026,16,0.0157,-0.0014,-0.0182,-0.0095
PK30252,2018,3,0.0129,-0.0069,-0.0067,-0.0321
PK30252,2019,7,0.0199,0.0210,0.0153,0.0075
PK30252,2020,2,-0.0291,-0.0138,-0.0392,-0.0388
PK30252,2021,3,0.0904,0.0000,0.0106,0.0703
PK30252,2022,8,0.0034,0.0098,-0.0241,-0.0076
PK30252,2023,1,-0.0318,-0.0188,-0.0410,-0.0635
PK30252,2024,6,0.0000,0.0345,0.0000,0.0000
PK30252,2025,6,0.0423,0.0080,-0.0098,0.0156
PK30252,2026,16,0.0118,0.0001,-0.0172,-0.0044
PK30253,2018,3,-0.0153,-0.0499,-0.0203,-0.0755
PK30253,2019,7,0.0576,0.0000,0.0000,0.0002
PK30253,2020,2,-0.0200,-0.0022,-0.0272,-0.0404
PK30253,2021,3,0.1211,0.0204,0.0471,0.0766
PK30253,2022,8,0.0047,0.0309,0.0294,-0.0039
PK30253,2023,1,-0.1761,-0.0882,-0.1535,-0.1701
PK30253,2024,6,0.0000,0.0604,0.0350,0.0000
PK30253,2025,6,0.0379,0.0277,0.0260,0.0091
PK30253,2026,17,0.0118,0.0251,0.0125,-0.0075
PK30255,2018,3,0.0220,-0.0176,0.0142,-0.0134
PK30255,2019,7,0.0000,-0.0115,0.0000,0.0000
PK30255,2020,2,-0.0064,0.0000,-0.0085,-0.0084
PK30255,2021,3,0.0857,0.0184,0.0486,0.0776
PK30255,2022,8,0.0176,0.0374,0.0464,0.0198
PK30255,2023,1,-0.4318,-0.1246,-0.2196,-0.3765
PK30255,2024,6,0.0071,0.0669,0.0486,0.0108
PK30255,2025,6,0.0527,0.0341,0.0472,0.0341
PK30255,2026,17,0.0225,0.0377,0.0246,0.0116
PK30421,2018,4,-0.1930,-0.1553,-0.1045,-0.2045
PK30421,2019,7,-0.0061,-0.0075,0.0063,-0.0037
PK30421,2020,2,-0.0618,-0.0354,-0.0370,-0.0411
PK30421,2021,2,0.0510,0.0237,0.0483,0.0803
PK30421,2022,9,-0.0023,-0.0315,-0.0001,-0.0372
PK30421,2023,1,0.0000,0.0000,-0.0097,0.0239
PK30421,2024,7,0.0206,0.0215,0.0000,0.0000
PK30421,2025,7,0.0133,-0.0015,-0.0084,-0.0026
PK30421,2026,16,0.0008,-0.0032,-0.0272,-0.0248
PK30436,2018,3,-0.0058,0.0775,0.0117,-0.0195
PK30436,2019,8,0.0000,0.0394,0.0051,0.0000
PK30436,2020,2,-0.2018,-0.0728,-0.1526,-0.1878
PK30436,2021,2,0.0637,0.0000,0.0000,0.0484
PK30436,2022,9,-0.0053,0.0535,-0.0116,-0.0008
PK30436,2023,1,0.0065,0.0498,0.0274,0.0050
PK30436,2024,5,-0.0080,-0.0214,-0.0368,-0.0144
PK30436,2025,8,-0.0098,0.0360,-0.0423,-0.0121
PK30436,2026,13,-0.0281,-0.0119,-0.0313,-0.0359
PK304383,2018,4,0.0599,-0.0525,0.0257,0.0042
PK304383,2019,10,0.0488,0.0134,0.0648,0.0000
PK304383,2020,3,-0.0149,0.0084,-0.0037,-0.0350
PK304383,2021,2,0.0832,0.0000,0.0755,0.0708
PK304383,2022,6,-0.0167,-0.0499,-0.0051,-0.0369
PK304383,2023,1,0.0000,-0.0441,-0.0204,0.0035
PK304383,2024,6,-0.0343,-0.0240,0.0000,-0.0205
PK304383,2025,5,-0.0263,-0.0895,-0.0652,-0.0196
PK304383,2026,18,-0.0401,-0.0829,-0.0647,-0.0275
PK30455,2018,6,-0.0939,-0.1270,-0.0899,-0.1396
PK30455,2019,6,-0.0002,-0.0295,-0.0072,-0.0279
PK30455,2020,2,0.0000,0.0064,0.0205,0.0000
PK30455,2021,3,0.0639,0.0305,0.0000,0.0420
PK30455,2022,8,-0.0233,-0.1765,-0.0846,-0.1033
PK30455,2023,2,0.0264,0.0000,0.0094,0.0177
PK30455,2024,6,-0.0422,-0.0366,-0.0356,-0.0769
PK30455,2025,7,0.0051,-0.0764,-0.0460,-0.0432
PK30455,2026,15,-0.0214,-0.0994,-0.0825,-0.1206
PK30456,2018,6,-0.1498,-0.1307,-0.1303,-0.1749
PK30456,2019,6,0.0000,-0.0228,-0.0032,-0.0043
PK30456,2020,3,-0.0442,0.0000,0.0000,0.0000
PK30456,2021,3,0.0615,0.0402,0.0150,0.0707
PK30456,2022,8,0.0091,-0.1421,-0.0562,-0.0894
PK30456,2023,2,0.0018,0.0219,0.0200,0.0238
PK30456,2024,6,-0.0909,-0.0107,-0.0135,-0.0886
PK30456,2025,7,0.0068,-0.0711,-0.0499,-0.0269
PK30456,2026,15,-0.0080,-0.0699,-0.0856,-0.1254
PK30478,2018,4,-0.0766,-0.0985,-0.0681,-0.1157
PK30478,2019,8,-0.0081,-0.0038,-0.0303,-0.0251
PK30478,2020,4,0.0003,0.0224,0.0229,0.0007
PK30478,2021,3,0.0506,0.0773,0.0902,0.0563
PK30478,2022,8,-0.0289,-0.1501,-0.0614,-0.0713
PK30478,2023,2,0.0000,-0.0697,-0.0087,0.0000
PK30478,2024,6,-0.0060,0.0000,0.0000,-0.0117
PK30478,2025,7,0.0154,-0.0261,0.0187,-0.0022
PK30478,2026,15,-0.0312,-0.1708,-0.0687,-0.1095
PK30511,2018,3,0.0051,-0.0043,-0.0384,-0.0636
PK30511,2019,5,0.0026,0.0310,0.0035,0.0000
PK30511,2020,4,0.0000,0.0000,0.0000,-0.0215
PK30511,2021,4,0.0093,-0.0415,-0.0119,0.0155
PK30511,2022,8,0.0519,0.0167,0.0197,-0.0065
PK30511,2023,2,-0.0147,0.0307,0.0175,0.0039
PK30511,2024,5,-0.0364,-0.0762,-0.0457,-0.0281
PK30511,2025,8,0.0429,0.0230,-0.0158,-0.0270
PK30511,2026,16,0.0253,-0.0128,-0.0365,-0.0372
PK30512,2018,3,0.0244,0.0052,-0.0129,-0.0470
PK30512,2019,5,0.0000,0.0339,0.0048,0.0056
PK30512,2020,4,0.0045,0.0350,0.0140,-0.0045
PK30512,2021,4,0.0127,-0.0073,0.0000,0.0239
PK30512,2022,8,0.0545,0.0284,0.0319,0.0029
PK30512,2023,2,-0.0224,0.0000,0.0000,0.0000
PK30512,2024,5,-0.0338,-0.0340,-0.0044,-0.0237
PK30512,2025,8,0.0535,0.0565,0.0142,-0.0167
PK30512,2026,15,0.0377,0.0077,-0.0231,-0.0311
PK30513,2018,3,-0.0216,0.0514,0.0068,-0.0504
PK30513,2019,5,0.0328,0.0415,0.0000,0.0221
PK30513,2020,4,-0.0052,0.0168,0.0041,0.0000
PK30513,2021,4,0.0345,-0.0316,-0.0069,0.0364
PK30513,2022,8,0.0415,0.0779,0.0663,-0.0090
PK30513,2023,2,-0.0079,0.0000,0.0105,-0.0116
PK30513,2024,5,0.0000,-0.0468,-0.0243,-0.0061
PK30513,2025,8,0.0484,0.1248,0.0519,-0.0086
PK30513,2026,16,0.0221,0.0460,0.0102,-0.0265
PK30601,2018,4,-0.0632,-0.0781,-0.0522,-0.0638
PK30601,2019,7,0.0000,0.0168,0.0092,0.0000
PK30601,2020,5,-0.0170,-0.0134,0.0076,-0.0002
PK30601,2021,4,0.0058,0.0098,0.0000,0.0237
PK30601,2022,8,-0.0214,-0.0401,-0.0078,-0.0231
PK30601,2023,1,0.0053,-0.0282,-0.0078,0.0189
PK30601,2024,6,-0.0844,0.0000,-0.0407,-0.0656
PK30601,2025,6,-0.0170,-0.0019,-0.0374,-0.0074
PK30601,2026,17,-0.0287,0.0062,-0.0428,-0.0250
PK30610,2018,3,-0.0691,-0.1359,-0.0910,-0.0796
PK30610,2019,8,0.0000,-0.0134,-0.0006,-0.0254
PK30610,2020,5,-0.0140,0.0103,0.0267,0.0000
PK30610,2021,4,0.0060,0.0000,0.0000,0.0203
PK30610,2022,8,-0.0405,-0.1296,-0.0693,-0.0699
PK30610,2023,1,0.0239,0.0147,0.0165,0.0303
PK30610,2024,6,-0.0608,-0.0084,-0.0288,-0.0549
PK30610,2025,6,-0.0219,-0.1309,-0.0818,-0.0369
PK30610,2026,15,-0.0659,-0.1158,-0.1180,-0.1040
PK30681,2018,2,-0.0814,-0.1189,-0.0448,-0.0874
PK30681,2019,6,-0.0003,-0.0189,-0.0001,-0.0083
PK30681,2020,3,-0.0636,-0.0650,-0.0221,-0.0518
PK30681,2021,4,0.0288,0.0000,0.0222,0.0361
PK30681,2022,7,-0.0605,-0.1579,-0.0481,-0.0698
PK30681,2023,1,0.0164,0.0170,0.0072,0.0229
PK30681,2024,6,0.0000,0.0140,0.0000,0.0000
PK30681,2025,7,-0.0246,-0.0473,-0.0301,-0.0309
PK30681,2026,16,-0.0305,0.0041,-0.0378,-0.0410
PK30691,2018,4,-0.0485,-0.0797,-0.0304,-0.0644
PK30691,2019,6,0.0140,0.0226,0.0271,0.0000
PK30691,2020,4,-0.0463,-0.0073,-0.0172,-0.0011
PK30691,2021,4,0.0000,0.0000,0.0118,0.0461
PK30691,2022,7,-0.0103,-0.0263,0.0106,-0.0292
PK30691,2023,1,0.0010,-0.0627,-0.0189,0.0409
PK30691,2024,6,-0.0351,0.0146,0.0000,-0.0064
PK30691,2025,7,0.0352,0.0130,0.0049,-0.0067
PK30691,2026,16,0.0365,0.0177,0.0256,-0.0318
PK30704,2018,6,-0.1167,-0.2318,-0.1399,-0.1436
PK30704,2019,7,0.0101,-0.0086,-0.0231,-0.0024
PK30704,2020,3,-0.0145,0.0000,0.0356,0.0000
PK30704,2021,3,0.0512,0.0032,0.0244,0.0517
PK30704,2022,7,-0.0287,-0.1600,-0.0664,-0.0377
PK30704,2023,2,-0.1704,0.0055,-0.0487,-0.1527
PK30704,2024,6,0.0000,-0.0026,0.0000,0.0126
PK30704,2025,7,0.0009,-0.1628,-0.0641,-0.0389
PK30704,2026,15,-0.0718,-0.1592,-0.1248,-0.1093
PK30706,2018,6,-0.0756,-0.1814,-0.0947,-0.1175
PK30706,2019,7,0.0058,-0.0003,-0.0075,0.0000
PK30706,2020,3,-0.0429,0.0000,0.0074,-0.0268
PK30706,2021,4,0.0000,0.0008,0.0000,0.0062
PK30706,2022,7,-0.0188,-0.0666,0.0131,-0.0323
PK30706,2023,2,-0.1546,-0.0131,-0.0799,-0.1283
PK30706,2024,6,0.0017,0.0526,0.0199,0.0104
PK30706,2025,7,-0.0064,-0.0807,-0.0226,-0.0370
PK30706,2026,15,-0.0260,-0.0479,-0.0468,-0.0583
PK30707,2018,5,-0.0786,-0.2049,-0.1306,-0.1207
PK30707,2019,7,0.0000,0.0000,-0.0141,0.0000
PK30707,2020,3,-0.0219,-0.0135,0.0099,-0.0186
PK30707,2021,4,0.0119,0.0079,0.0000,0.0106
PK30707,2022,7,-0.0219,-0.1073,-0.0298,-0.0425
PK30707,2023,2,-0.0834,-0.0036,-0.0646,-0.0724
PK30707,2024,6,0.0176,0.0329,0.0070,0.0180
PK30707,2025,7,0.0090,-0.1053,-0.0483,-0.0203
PK30707,2026,15,-0.0137,-0.0745,-0.0686,-0.0469
PK30755,2018,4,-0.0961,-0.2389,-0.1355,-0.1535
PK30755,2019,7,0.0000,-0.0049,-0.0021,0.0000
PK30755,2020,3,-0.0447,0.0335,0.0339,-0.0169
PK30755,2021,2,0.0570,-0.1198,-0.0248,0.0173
PK30755,2022,10,-0.0319,-0.1089,-0.0427,-0.0738
PK30755,2023,1,0.0236,0.0870,0.0658,0.0278
PK30755,2024,7,-0.0928,0.0000,0.0000,-0.0689
PK30755,2025,8,-0.0187,-0.1484,-0.0563,-0.0761
PK30755,2026,16,-0.0049,-0.1198,-0.0739,-0.0598
PK30861,2018,4,-0.1220,-0.0533,-0.0388,-0.1285
PK30861,2019,7,0.0000,0.0232,0.0475,0.0000
PK30861,2020,3,-0.3494,-0.0628,-0.1340,-0.3599
PK30861,2021,2,0.1552,0.0427,0.0681,0.1366
PK30861,2022,9,0.0210,0.0329,0.0019,0.0104
PK30861,2023,2,-0.0940,0.0000,-0.0962,-0.1044
PK30861,2024,7,0.0592,-0.0021,0.0000,0.0457
PK30861,2025,9,-0.0332,-0.0423,-0.0207,-0.0478
PK30861,2026,16,-0.1784,-0.0440,-0.0431,-0.1819
PK30862,2018,4,-0.1886,-0.1015,-0.0905,-0.1819
PK30862,2019,7,0.0000,0.0012,0.0125,0.0000
PK30862,2020,3,-0.4943,-0.1613,-0.2806,-0.5022
PK30862,2021,2,0.0375,0.0000,0.0284,0.0416
PK30862,2022,9,-0.0407,-0.0276,-0.0198,-0.0404
PK30862,2023,1,0.0747,0.0290,0.0000,0.0744
PK30862,2024,7,-0.0202,-0.0320,-0.0158,-0.0137
PK30862,2025,9,-0.0605,-0.0681,-0.0553,-0.0665
PK30862,2026,16,-0.1033,-0.0694,-0.0642,-0.0990
PK30892,2018,2,-0.0936,-0.0527,-0.0500,-0.1276
PK30892,2019,8,0.0000,0.0574,0.0106,0.0000
PK30892,2020,4,-0.0165,0.0114,-0.0100,-0.0219
PK30892,2021,2,0.0821,-0.0220,0.0657,0.0372
PK30892,2022,9,0.0079,-0.0362,0.0003,-0.0328
PK30892,2023,2,-0.1236,-0.0082,-0.0584,-0.0917
PK30892,2024,6,0.0316,0.0000,0.0000,0.0029
PK30892,2025,8,0.0030,-0.0525,-0.0372,-0.0447
PK30892,2026,16,-0.0047,-0.0768,-0.0531,-0.0477
PK31037,2018,2,-0.0563,-0.1581,-0.0741,-0.1011
PK31037,2019,6,0.0151,0.0116,0.0046,0.0000
PK31037,2020,3,-0.0016,-0.0386,0.0000,-0.0262
PK31037,2021,3,0.0521,0.0626,0.0467,0.0726
PK31037,2022,8,-0.0040,-0.0578,-0.0200,-0.0366
PK31037,2023,2,-0.1368,-0.0717,-0.1018,-0.1384
PK31037,2024,6,0.0000,0.0000,-0.0070,0.0137
PK31037,2025,7,-0.0007,-0.0766,-0.0578,-0.0263
PK31037,2026,15,-0.0055,-0.0768,-0.0815,-0.0423
PK31043,2018,2,-0.0490,-0.2030,-0.1423,-0.1042
PK31043,2019,5,0.0083,0.0115,0.0000,0.0000
PK31043,2020,3,0.0000,0.0094,0.0050,0.0012
PK31043,2021,3,0.0157,-0.0109,0.0072,0.0172
PK31043,2022,9,0.0087,-0.1097,-0.0636,-0.0301
PK31043,2023,2,-0.0678,0.0000,-0.0265,-0.0597
PK31043,2024,8,-0.0677,-0.0826,-0.0792,-0.0688
PK31043,2025,8,0.0313,-0.1250,-0.0992,-0.0149
PK31043,2026,16,-0.0708,-0.1040,-0.1346,-0.0895
PK31136,2018,2,-0.1902,-0.1567,-0.1806,-0.1914
PK31136,2019,5,0.0079,-0.0052,0.0015,0.0013
PK31136,2020,3,0.0000,0.0000,0.0000,0.0000
PK31136,2021,3,0.0663,0.0029,0.0347,0.0567
PK31136,2022,9,-0.0368,-0.0912,-0.0470,-0.0330
PK31136,2023,2,-0.0773,0.0014,-0.0327,-0.0725
PK31136,2024,8,-0.0418,-0.0175,-0.0384,-0.0423
PK31136,2025,8,-0.0235,-0.0949,-0.0637,-0.0218
PK31136,2026,16,-0.0557,-0.0855,-0.1088,-0.0510
PK31165,2018,2,-0.1035,-0.0804,-0.0672,-0.0785
PK31165,2019,7,0.0000,0.0109,0.0160,0.0000
PK31165,2020,3,0.0191,0.0172,0.0000,0.0181
PK31165,2021,2,0.1077,-0.0028,0.0778,0.0782
PK31165,2022,9,-0.0048,-0.0047,0.0135,-0.0163
PK31165,2023,2,-0.1361,-0.0755,-0.1214,-0.0977
PK31165,2024,6,-0.0712,0.0000,-0.0451,-0.0674
PK31165,2025,9,-0.0285,-0.0078,-0.0321,-0.0241
PK31165,2026,13,-0.0402,-0.0840,-0.0581,-0.0299
PK31166,2018,2,-0.1235,-0.0876,-0.0773,-0.1081
PK31166,2019,7,0.0139,0.0214,-0.0077,0.0236
PK31166,2020,4,0.0000,-0.0039,0.0000,0.0000
PK31166,2021,2,0.0667,0.0000,0.0739,0.0677
PK31166,2022,9,0.0075,0.0218,0.0297,0.0068
PK31166,2023,2,-0.0924,-0.0513,-0.0532,-0.0734
PK31166,2024,6,-0.0104,0.0251,0.0014,-0.0046
PK31166,2025,9,0.0057,0.0012,0.0083,-0.0001
PK31166,2026,13,-0.0221,-0.0580,-0.0482,-0.0271
PK31167,2018,2,-0.1054,-0.0964,-0.0856,-0.1067
PK31167,2019,7,0.0182,-0.0123,-0.0172,0.0212
PK31167,2020,4,0.0000,0.0000,0.0034,0.0000
PK31167,2021,2,0.0883,0.0013,0.0941,0.0853
PK31167,2022,9,-0.0003,-0.0072,0.0096,0.0035
PK31167,2023,2,-0.1104,-0.0596,-0.0732,-0.0934
PK31167,2024,6,-0.0262,0.0194,0.0000,-0.0207
PK31167,2025,9,0.0072,0.0228,0.0170,-0.0030
PK31167,2026,13,-0.0236,-0.0667,-0.0197,-0.0327
PK31169,2018,2,-0.1089,-0.0949,-0.0847,-0.1184
PK31169,2019,7,-0.0104,-0.0167,-0.0145,0.0000
PK31169,2020,4,0.0000,0.0000,0.0000,-0.0109
PK31169,2021,2,0.0822,0.0063,0.0833,0.0679
PK31169,2022,9,-0.0062,-0.0183,-0.0054,-0.0255
PK31169,2023,2,-0.0998,-0.0374,-0.0724,-0.0847
PK31169,2024,5,0.0288,0.0220,0.0056,0.0290
PK31169,2025,9,0.0247,0.0282,0.0205,-0.0154
PK31169,2026,13,0.0052,-0.0596,-0.0327,-0.0320
PK31175,2018,2,-0.0174,-0.0178,0.0353,-0.0347
PK31175,2019,7,-0.0088,-0.0071,0.0000,0.0000
PK31175,2020,4,0.0000,0.0075,-0.0041,-0.0026
PK31175,2021,2,0.0802,0.0000,0.0843,0.0754
PK31175,2022,9,-0.0088,-0.0013,0.0195,-0.0067
PK31175,2023,2,-0.0739,-0.0202,-0.0379,-0.0663
PK31175,2024,6,0.0066,0.0320,0.0180,0.0159
PK31175,2025,9,0.0114,0.0055,0.0148,-0.0065
PK31175,2026,14,-0.0201,-0.0591,-0.0182,-0.0352
PK31176,2018,2,-0.0246,-0.0287,-0.0033,-0.0371
PK31176,2019,7,0.0025,0.0000,0.0000,-0.0013
PK31176,2020,4,0.0000,0.0201,0.0057,0.0000
PK31176,2021,2,0.0771,-0.0010,0.0889,0.0740
PK31176,2022,9,-0.0125,-0.0033,0.0166,-0.0165
PK31176,2023,2,-0.0615,-0.0545,-0.0456,-0.0567
PK31176,2024,6,-0.0040,0.0039,-0.0418,0.0051
PK31176,2025,9,0.0042,-0.0181,-0.0164,-0.0088
PK31176,2026,14,-0.0341,-0.0855,-0.0780,-0.0468
PK31177,2018,2,-0.0186,-0.0275,0.0247,-0.0425
PK31177,2019,7,0.0000,0.0030,-0.0118,0.0000
PK31177,2020,4,-0.0118,-0.0004,0.0217,-0.0144
PK31177,2021,2,0.0852,0.0036,0.0924,0.0715
PK31177,2022,9,-0.0069,0.0050,0.0241,-0.0194
PK31177,2023,2,-0.0421,-0.0504,-0.0322,-0.0469
PK31177,2024,6,0.0109,0.0000,0.0000,0.0068
PK31177,2025,9,0.0181,-0.0045,0.0199,-0.0072
PK31177,2026,13,-0.0197,-0.0488,-0.0375,-0.0378
PK31178,2018,2,-0.0052,-0.0285,0.0128,-0.0228
PK31178,2019,7,0.0000,0.0212,0.0000,0.0000
PK31178,2020,4,-0.0032,0.0097,0.0050,-0.0039
PK31178,2021,2,0.0726,-0.0074,0.0978,0.0660
PK31178,2022,9,-0.0009,0.0058,0.0078,-0.0079
PK31178,2023,2,-0.0383,-0.0370,-0.0329,-0.0399
PK31178,2024,5,0.0164,0.0000,-0.0165,0.0143
PK31178,2025,9,-0.0008,-0.0312,-0.0139,-0.0122
PK31178,2026,14,-0.0347,-0.0983,-0.0791,-0.0494
PK31179,2018,2,-0.0224,-0.0221,0.0163,-0.0339
PK31179,2019,7,0.0000,0.0064,-0.0348,-0.0002
PK31179,2020,4,-0.0002,0.0061,0.0047,0.0000
PK31179,2021,2,0.0747,-0.0042,0.0699,0.0704
PK31179,2022,9,-0.0091,0.0144,0.0210,-0.0105
PK31179,2023,2,-0.0300,-0.0371,-0.0484,-0.0313
PK31179,2024,5,0.0197,0.0000,0.0000,0.0180
PK31179,2025,9,0.0242,0.0050,0.0247,0.0138
PK31179,2026,14,-0.0302,-0.0480,-0.0451,-0.0415
PK31180,2018,2,0.0062,-0.0180,0.0232,-0.0130
PK31180,2019,7,0.0000,0.0201,0.0000,0.0000
PK31180,2020,4,-0.0149,0.0000,0.0105,-0.0066
PK31180,2021,2,0.0829,0.0003,0.1045,0.0794
PK31180,2022,9,-0.0142,-0.0068,0.0013,-0.0169
PK31180,2023,2,-0.0193,-0.0197,-0.0166,-0.0174
PK31180,2024,5,0.0061,-0.0035,-0.0138,0.0103
PK31180,2025,8,0.0404,-0.0455,-0.0102,0.0258
PK31180,2026,14,-0.0303,-0.1206,-0.0997,-0.0452
PK31181,2018,2,-0.0221,-0.0167,0.0171,-0.0280
PK31181,2019,7,-0.0026,0.0000,-0.0347,-0.0029
PK31181,2020,4,0.0000,0.0230,0.0220,0.0000
PK31181,2021,2,0.0725,-0.0025,0.0688,0.0702
PK31181,2022,9,0.0001,0.0153,0.0295,-0.0021
PK31181,2023,2,-0.0275,-0.0289,-0.0271,-0.0285
PK31181,2024,5,0.0193,0.0118,0.0000,0.0183
PK31181,2025,9,0.0222,0.0165,0.0474,0.0168
PK31181,2026,14,-0.0349,-0.0337,-0.0337,-0.0405
PK31182,2018,2,-0.0007,-0.0200,0.0175,-0.0081
PK31182,2019,7,0.0000,0.0021,-0.0016,0.0000
PK31182,2020,4,-0.0005,0.0109,0.0315,-0.0026
PK31182,2021,2,0.0783,0.0000,0.0881,0.0735
PK31182,2022,9,-0.0024,0.0069,0.0206,-0.0054
PK31182,2023,2,-0.0059,-0.0163,-0.0033,-0.0088
PK31182,2024,5,0.0108,-0.0123,0.0000,0.0095
PK31182,2025,8,0.0132,-0.0204,0.0186,0.0063
PK31182,2026,14,-0.0701,-0.0938,-0.0744,-0.0761
PK31183,2018,2,-0.0036,-0.0131,-0.0002,-0.0361
PK31183,2019,7,-0.0012,0.0000,-0.0320,0.0000
PK31183,2020,4,-0.0008,0.0211,0.0203,-0.0024
PK31183,2021,2,0.0809,-0.0122,0.0566,0.0665
PK31183,2022,9,0.0074,0.0047,0.0036,-0.0085
PK31183,2023,2,0.0000,-0.0283,-0.0232,-0.0103
PK31183,2024,5,0.0389,0.0172,0.0000,0.0288
PK31183,2025,9,0.0471,0.0166,0.0438,0.0108
PK31183,2026,14,-0.0044,-0.0529,-0.0449,-0.0406
PK31184,2018,2,-0.0848,-0.0590,-0.0305,-0.0843
PK31184,2019,7,-0.0085,0.0000,-0.0323,-0.0076
PK31184,2020,4,0.0000,0.0045,0.0060,0.0000
PK31184,2021,2,0.0527,-0.0412,0.0272,0.0503
PK31184,2022,9,-0.0166,-0.0275,-0.0098,-0.0183
PK31184,2023,2,-0.0214,-0.0370,-0.0389,-0.0220
PK31184,2024,5,0.0395,0.0026,0.0000,0.0376
PK31184,2025,9,0.0049,-0.0189,0.0079,0.0008
PK31184,2026,14,-0.0590,-0.0965,-0.0772,-0.0615
PK31185,2018,2,-0.0582,-0.0658,-0.0547,-0.0576
PK31185,2019,7,0.0205,0.0500,0.0178,0.0214
PK31185,2020,4,0.0000,0.0304,0.0042,0.0000
PK31185,2021,3,0.0326,-0.0095,0.0000,0.0322
PK31185,2022,9,-0.0382,0.0231,-0.0432,-0.0384
PK31185,2023,2,-0.0897,0.0000,-0.0748,-0.0883
PK31185,2024,5,-0.0208,-0.0103,-0.0672,-0.0197
PK31185,2025,9,-0.0810,-0.0647,-0.0939,-0.0800
PK31185,2026,14,-0.3397,-0.1873,-0.2215,-0.3358
PK31232,2018,2,-0.0180,-0.0203,0.0077,-0.0239
PK31232,2019,4,0.0000,0.0353,0.0523,-0.0134
PK31232,2020,3,-0.0165,-0.0078,0.0000,0.0000
PK31232,2021,3,0.0145,-0.0053,0.0158,0.0074
PK31232,2022,9,-0.0421,0.0308,-0.0089,-0.0112
PK31232,2023,2,0.0003,0.0080,-0.0122,0.0301
PK31232,2024,6,-0.0861,0.0000,-0.0265,-0.0319
PK31232,2025,9,-0.0778,-0.0405,-0.0314,-0.0450
PK31232,2026,13,-0.0819,-0.0223,-0.0287,-0.0413
PK31233,2018,2,-0.0387,-0.0244,-0.0269,-0.0540
PK31233,2019,5,0.0186,-0.0021,0.0169,0.0009
PK31233,2020,3,0.0000,0.0202,-0.0138,0.0000
PK31233,2021,3,0.1260,-0.0435,0.0334,0.0692
PK31233,2022,9,-0.0414,0.0135,0.0031,-0.0377
PK31233,2023,2,-0.0579,0.0138,0.0000,-0.0063
PK31233,2024,7,-0.0547,0.0000,-0.0470,-0.0395
PK31233,2025,9,-0.0403,-0.0087,-0.0519,-0.0458
PK31233,2026,14,-0.0227,-0.0287,-0.0431,-0.0334
PK31239,2018,3,-0.0070,0.0141,-0.0086,-0.0334
PK31239,2019,5,0.0025,0.0324,0.0249,0.0235
PK31239,2020,3,-0.0357,0.0204,-0.0166,0.0000
PK31239,2021,2,0.0477,-0.0021,0.0749,0.0602
PK31239,2022,9,-0.0217,0.0082,0.0192,-0.0213
PK31239,2023,2,0.0000,0.0000,0.0000,-0.0076
PK31239,2024,7,-0.0465,-0.0150,-0.0277,-0.0516
PK31239,2025,9,-0.0067,-0.0353,-0.0001,-0.0409
PK31239,2026,14,-0.0217,-0.0285,-0.0280,-0.0588
PK31241,2018,3,-0.1322,-0.2799,-0.1535,-0.1800
PK31241,2019,7,0.0000,0.0000,0.0000,0.0000
PK31241,2020,3,0.0137,0.0616,0.0441,0.0185
PK31241,2021,3,0.0515,0.0040,0.0336,0.0526
PK31241,2022,9,-0.0173,-0.1389,-0.0599,-0.0539
PK31241,2023,2,-0.0022,-0.0339,-0.0396,-0.0132
PK31241,2024,7,-0.0418,-0.0630,-0.0902,-0.1031
PK31241,2025,9,-0.0215,-0.0799,-0.0836,-0.0857
PK31241,2026,15,-0.0895,-0.1628,-0.1532,-0.1696
PK31244,2018,3,-0.0595,-0.1171,-0.1251,-0.0899
PK31244,2019,6,0.0000,0.0061,0.0000,0.0000
PK31244,2020,3,-0.0062,0.0000,-0.0019,-0.0013
PK31244,2021,3,0.0878,-0.0101,0.0306,0.0738
PK31244,2022,9,0.0060,-0.0039,0.0203,-0.0130
PK31244,2023,2,0.0539,-0.0539,-0.0622,0.0087
PK31244,2024,7,-0.0069,0.0510,0.0079,-0.0323
PK31244,2025,8,0.0212,-0.0548,-0.0213,-0.0297
PK31244,2026,15,0.0287,-0.0400,-0.0390,-0.0352
PK31245,2018,3,-0.0467,-0.1067,-0.0244,-0.0941
PK31245,2019,6,0.0000,0.0013,0.0000,0.0000
PK31245,2020,3,-0.0004,0.0000,-0.0178,0.0062
PK31245,2021,3,0.0655,-0.0305,0.0449,0.0477
PK31245,2022,9,0.0004,-0.0479,-0.0045,-0.0379
PK31245,2023,2,0.0292,-0.0444,-0.0129,-0.0462
PK31245,2024,7,-0.0068,0.0127,0.0061,-0.0473
PK31245,2025,7,0.0391,-0.0480,-0.0013,-0.0360
PK31245,2026,15,0.0285,-0.0221,-0.0166,-0.0444
PK31246,2018,3,-0.0111,-0.0909,-0.0270,-0.0458
PK31246,2019,7,0.0017,0.0083,0.0072,0.0014
PK31246,2020,3,0.0000,0.0239,0.0000,0.0000
PK31246,2021,3,0.0528,-0.0361,0.0345,0.0482
PK31246,2022,9,-0.0010,-0.0523,-0.0081,-0.0189
PK31246,2023,2,-0.0086,-0.0167,-0.0077,-0.0089
PK31246,2024,7,-0.0300,0.0000,-0.0215,-0.0369
PK31246,2025,7,0.0145,-0.0344,-0.0085,-0.0150
PK31246,2026,15,-0.0117,-0.0465,-0.0397,-0.0383
PK31247,2018,2,-0.0816,-0.1546,-0.1259,-0.1219
PK31247,2019,7,0.0000,-0.0139,0.0027,0.0000
PK31247,2020,3,-0.0116,0.0191,-0.0057,0.0001
PK31247,2021,3,0.0409,-0.0374,0.0000,0.0357
PK31247,2022,9,-0.0303,-0.1087,-0.0587,-0.0664
PK31247,2023,2,0.0102,0.0286,0.0193,-0.0025
PK31247,2024,7,-0.0218,0.0000,-0.0429,-0.0452
PK31247,2025,7,-0.0035,-0.0750,-0.0629,-0.0579
PK31247,2026,14,-0.0465,-0.0777,-0.1331,-0.0991
PK31250,2018,3,-0.0365,-0.0801,-0.0303,-0.0558
PK31250,2019,7,0.0025,0.0074,0.0000,0.0036
PK31250,2020,3,0.0000,0.0117,0.0079,0.0000
PK31250,2021,3,0.0390,-0.0333,0.0351,0.0335
PK31250,2022,9,-0.0154,-0.0133,-0.0201,-0.0207
PK31250,2023,2,-0.0066,0.0000,-0.0001,-0.0054
PK31250,2024,7,-0.0532,-0.0322,-0.0461,-0.0514
PK31250,2025,7,0.0028,-0.0636,-0.0429,-0.0228
PK31250,2026,16,-0.0138,-0.0497,-0.0597,-0.0351
PK31268,2018,4,-0.1319,-0.1465,-0.0956,-0.1608
PK31268,2019,7,0.0000,0.0396,0.0000,0.0000
PK31268,2020,3,-0.0234,0.0000,0.0123,-0.0420
PK31268,2021,3,0.0642,-0.0423,-0.0660,0.0513
PK31268,2022,9,0.0100,-0.0695,-0.0615,-0.0351
PK31268,2023,2,0.0978,0.1274,0.0765,0.1041
PK31268,2024,7,-0.0729,-0.0375,-0.0528,-0.0755
PK31268,2025,9,-0.0160,-0.0041,-0.0652,-0.1021
PK31268,2026,14,-0.0845,-0.0874,-0.0754,-0.1383
PK31337,2018,7,-0.0401,-0.1449,-0.0681,-0.1073
PK31337,2019,10,-0.0102,-0.0012,0.0029,-0.0009
PK31337,2020,3,-0.0169,0.0053,0.0023,-0.0105
PK31337,2021,3,0.0175,0.0012,-0.0023,0.0234
PK31337,2022,8,0.0005,-0.0314,-0.0084,-0.0301
PK31337,2024,6,0.0102,-0.0402,-0.0040,0.0009
PK31337,2025,7,-0.0081,-0.0222,-0.0205,-0.0295
PK31337,2026,18,-0.0240,-0.0106,-0.0263,-0.0374
PK31373,2018,8,0.0111,0.0320,0.0304,-0.0364
PK31373,2019,8,-0.0119,0.0007,-0.0039,0.0000
PK31373,2020,4,-0.0269,-0.0007,-0.0407,-0.0155
PK31373,2021,2,0.0240,-0.0784,0.0117,0.0612
PK31373,2022,8,0.0522,0.0603,0.0283,-0.0117
PK31373,2024,5,0.0119,0.0137,0.0039,0.0129
PK31373,2025,7,0.0953,0.0913,0.0278,-0.0040
PK31373,2026,17,-0.0410,0.0035,-0.0226,-0.0472
PK31409,2018,7,-0.0298,-0.0680,-0.0628,-0.1260
PK31409,2019,7,-0.0003,0.0668,0.0083,0.0072
PK31409,2020,2,-0.0130,-0.0392,-0.0083,-0.0236
PK31409,2021,2,0.0574,0.0335,0.0302,0.0801
PK31409,2022,7,0.0404,-0.0179,-0.0353,-0.0386
PK31409,2024,6,0.0003,-0.0335,-0.0589,-0.0072
PK31409,2025,6,0.0646,0.0202,-0.0069,-0.0256
PK31409,2026,16,0.0350,-0.0094,-0.0432,-0.0194
PK31454,2018,3,-0.0187,-0.0433,0.0065,-0.0024
PK31454,2019,7,0.0493,0.0637,0.0683,0.0596
PK31454,2020,4,-0.0095,0.0135,0.0000,0.0000
PK31454,2021,3,0.0000,-0.0700,-0.0080,-0.0024
PK31454,2022,7,-0.0227,-0.0332,-0.0098,-0.0190
PK31454,2023,2,-0.0235,-0.0053,-0.0090,-0.0206
PK31454,2024,5,0.0264,0.0000,0.0409,0.0414
PK31454,2025,6,0.0039,-0.0215,-0.0188,0.0031
PK31454,2026,15,-0.0106,-0.0034,-0.0310,-0.0084
PK31455,2018,3,-0.0361,-0.0733,-0.0569,-0.0474
PK31455,2019,7,0.0452,0.0167,0.0121,0.0459
PK31455,2020,4,0.0000,0.0000,-0.0016,-0.0001
PK31455,2021,3,-0.0348,-0.0539,-0.0376,-0.0225
PK31455,2022,7,-0.0600,-0.0418,-0.0288,-0.0505
PK31455,2023,2,-0.0029,-0.0001,0.0000,0.0000
PK31455,2024,4,0.0855,0.0296,0.0272,0.0781
PK31455,2025,6,-0.0134,0.0031,-0.0294,-0.0172
PK31455,2026,15,-0.0145,-0.0106,-0.0491,-0.0219
PK31479,2018,4,0.0238,-0.1305,-0.0977,-0.1014
PK31479,2019,8,0.0101,0.0745,0.0177,0.0130
PK31479,2020,3,0.0053,0.0000,-0.0369,-0.0021
PK31479,2021,2,-0.0176,-0.0509,0.0000,0.0000
PK31479,2022,7,-0.0142,-0.0771,-0.0734,-0.0890
PK31479,2023,1,0.0000,0.1824,0.1464,0.0181
PK31479,2024,5,-0.0240,-0.0595,-0.0749,-0.0417
PK31479,2025,7,-0.0002,-0.0770,-0.1286,-0.1100
PK31479,2026,15,-0.0070,-0.0993,-0.1632,-0.1005
PK31490,2018,3,-0.0711,-0.1628,-0.0949,-0.1057
PK31490,2019,8,-0.0014,0.0066,0.0121,-0.0028
PK31490,2020,3,-0.0319,-0.0001,-0.0127,-0.0308
PK31490,2021,2,0.0343,-0.0585,-0.0037,0.0314
PK31490,2022,8,-0.0590,-0.1448,-0.0883,-0.0814
PK31490,2024,5,0.0014,0.0001,0.0037,0.0028
PK31490,2025,6,-0.0731,-0.1469,-0.1160,-0.0953
PK31490,2026,14,-0.0501,-0.1104,-0.0664,-0.0712
PK31494,2018,3,-0.1141,-0.1890,-0.1668,-0.1424
PK31494,2019,8,0.0000,0.0124,-0.0038,0.0000
PK31494,2020,4,-0.0365,-0.0208,0.0050,-0.0358
PK31494,2021,3,0.0377,0.0000,0.0000,0.0314
PK31494,2022,8,-0.0941,-0.1325,-0.0760,-0.0999
PK31494,2023,2,-0.3451,-0.0886,-0.1908,-0.3293
PK31494,2024,5,0.0107,0.0347,0.0166,0.0147
PK31494,2025,5,-0.0979,-0.1497,-0.1340,-0.1108
PK31494,2026,15,-0.0739,-0.0938,-0.1251,-0.0967
PK31500,2018,3,0.0055,-0.0666,-0.0696,-0.0153
PK31500,2019,8,0.0861,0.0358,0.0149,0.0482
PK31500,2020,3,0.0000,0.0000,0.0000,-0.0008
PK31500,2021,3,0.0639,-0.0054,0.0182,0.0687
PK31500,2022,9,-0.0056,-0.0175,-0.0417,-0.0332
PK31500,2023,1,-0.0577,-0.0375,-0.1077,-0.0663
PK31500,2024,5,-0.0237,0.0158,-0.0313,0.0000
PK31500,2025,5,-0.0180,-0.0424,-0.0407,-0.0158
PK31500,2026,16,-0.0768,-0.0458,-0.0510,-0.0549
PK31512,2018,3,-0.0595,-0.0139,-0.0615,-0.0733
PK31512,2019,8,0.0000,0.0100,0.0041,0.0000
PK31512,2020,3,-0.0174,-0.0050,-0.0183,-0.0185
PK31512,2021,3,0.0184,0.0350,0.0013,0.0159
PK31512,2022,9,-0.0371,-0.0432,-0.0511,-0.0457
PK31512,2023,1,-0.4741,-0.2440,-0.4209,-0.4712
PK31512,2024,5,0.0277,0.0000,0.0000,0.0255
PK31512,2025,5,-0.0155,-0.0369,-0.0302,-0.0278
PK31512,2026,15,-0.0357,-0.0197,-0.0642,-0.0509
PK31513,2018,3,-0.0957,-0.0225,-0.0599,-0.0911
PK31513,2019,8,0.0080,0.0000,0.0000,0.0061
PK31513,2020,3,-0.0308,-0.0098,-0.0312,-0.0313
PK31513,2021,3,0.0502,0.0117,0.0354,0.0479
PK31513,2022,9,-0.0483,-0.0355,-0.0442,-0.0561
PK31513,2023,1,-0.3334,-0.1719,-0.2776,-0.3206
PK31513,2024,5,0.0000,0.0142,0.0148,0.0000
PK31513,2025,5,-0.0497,-0.0257,-0.0110,-0.0568
PK31513,2026,15,-0.0304,-0.0306,-0.0566,-0.0439
PK31533,2018,4,-0.1006,-0.0578,-0.0494,-0.0826
PK31533,2019,8,-0.0068,0.0123,0.0170,-0.0042
PK31533,2020,2,-0.0511,-0.0053,-0.0373,-0.0405
PK31533,2021,2,0.0373,-0.0286,0.0433,0.0331
PK31533,2022,6,-0.0513,-0.0399,-0.0775,-0.0529
PK31533,2024,6,0.0068,0.0053,-0.0170,0.0042
PK31533,2025,4,-0.0523,-0.0593,-0.0923,-0.0582
PK31533,2026,16,-0.0585,-0.0477,-0.0595,-0.0664
PK31540,2018,4,-0.0960,-0.0497,-0.0875,-0.1057
PK31540,2019,7,0.0315,0.0359,0.0169,0.0200
PK31540,2020,2,-0.0436,-0.0294,-0.0303,-0.0458
PK31540,2021,2,0.0910,0.0121,0.0525,0.0727
PK31540,2022,6,-0.0587,-0.0359,-0.0462,-0.0704
PK31540,2024,6,-0.0315,-0.0121,-0.0169,-0.0200
PK31540,2025,5,-0.0522,0.0054,-0.0510,-0.0653
PK31540,2026,16,-0.0604,-0.0262,-0.0511,-0.0755
PK31544,2018,4,0.0451,-0.0301,0.0012,-0.0060
PK31544,2019,7,-0.0492,0.0119,0.0077,-0.0333
PK31544,2020,2,-0.1140,-0.0661,-0.0792,-0.1017
PK31544,2021,2,0.0511,-0.0119,0.0239,0.0426
PK31544,2022,6,-0.0935,-0.0774,-0.0992,-0.0993
PK31544,2024,7,0.0492,0.0422,-0.0077,0.0333
PK31544,2025,5,0.0009,-0.0957,-0.0879,-0.0367
PK31544,2026,16,-0.0138,-0.0516,-0.0623,-0.0363
PK31717,2018,5,-0.0210,-0.1377,-0.0873,-0.0673
PK31717,2019,8,0.0208,-0.0393,-0.0133,0.0052
PK31717,2020,4,-0.0068,0.0046,-0.0164,-0.0178
PK31717,2021,2,0.1100,-0.0066,0.0463,0.0698
PK31717,2022,7,0.0178,-0.0874,-0.0119,-0.0199
PK31717,2023,1,0.0000,0.0307,0.0001,0.0000
PK31717,2024,6,-0.0195,0.0000,0.0000,-0.0273
PK31717,2025,8,0.0052,-0.0236,-0.0353,-0.0139
PK31717,2026,16,0.0201,-0.0488,-0.0344,-0.0042
PK31725,2018,6,-0.1438,-0.1572,-0.1478,-0.1844
PK31725,2019,8,-0.0094,-0.0278,-0.0016,0.0000
PK31725,2020,4,-0.0088,0.0054,-0.0202,-0.0064
PK31725,2021,2,0.0945,-0.0160,0.0425,0.0772
PK31725,2022,7,0.0555,-0.0162,0.0397,-0.0372
PK31725,2023,1,0.0000,0.0000,0.0000,0.0044
PK31725,2024,6,0.0031,0.0056,0.0044,-0.0120
PK31725,2025,8,0.1085,0.0142,0.0501,-0.0171
PK31725,2026,17,0.1155,0.0012,0.0512,-0.0194
PK31762,2018,2,-0.2353,-0.1052,-0.0731,-0.1806
PK31762,2019,5,0.0035,0.0132,0.0751,0.0138
PK31762,2020,2,-0.3346,-0.0231,-0.1001,-0.2624
PK31762,2021,3,0.0000,-0.0966,-0.0145,0.0000
PK31762,2022,8,0.0827,0.0497,0.0681,0.0211
PK31762,2023,2,-0.0924,0.0000,0.0000,-0.0313
PK31762,2024,6,0.0702,0.1322,0.1129,0.0579
PK31762,2025,7,0.0077,0.0288,0.1118,-0.0156
PK31762,2026,16,-0.1614,-0.1012,-0.0795,-0.1388
PK31844,2018,7,-0.1497,-0.0335,-0.0974,-0.1777
PK31844,2019,9,0.0105,0.0284,0.0240,0.0124
PK31844,2020,2,-0.0454,-0.0367,-0.0339,-0.0211
PK31844,2021,3,0.0622,0.0000,0.0000,0.0519
PK31844,2022,8,-0.0163,-0.0263,-0.0180,-0.0824
PK31844,2023,1,0.0000,-0.0031,0.0573,0.0000
PK31844,2024,6,-0.0085,0.0429,-0.0157,-0.0142
PK31844,2025,8,0.0089,-0.0404,-0.0746,-0.0589
PK31844,2026,19,-0.0208,-0.0330,-0.0871,-0.0950
PK31928,2018,4,-0.0637,-0.1296,-0.0521,-0.0872
PK31928,2019,9,0.0000,0.0024,0.0118,0.0248
PK31928,2020,4,-0.0035,0.0000,0.0000,-0.0052
PK31928,2021,4,0.0079,0.0003,0.0089,0.0229
PK31928,2022,8,-0.0047,-0.0341,-0.0123,-0.0178
PK31928,2023,1,-0.0696,-0.0510,-0.0693,-0.0458
PK31928,2024,5,0.0080,-0.0021,-0.0190,0.0000
PK31928,2025,7,0.0362,-0.0319,-0.0208,-0.0158
PK31928,2026,16,0.0277,-0.0514,-0.0192,-0.0080
PK31931,2018,3,-0.1040,-0.1493,-0.0637,-0.0920
PK31931,2019,10,0.0385,0.0368,0.0174,0.0419
PK31931,2020,4,0.0000,0.0000,0.0000,0.0000
PK31931,2021,3,0.0496,0.0337,0.0397,0.0496
PK31931,2022,8,-0.0140,-0.0825,-0.0375,-0.0241
PK31931,2023,1,-0.1276,-0.0161,-0.0618,-0.0914
PK31931,2024,5,-0.0321,-0.0062,-0.0303,-0.0341
PK31931,2025,7,0.0212,-0.1612,-0.0830,-0.0411
PK31931,2026,15,0.0453,-0.1025,-0.0938,-0.0351
PK31932,2018,3,0.0408,-0.1377,-0.0766,-0.0425
PK31932,2019,10,0.0683,0.0465,0.0128,0.0460
PK31932,2020,4,0.0081,0.0000,0.0000,0.0000
PK31932,2021,4,0.0000,0.0217,0.0129,0.0007
PK31932,2022,8,0.0264,-0.0867,-0.0444,-0.0256
PK31932,2023,1,-0.1371,-0.0231,-0.0763,-0.1367
PK31932,2024,5,-0.0317,-0.0137,-0.0531,-0.0534
PK31932,2025,7,0.0364,-0.1123,-0.0915,-0.0577
PK31932,2026,16,0.0426,-0.0954,-0.0997,-0.0442
PK33036,2018,8,-0.2804,-0.0402,-0.0821,-0.1852
PK33036,2019,9,-0.0200,0.0262,0.0000,-0.0030
PK33036,2020,3,0.0000,-0.0073,-0.0207,0.0000
PK33036,2021,3,0.0125,-0.0091,0.0039,0.0141
PK33036,2022,8,-0.0438,0.0028,-0.0112,-0.0382
PK33036,2023,1,0.0086,0.0814,0.0517,0.0222
PK33036,2024,6,-0.0952,0.0000,-0.0130,-0.0427
PK33036,2025,6,-0.0510,-0.0198,-0.0452,-0.0409
PK33036,2026,15,-0.0552,-0.0058,-0.0450,-0.0401
PK33139,2018,2,0.0134,-0.0244,-0.0204,-0.0117
PK33139,2019,9,0.0526,0.0337,0.0167,0.0341
PK33139,2020,5,0.0000,0.0000,0.0000,-0.0115
PK33139,2021,3,-0.0084,-0.0199,-0.0150,-0.0158
PK33139,2022,8,-0.0049,0.0066,-0.0024,-0.0131
PK33139,2023,1,0.0587,0.0488,0.0365,0.0517
PK33139,2024,6,-0.0027,-0.0167,-0.0153,0.0000
PK33139,2025,7,0.0310,0.0085,0.0194,0.0167
PK33139,2026,16,0.0130,0.0005,-0.0078,-0.0078
PK33313,2018,6,-0.0555,-0.1412,-0.1225,-0.1036
PK33313,2019,10,0.0000,0.0000,0.0000,0.0113
PK33313,2020,3,-0.0521,-0.0019,-0.0761,-0.0298
PK33313,2021,3,0.0179,0.0125,0.0496,0.0000
PK33313,2022,8,0.0419,-0.0796,-0.0554,-0.0190
PK33313,2023,1,0.0180,-0.0074,0.0241,0.0256
PK33313,2024,6,-0.0015,0.0020,-0.0351,-0.0003
PK33313,2025,7,0.0392,-0.0923,-0.0743,-0.0362
PK33313,2026,19,0.0006,-0.1111,-0.1289,-0.0650
PK33738,2018,3,-0.0223,0.0177,0.0502,-0.0318
PK33738,2019,7,-0.0162,-0.0167,-0.0262,-0.0157
PK33738,2020,3,0.0000,0.0391,0.0000,0.0000
PK33738,2021,2,0.1418,0.0000,0.1058,0.1084
PK33738,2022,7,0.0082,-0.0388,-0.0172,-0.0025
PK33738,2023,2,-0.2428,-0.0945,-0.1630,-0.1863
PK33738,2024,6,0.0299,0.0126,0.0433,0.0336
PK33738,2025,7,0.0302,0.0223,0.0281,0.0112
PK33738,2026,18,-0.0007,0.0011,0.0207,-0.0125
PK33755,2018,1,-0.1783,-0.0187,-0.0035,-0.1087
PK33755,2019,7,-0.0096,0.0024,0.0031,0.0000
PK33755,2020,3,0.0000,-0.0019,-0.0292,-0.0237
PK33755,2021,2,0.1023,0.0000,0.0000,0.0516
PK33755,2022,7,-0.1053,-0.0133,-0.0384,-0.0714
PK33755,2023,1,-0.7038,-0.0284,-0.1603,-0.4781
PK33755,2024,6,0.0355,0.0397,0.0012,0.0137
PK33755,2025,8,0.0243,0.0127,-0.0244,0.0016
PK33755,2026,16,0.0144,0.0275,0.0028,-0.0085
PK33758,2018,3,0.0654,0.0301,0.0335,0.0252
PK33758,2019,7,-0.0743,-0.0069,0.0000,-0.0182
PK33758,2020,3,0.0000,0.0000,0.0239,0.0387
PK33758,2021,2,0.1035,0.0463,0.0463,0.1207
PK33758,2022,7,-0.0568,0.0137,0.0027,0.0504
PK33758,2023,1,-0.0977,-0.0297,-0.0194,-0.0448
PK33758,2024,6,0.0252,0.0051,-0.1035,0.0000
PK33758,2025,7,0.0939,-0.0476,-0.0800,0.0212
PK33758,2026,17,-0.0018,-0.0290,-0.1334,-0.0522
PK33761,2018,3,-0.1598,-0.0320,-0.0359,-0.1431
PK33761,2019,7,0.0000,0.0000,-0.0129,-0.0025
PK33761,2020,3,-0.0314,0.0907,0.0089,0.0000
PK33761,2021,2,0.1602,0.0287,0.1508,0.1215
PK33761,2022,7,-0.0196,0.0038,0.0282,-0.0305
PK33761,2023,1,-0.3874,-0.0958,-0.1941,-0.2465
PK33761,2024,6,0.0006,-0.0100,0.0000,0.0006
PK33761,2025,8,-0.0012,0.0656,0.0511,-0.0211
PK33761,2026,17,0.0224,0.0019,-0.0120,0.0065
PK33777,2018,3,0.0213,-0.0528,-0.0144,-0.0536
PK33777,2019,7,-0.0398,-0.0047,-0.0411,-0.0207
PK33777,2020,3,-0.0790,-0.0139,-0.0299,-0.0434
PK33777,2021,2,0.0768,0.0000,0.0243,0.0637
PK33777,2022,7,-0.0261,-0.0216,-0.0475,-0.0580
PK33777,2023,1,0.0000,0.0633,0.0000,0.0000
PK33777,2024,6,0.0795,0.0940,0.0925,0.0428
PK33777,2025,8,0.1038,0.1032,0.0532,0.0254
PK33777,2026,17,0.1028,0.0893,0.0368,0.0331
PK33779,2018,3,-0.0379,-0.1082,-0.0376,-0.0991
PK33779,2019,7,-0.0443,-0.0441,-0.0064,-0.0286
PK33779,2020,3,-0.0526,-0.0073,0.0000,-0.0254
PK33779,2021,2,0.0293,0.0000,-0.0064,0.0360
PK33779,2022,7,-0.0064,0.0013,-0.0033,-0.0280
PK33779,2023,1,0.0137,0.1585,0.0985,0.0000
PK33779,2024,6,0.0000,0.0623,0.0065,0.0031
PK33779,2025,8,0.0215,-0.0217,0.0755,-0.0169
PK33779,2026,17,-0.0043,-0.0208,-0.0315,-0.0578
PK33895,2018,3,0.0621,0.0150,0.0313,-0.0152
PK33895,2019,6,0.0000,0.0000,0.0000,-0.0358
PK33895,2020,3,-0.1327,-0.1039,-0.1389,-0.1378
PK33895,2021,3,0.0175,-0.0009,0.0040,0.0083
PK33895,2022,8,-0.0599,-0.0349,-0.0433,-0.0633
PK33895,2023,1,0.0065,0.0168,-0.0251,0.0000
PK33895,2024,5,-0.0242,0.0496,0.0141,0.0173
PK33895,2025,6,-0.0134,0.0038,0.0045,-0.0089
PK33895,2026,15,-0.0539,-0.0175,-0.0417,-0.0322
PK33900,2018,4,-0.1009,-0.0599,-0.0671,-0.1241
PK33900,2019,6,-0.0909,-0.0093,-0.0548,-0.0924
PK33900,2020,2,-0.4162,-0.1312,-0.1819,-0.3372
PK33900,2021,3,0.0000,0.0000,0.0000,0.0000
PK33900,2022,8,0.0018,0.0200,-0.0076,-0.0350
PK33900,2023,1,0.0244,0.0173,0.0030,0.0029
PK33900,2024,5,0.0243,0.1211,0.0247,0.0120
PK33900,2025,7,0.0236,0.0390,0.0052,-0.0038
PK33900,2026,16,-0.0305,0.0096,-0.0150,-0.0534
PK33963,2018,5,-0.0968,-0.0210,-0.0373,-0.0907
PK33963,2019,7,0.0000,0.0258,0.0000,0.0000
PK33963,2020,2,-0.0813,-0.0131,-0.0257,-0.0587
PK33963,2021,3,0.0451,0.0000,0.0644,0.0678
PK33963,2022,8,0.0266,0.0586,0.0348,0.0085
PK33963,2023,1,0.0431,0.1779,0.0776,0.0594
PK33963,2024,6,-0.1200,-0.0365,-0.0591,-0.0823
PK33963,2025,7,0.0415,0.0584,0.0034,0.0165
PK33963,2026,16,-0.0127,0.0173,-0.0236,-0.0285
PK33965,2018,6,-0.0192,0.0012,-0.0395,-0.0647
PK33965,2019,7,0.0000,-0.0197,0.0000,0.0000
PK33965,2020,2,-0.0520,-0.0245,-0.0692,-0.0608
PK33965,2021,3,0.1180,0.0540,0.0205,0.1093
PK33965,2022,8,0.0784,-0.0128,-0.0102,0.0345
PK33965,2023,1,0.0382,0.0725,0.0072,0.0486
PK33965,2024,6,-0.0288,0.0000,-0.0349,-0.0310
PK33965,2025,7,0.0478,0.0019,-0.0510,-0.0097
PK33965,2026,16,0.0302,-0.0276,-0.0965,-0.0205
PK34430,2018,7,-0.2663,-0.1066,-0.1433,-0.2021
PK34430,2019,9,0.0414,0.0703,0.0193,0.0212
PK34430,2020,3,-0.0103,0.0000,-0.0601,-0.0138
PK34430,2021,4,0.0238,-0.0170,0.0047,0.0117
PK34430,2022,8,-0.0365,0.0021,0.0104,-0.0451
PK34430,2023,1,0.0000,-0.0102,0.0000,0.0000
PK34430,2024,6,-0.0888,0.0313,-0.0117,-0.0586
PK34430,2025,8,0.0157,0.0537,0.0360,0.0023
PK34430,2026,17,-0.0426,0.0108,-0.0148,-0.0419
PK34493,2018,4,-0.0434,-0.0542,-0.0519,-0.1079
PK34493,2019,8,0.0210,0.0121,0.0061,0.0087
PK34493,2020,4,-0.0286,-0.0121,-0.0061,-0.0331
PK34493,2021,2,0.0785,-0.0219,0.0195,0.0748
PK34493,2022,7,0.0026,-0.0276,-0.0343,-0.0208
PK34493,2024,6,-0.0210,0.0498,-0.0299,-0.0087
PK34493,2025,7,0.0318,0.0064,-0.0078,-0.0005
PK34493,2026,17,0.0042,0.0070,-0.0311,-0.0125
PK34606,2018,3,-0.1374,-0.0841,-0.0689,-0.1412
PK34606,2019,9,0.0015,-0.0229,-0.0141,-0.0070
PK34606,2020,2,-0.1049,-0.0193,0.0165,-0.0914
PK34606,2021,2,0.0741,0.0000,0.0000,0.0594
PK34606,2022,9,-0.0122,0.0184,-0.0046,-0.0268
PK34606,2023,1,-0.0055,0.0293,0.0724,0.0064
PK34606,2024,6,0.0000,0.0482,-0.0120,0.0000
PK34606,2025,7,-0.0136,0.0787,0.0037,-0.0317
PK34606,2026,14,-0.0221,0.0660,-0.0149,-0.0295
PK34632,2018,3,0.0004,-0.0316,0.0294,-0.0553
PK34632,2019,9,0.0316,0.0000,0.0000,0.0098
PK34632,2020,2,0.0000,-0.0759,-0.0086,-0.0321
PK34632,2021,2,0.1303,0.0145,0.0081,0.0907
PK34632,2022,9,0.0056,-0.0147,0.0367,-0.0276
PK34632,2023,1,-0.0013,0.0916,0.0963,0.0000
PK34632,2024,6,-0.0089,-0.0421,-0.0230,-0.0192
PK34632,2025,7,0.0316,-0.0522,-0.0019,-0.0167
PK34632,2026,16,0.0233,-0.0372,-0.0212,-0.0145
PK34634,2018,3,-0.0263,-0.0707,-0.0535,-0.0612
PK34634,2019,9,0.0000,0.0000,0.0000,-0.0145
PK34634,2020,2,-0.0390,-0.0252,-0.0180,-0.0444
PK34634,2021,2,0.0608,0.0037,0.0564,0.0535
PK34634,2022,9,-0.0205,-0.0424,-0.0536,-0.0342
PK34634,2023,1,-0.0068,0.0069,0.0580,0.0000
PK34634,2024,6,0.0157,-0.0135,-0.0156,0.0050
PK34634,2025,7,0.0126,-0.0106,-0.0165,-0.0107
PK34634,2026,16,0.0004,-0.0286,-0.0464,-0.0223
PK34635,2018,3,-0.0145,-0.0498,-0.0086,-0.0463
PK34635,2019,9,-0.0041,0.0000,0.0000,-0.0180
PK34635,2020,2,-0.0373,-0.0695,-0.0261,-0.0492
PK34635,2021,2,0.0774,0.0181,0.0279,0.0657
PK34635,2022,9,0.0334,-0.0104,-0.0068,0.0184
PK34635,2023,1,0.0000,0.0524,0.0924,0.0000
PK34635,2024,6,0.0087,-0.0329,-0.0368,0.0020
PK34635,2025,7,0.0269,-0.0391,-0.0072,0.0033
PK34635,2026,16,-0.0065,-0.0286,-0.0261,-0.0242
PK34723,2018,3,-0.1089,-0.0731,-0.1005,-0.0824
PK34723,2019,9,-0.0091,0.0000,-0.0157,-0.0088
PK34723,2020,2,0.0012,0.0053,0.0076,0.0000
PK34723,2021,2,0.0311,-0.0419,0.0000,0.0349
PK34723,2022,8,0.0288,0.0180,0.0022,-0.0041
PK34723,2023,1,-0.0234,-0.0309,-0.0392,-0.0445
PK34723,2024,6,0.0000,0.0269,0.0130,0.0213
PK34723,2025,6,0.0242,0.0335,0.0017,0.0167
PK34723,2026,15,-0.0321,0.0190,-0.0432,-0.0206
PK34845,2018,3,-0.0115,-0.0120,0.0214,-0.0172
PK34845,2019,6,-0.0506,-0.0049,-0.0038,-0.0248
PK34845,2020,2,0.0000,0.0189,0.0000,0.0000
PK34845,2021,3,0.0722,0.0000,0.0292,0.0589
PK34845,2022,8,-0.0085,0.0183,-0.0251,-0.0053
PK34845,2023,1,-0.0630,-0.0027,-0.0106,-0.0537
PK34845,2024,6,0.0208,0.0288,0.0434,0.0357
PK34845,2025,8,-0.0157,0.0375,0.0092,-0.0062
PK34845,2026,17,-0.0305,0.0117,-0.0175,-0.0206
PK34846,2018,3,0.0223,-0.0341,0.0121,-0.0209
PK34846,2019,6,-0.0197,-0.0413,-0.0289,-0.0209
PK34846,2020,2,-0.0098,-0.0131,-0.0017,-0.0126
PK34846,2021,3,0.0504,0.0159,0.0503,0.0368
PK34846,2022,8,-0.0035,-0.0014,-0.0041,0.0040
PK34846,2024,6,0.0098,0.0131,0.0017,0.0126
PK34846,2025,8,0.0319,-0.0026,-0.0029,0.0077
PK34846,2026,16,-0.0198,-0.0120,-0.0236,-0.0121
PK34847,2018,3,0.0048,0.0289,0.0177,-0.0104
PK34847,2019,6,-0.0183,-0.0305,-0.0294,-0.0243
PK34847,2020,2,0.0077,-0.0139,-0.0141,0.0024
PK34847,2021,3,0.1048,0.0398,0.0309,0.0947
PK34847,2022,8,-0.0112,0.0042,-0.0102,-0.0113
PK34847,2024,6,-0.0077,0.0139,0.0141,-0.0024
PK34847,2025,8,0.0152,-0.0213,-0.0113,0.0037
PK34847,2026,16,-0.0116,-0.0209,-0.0395,-0.0117
PK34913,2018,2,-0.0771,-0.0525,-0.0575,-0.0610
PK34913,2019,8,0.0000,-0.0078,0.0067,0.0000
PK34913,2020,2,-0.0090,-0.0146,-0.0111,-0.0062
PK34913,2021,2,0.1677,0.0239,0.0844,0.1333
PK34913,2022,7,-0.0367,-0.0180,-0.0072,-0.0306
PK34913,2023,1,-0.0977,0.0000,-0.0273,-0.0584
PK34913,2024,6,0.0383,0.0022,0.0000,0.0405
PK34913,2025,8,0.0111,-0.0064,0.0114,0.0103
PK34913,2026,16,0.0008,-0.0273,-0.0298,0.0115
PK35112,2018,5,-0.0387,-0.0138,-0.0126,-0.0634
PK35112,2019,5,0.0018,0.0343,-0.0195,-0.0096
PK35112,2020,3,-0.0774,-0.0150,-0.0594,-0.0637
PK35112,2021,2,0.0912,-0.0393,0.0195,0.0751
PK35112,2022,6,-0.0069,0.0085,0.0252,0.0081
PK35112,2024,6,-0.0018,0.0150,0.0215,0.0096
PK35112,2025,7,0.0155,0.0024,-0.0077,0.0243
PK35112,2026,17,0.0058,0.0230,-0.0162,0.0153
PK35176,2018,3,0.0116,-0.0099,-0.0428,-0.0016
PK35176,2019,7,0.0000,-0.0156,-0.0110,-0.0036
PK35176,2020,2,-0.0451,0.0310,-0.0007,-0.0364
PK35176,2021,2,0.0952,0.0128,0.0450,0.0644
PK35176,2022,7,-0.0452,0.0423,0.0184,-0.0230
PK35176,2023,1,0.0570,-0.0124,0.0000,0.0458
PK35176,2024,6,-0.0441,0.0000,0.0095,0.0000
PK35176,2025,8,0.0121,0.0089,0.0111,0.0046
PK35176,2026,16,-0.0287,0.0107,0.0007,-0.0160
PK35320,2018,3,-0.0481,-0.1896,-0.1050,-0.1041
PK35320,2019,9,0.0000,-0.0122,-0.0320,-0.0049
PK35320,2020,2,-0.0373,0.0000,0.0000,-0.0301
PK35320,2021,2,0.1059,0.0533,0.0602,0.1021
PK35320,2022,7,-0.1192,-0.1375,-0.1281,-0.1523
PK35320,2023,1,0.0212,-0.0051,-0.0056,0.0046
PK35320,2024,6,-0.0006,0.0164,0.0011,0.0000
PK35320,2025,8,-0.0715,-0.1374,-0.1155,-0.1056
PK35320,2026,17,-0.0398,-0.1237,-0.1174,-0.0986
PK35323,2018,4,-0.0491,-0.1381,-0.0656,-0.0779
PK35323,2019,8,0.0204,0.0076,0.0000,0.0275
PK35323,2020,2,0.0000,0.0297,0.0112,-0.0035
PK35323,2021,2,0.1532,0.0000,0.0872,0.1359
PK35323,2022,7,-0.0208,-0.1067,-0.1061,-0.0013
PK35323,2023,2,-0.2257,-0.1234,-0.1637,-0.1721
PK35323,2024,6,-0.0324,-0.0213,-0.0396,0.0000
PK35323,2025,8,-0.0181,-0.0797,-0.0929,-0.0269
PK35323,2026,17,0.0150,-0.0328,-0.0448,0.0014
PK35360,2018,2,-0.1089,-0.0447,-0.0227,-0.0971
PK35360,2019,5,0.0000,0.0000,0.0000,0.0000
PK35360,2020,3,-0.0784,-0.0033,-0.0183,-0.0713
PK35360,2021,2,0.0804,0.0003,0.0180,0.0234
PK35360,2022,6,-0.0231,-0.0127,-0.0153,-0.0390
PK35360,2023,1,-0.3645,-0.0486,-0.1255,-0.2441
PK35360,2024,6,0.0176,0.0290,0.0202,0.0250
PK35360,2025,7,0.0307,0.0075,-0.0054,-0.0012
PK35360,2026,17,-0.0002,0.0024,-0.0093,-0.0152
PK35376,2018,4,-0.0885,-0.0368,-0.0440,-0.0952
PK35376,2019,5,0.0000,0.0000,0.0000,0.0000
PK35376,2020,3,-0.0487,-0.0311,-0.0265,-0.0415
PK35376,2021,2,0.0543,0.0098,0.0103,0.0488
PK35376,2022,6,-0.0412,-0.0220,-0.0335,-0.0327
PK35376,2023,2,-0.1128,-0.0370,-0.0743,-0.1220
PK35376,2024,6,0.0368,0.0171,0.0202,0.0346
PK35376,2025,7,0.0099,-0.0103,-0.0235,0.0003
PK35376,2026,17,0.0082,0.0190,-0.0098,0.0062
PK35377,2018,5,-0.1511,-0.0325,-0.0474,-0.1486
PK35377,2019,5,0.0016,0.0016,0.0000,0.0022
PK35377,2020,3,0.0000,-0.0082,-0.0126,-0.0053
PK35377,2021,2,0.0939,0.0000,0.0147,0.0853
PK35377,2022,6,-0.0099,-0.0048,-0.0203,-0.0160
PK35377,2023,2,-0.1232,-0.0546,-0.0501,-0.1299
PK35377,2024,6,-0.0076,0.0334,0.0429,0.0000
PK35377,2025,7,0.0172,0.0127,-0.0088,0.0077
PK35377,2026,17,0.0185,0.0244,-0.0169,0.0128
PK35378,2018,3,-0.0130,0.0244,0.0144,-0.0197
PK35378,2019,5,0.0000,-0.0109,0.0595,0.0012
PK35378,2020,3,-0.0192,-0.0195,0.0000,-0.0137
PK35378,2021,2,0.1432,0.0163,0.0575,0.1010
PK35378,2022,6,-0.0004,-0.0117,0.0033,-0.0139
PK35378,2023,2,-0.1917,0.0000,-0.1011,-0.1618
PK35378,2024,6,0.0085,0.0590,-0.0153,0.0000
PK35378,2025,7,0.0077,0.0216,0.0013,-0.0033
PK35378,2026,17,0.0443,0.0599,0.0282,0.0205
PK35433,2018,3,-0.2277,-0.0196,-0.1383,-0.1644
PK35433,2019,5,0.0109,-0.0242,0.0000,0.0000
PK35433,2020,3,-0.0711,0.0000,-0.0089,-0.0537
PK35433,2021,2,0.0629,0.0785,0.0695,0.0759
PK35433,2022,7,-0.0079,0.0502,0.0338,-0.0167
PK35433,2023,1,-0.5228,-0.1785,-0.3082,-0.3749
PK35433,2024,6,0.0000,0.0811,0.0020,0.0014
PK35433,2025,8,-0.0205,0.0541,0.0098,-0.0064
PK35433,2026,15,-0.0037,0.0771,0.0551,0.0122
PK35452,2018,2,0.0852,0.1394,0.0724,0.0146
PK35452,2019,6,0.1213,0.0835,0.0360,0.0665
PK35452,2020,3,0.0000,0.0358,0.0000,0.0000
PK35452,2021,2,0.2032,-0.0143,0.0264,0.1290
PK35452,2022,7,-0.0077,-0.0394,-0.0118,-0.0084
PK35452,2023,2,-0.3492,-0.0887,-0.1532,-0.2097
PK35452,2024,5,-0.0465,0.0000,-0.0563,-0.0093
PK35452,2025,7,-0.1900,-0.0168,-0.0296,-0.1036
PK35452,2026,16,-0.1454,0.0012,-0.0234,-0.0636
PK35453,2018,4,-0.1817,-0.0378,-0.0613,-0.1542
PK35453,2019,6,0.0432,0.0265,0.0351,0.0258
PK35453,2020,3,0.0000,0.0000,0.0000,0.0000
PK35453,2021,2,0.1055,-0.0331,0.0460,0.0885
PK35453,2022,7,-0.1138,-0.0943,0.0068,-0.1150
PK35453,2023,2,-0.4306,-0.1214,-0.1704,-0.3142
PK35453,2024,6,-0.1453,0.0170,-0.0343,-0.0865
PK35453,2025,7,-0.0764,-0.0045,0.0015,-0.0667
PK35453,2026,16,-0.0392,-0.0132,-0.0084,-0.0345
PK35491,2018,5,-0.0983,-0.0744,-0.0616,-0.1104
PK35491,2019,5,0.0000,-0.0166,0.0000,0.0000
PK35491,2020,3,-0.0482,0.0223,0.0049,-0.0231
PK35491,2021,2,0.0667,-0.0053,0.0212,0.0640
PK35491,2022,7,-0.0265,-0.0363,-0.0752,-0.0822
PK35491,2023,2,-0.0951,0.0000,-0.0654,-0.0978
PK35491,2024,6,0.0277,0.0783,-0.0057,0.0031
PK35491,2025,7,0.0174,0.0370,-0.0297,-0.0196
PK35491,2026,16,0.0082,0.0129,-0.0614,-0.0363
PK35500,2018,5,-0.1403,-0.0629,-0.1282,-0.0573
PK35500,2019,6,0.0000,0.0000,0.0000,0.0000
PK35500,2020,3,-0.0861,-0.0978,-0.1014,-0.0398
PK35500,2021,2,0.1567,0.1153,0.1206,0.0837
PK35500,2022,7,-0.0201,-0.0421,-0.0423,-0.0333
PK35500,2023,2,-0.3430,-0.1301,-0.1692,-0.1760
PK35500,2024,6,0.0557,0.0675,0.0607,0.0489
PK35500,2025,7,0.1291,0.0272,0.0465,0.0573
PK35500,2026,16,0.0974,0.0205,0.0033,0.0390
PK35501,2018,4,-0.0924,0.0306,-0.0547,-0.0655
PK35501,2019,5,0.0000,-0.0302,0.0092,0.0000
PK35501,2020,3,-0.0210,0.0399,-0.0113,-0.0105
PK35501,2021,2,0.1259,0.0000,0.0000,0.0820
PK35501,2022,7,-0.0247,-0.0021,-0.0239,-0.0339
PK35501,2023,1,-0.2395,-0.1064,-0.1379,-0.1241
PK35501,2024,6,0.0376,0.0889,0.0691,0.0343
PK35501,2025,7,0.1155,0.0382,0.0281,0.0503
PK35501,2026,16,0.0311,0.0545,0.0205,0.0018
PK35510,2018,5,-0.1544,-0.0023,-0.0347,-0.1255
PK35510,2019,6,0.0000,0.0000,-0.0007,0.0000
PK35510,2020,3,-0.0535,-0.0079,0.0000,-0.0477
PK35510,2021,2,0.2148,-0.0140,0.0199,0.1352
PK35510,2022,7,-0.3373,0.0545,-0.2605,-0.2575
PK35510,2023,2,-0.2399,0.0573,-0.1086,-0.1744
PK35510,2024,6,0.1003,0.2337,0.0579,0.0564
PK35510,2025,7,0.1019,0.1620,0.0010,0.0499
PK35510,2026,16,0.0747,0.1756,-0.0297,0.0382
PK35730,2018,4,-0.1183,-0.0980,-0.0645,-0.1215
PK35730,2019,10,-0.0118,0.0015,-0.0004,-0.0052
PK35730,2020,3,-0.0871,-0.0233,-0.0310,-0.0816
PK35730,2021,3,0.0448,0.0271,0.0139,0.0200
PK35730,2022,5,-0.0471,-0.0528,0.0009,-0.0398
PK35730,2024,5,0.0118,-0.0015,0.0004,0.0052
PK35730,2025,6,-0.0228,-0.0658,-0.0559,-0.0397
PK35730,2026,18,-0.0223,-0.0502,-0.0449,-0.0352
PK35738,2018,5,-0.0826,-0.1116,-0.0863,-0.0897
PK35738,2019,9,0.0062,-0.0024,0.0021,0.0005
PK35738,2020,3,-0.0155,-0.0228,-0.0382,-0.0266
PK35738,2021,3,0.0285,0.0152,0.0165,0.0157
PK35738,2022,6,-0.0188,-0.0803,-0.0422,-0.0356
PK35738,2024,6,-0.0062,0.0024,-0.0021,-0.0005
PK35738,2025,6,0.0174,-0.0782,-0.0443,-0.0270
PK35738,2026,18,0.0122,-0.0490,-0.0451,-0.0312
PK35739,2018,5,-0.0373,-0.0755,-0.1127,-0.0638
PK35739,2019,9,0.0034,-0.0036,-0.0002,0.0047
PK35739,2020,3,-0.0394,0.0057,0.0030,-0.0414
PK35739,2021,3,0.0142,-0.0028,0.0002,0.0076
PK35739,2022,6,-0.0136,-0.0627,-0.0401,-0.0333
PK35739,2024,6,-0.0034,0.0028,-0.0033,-0.0047
PK35739,2025,6,-0.0140,-0.1371,-0.0750,-0.0389
PK35739,2026,18,-0.0255,-0.0955,-0.0501,-0.0469
PK35786,2018,4,0.0149,-0.0155,-0.0124,0.0029
PK35786,2019,7,0.0344,0.0154,0.0039,0.0187
PK35786,2020,3,-0.0724,-0.0154,-0.0447,-0.0389
PK35786,2021,2,0.0446,0.0459,0.0444,0.0438
PK35786,2022,6,-0.0365,-0.0258,-0.0087,-0.0353
PK35786,2024,4,-0.0344,-0.0263,-0.0039,-0.0187
PK35786,2025,6,-0.0288,0.0083,-0.0040,-0.0222
PK35786,2026,18,-0.0672,-0.0181,-0.0517,-0.0479
PK35829,2018,4,-0.0246,-0.0590,-0.0557,-0.0528
PK35829,2019,9,0.0124,0.0247,0.0110,0.0120
PK35829,2020,3,-0.0124,0.0114,-0.0105,-0.0120
PK35829,2021,3,0.0346,-0.0114,0.0105,0.0338
PK35829,2022,6,-0.0266,-0.0869,-0.0587,-0.0484
PK35829,2024,6,-0.0817,-0.0417,-0.0428,-0.0549
PK35829,2025,6,0.0208,-0.1006,-0.0554,-0.0089
PK35829,2026,18,-0.0018,-0.0755,-0.0648,-0.0203
PK35888,2018,4,-0.0682,0.0116,-0.0369,-0.0824
PK35888,2019,7,0.0540,0.0646,0.0386,0.0239
PK35888,2020,3,-0.1685,0.0010,-0.0890,-0.1559
PK35888,2021,3,0.0479,-0.0197,0.0271,0.0240
PK35888,2022,6,-0.0215,0.0108,-0.0163,-0.0508
PK35888,2024,6,-0.0479,-0.0010,-0.0271,-0.0239
PK35888,2025,5,0.0396,0.0345,0.0564,0.0103
PK35888,2026,17,0.0117,0.0543,0.0307,-0.0293
PK35890,2018,4,0.0252,0.1008,0.0218,-0.0163
PK35890,2019,8,0.0507,0.0833,-0.0193,0.0305
PK35890,2020,3,-0.0707,0.0052,0.0482,-0.0698
PK35890,2021,3,0.0907,-0.0052,0.0193,0.0476
PK35890,2022,6,0.0724,0.0545,0.0589,0.0040
PK35890,2024,7,-0.0507,-0.0436,-0.0269,-0.0305
PK35890,2025,5,0.0776,0.1104,-0.0016,0.0230
PK35890,2026,17,0.0733,0.0732,-0.0386,0.0049
PK35891,2018,4,0.0394,0.0442,-0.0087,0.0070
PK35891,2019,7,0.0410,0.0513,-0.0145,0.0283
PK35891,2020,3,-0.1094,-0.0059,0.0145,-0.1041
PK35891,2021,3,0.0414,-0.0194,0.0207,0.0333
PK35891,2022,6,0.0359,-0.0051,0.0151,-0.0031
PK35891,2024,6,-0.0410,0.0059,-0.0355,-0.0283
PK35891,2025,5,0.0544,0.0516,-0.0096,0.0197
PK35891,2026,17,0.0320,0.0310,-0.0421,0.0062
PK36004,2018,4,0.0137,-0.0271,-0.0056,0.0109
PK36004,2019,7,0.0085,-0.0060,0.0157,0.0088
PK36004,2020,3,-0.0434,-0.0167,-0.0157,-0.0436
PK36004,2021,3,0.0672,0.0204,0.0525,0.0676
PK36004,2022,6,-0.0221,-0.0231,-0.0424,-0.0237
PK36004,2024,6,-0.0085,0.0060,-0.0166,-0.0088
PK36004,2025,5,0.0161,-0.0146,0.0010,0.0153
PK36004,2026,16,-0.0278,-0.0540,-0.0456,-0.0289
PK36015,2018,4,-0.0150,-0.0176,-0.0250,-0.0371
PK36015,2019,7,0.0000,0.0000,0.0039,0.0000
PK36015,2020,3,-0.0463,-0.0444,-0.0299,-0.0493
PK36015,2021,3,0.0844,0.0294,0.0502,0.0788
PK36015,2022,6,-0.0507,-0.0634,-0.0726,-0.0591
PK36015,2023,1,0.0195,-0.0071,0.0000,0.0175
PK36015,2024,6,-0.0280,0.0163,-0.0326,-0.0262
PK36015,2025,5,0.0186,-0.0108,-0.0303,0.0086
PK36015,2026,16,-0.0394,-0.0540,-0.0646,-0.0512
PK36128,2018,5,-0.0942,-0.1690,-0.1176,-0.1008
PK36128,2019,8,-0.0001,-0.0507,-0.0162,-0.0051
PK36128,2020,3,0.0000,0.0000,0.0000,0.0000
PK36128,2021,3,0.0575,0.0121,0.0461,0.0593
PK36128,2022,7,-0.0301,-0.0814,-0.0328,-0.0362
PK36128,2023,1,-0.3201,-0.1075,-0.2379,-0.3208
PK36128,2024,6,0.0099,0.0118,0.0098,0.0091
PK36128,2025,6,0.0039,-0.0437,-0.0070,-0.0001
PK36128,2026,18,-0.0187,-0.0519,-0.0332,-0.0194
PK36132,2018,4,-0.0291,-0.0084,-0.0044,-0.0508
PK36132,2019,9,0.0460,0.0399,0.0000,0.0353
PK36132,2020,3,-0.0076,0.0000,-0.0129,-0.0122
PK36132,2021,2,0.1169,0.0053,0.0644,0.0987
PK36132,2022,9,0.0097,-0.0009,0.0084,-0.0155
PK36132,2023,1,-0.4185,-0.1260,-0.3161,-0.4243
PK36132,2024,6,0.0000,-0.0059,0.0045,0.0000
PK36132,2025,6,0.0368,0.0448,0.0154,0.0228
PK36132,2026,18,0.0107,-0.0035,-0.0173,0.0019
PK36133,2018,3,-0.0819,-0.0643,-0.0559,-0.0845
PK36133,2019,9,0.0164,0.0000,0.0000,0.0000
PK36133,2020,3,-0.0219,0.0105,-0.0078,-0.0143
PK36133,2021,2,0.0757,-0.0245,0.0160,0.0561
PK36133,2022,8,-0.0269,-0.0296,-0.0213,-0.0436
PK36133,2023,1,-0.4169,-0.1203,-0.3002,-0.4029
PK36133,2024,6,0.0000,0.0043,0.0039,0.0114
PK36133,2025,6,-0.0077,-0.0108,0.0013,-0.0043
PK36133,2026,18,-0.0323,-0.0034,-0.0309,-0.0294
PK36134,2018,4,-0.0598,-0.1092,-0.0900,-0.0603
PK36134,2019,9,0.0013,0.0085,0.0190,0.0035
PK36134,2020,3,-0.0132,0.0000,-0.0036,-0.0170
PK36134,2021,3,0.0435,0.0314,0.0491,0.0475
PK36134,2022,8,-0.0208,-0.0339,-0.0176,-0.0244
PK36134,2023,1,-0.3100,-0.1439,-0.2696,-0.3318
PK36134,2024,6,0.0000,-0.0250,0.0000,0.0000
PK36134,2025,6,0.0002,-0.0198,0.0345,0.0004
PK36134,2026,18,-0.0218,-0.0156,-0.0094,-0.0167
PK36140,2018,4,-0.1108,-0.1144,-0.1199,-0.1000
PK36140,2019,10,0.0000,-0.0065,0.0133,0.0000
PK36140,2020,3,-0.0035,0.0424,0.0000,-0.0068
PK36140,2021,3,0.1219,0.0489,0.0523,0.1073
PK36140,2022,8,-0.0264,-0.0332,-0.0423,-0.0454
PK36140,2023,1,-0.4118,-0.1361,-0.2910,-0.3967
PK36140,2024,6,0.0040,0.0000,-0.0181,0.0008
PK36140,2025,6,0.0151,-0.0196,0.0075,0.0078
PK36140,2026,18,0.0211,-0.0293,-0.0184,0.0004
PK36142,2018,5,-0.0920,-0.1939,-0.1326,-0.1397
PK36142,2019,9,0.0023,-0.0409,-0.0358,0.0000
PK36142,2020,3,0.0000,0.0518,0.0343,0.0102
PK36142,2021,3,0.0429,0.0000,0.0449,0.0477
PK36142,2022,7,-0.0821,-0.1854,-0.0860,-0.1242
PK36142,2023,1,-0.4143,-0.1059,-0.2442,-0.4007
PK36142,2024,6,-0.0173,0.0180,0.0000,-0.0064
PK36142,2025,6,-0.0550,-0.0755,-0.0455,-0.0706
PK36142,2026,18,-0.0734,-0.0566,-0.0488,-0.0896
PK36160,2018,4,-0.1576,-0.2879,-0.1739,-0.2100
PK36160,2019,9,-0.0124,-0.1174,-0.0548,-0.0260
PK36160,2020,3,-0.0294,0.0168,0.0317,-0.0145
PK36160,2021,2,0.0331,0.0013,0.0387,0.0475
PK36160,2022,7,-0.0123,-0.1520,-0.0896,-0.0794
PK36160,2024,5,0.0124,-0.0013,-0.0317,0.0145
PK36160,2025,7,0.0310,-0.0937,-0.0204,-0.0146
PK36160,2026,18,-0.0453,-0.1341,-0.0854,-0.0806
PK36202,2018,3,-0.0704,-0.1013,-0.0715,-0.1078
PK36202,2019,9,-0.0028,0.0393,0.0020,-0.0049
PK36202,2020,3,-0.0463,-0.0147,-0.0295,-0.0364
PK36202,2021,2,0.0374,-0.0022,0.0236,0.0479
PK36202,2022,7,-0.0447,-0.0428,-0.0367,-0.0797
PK36202,2024,5,0.0028,0.0022,-0.0020,0.0049
PK36202,2025,7,-0.0018,-0.0414,-0.0389,-0.0204
PK36202,2026,18,-0.0041,-0.0182,-0.0418,-0.0344
PK36208,2018,4,-0.0096,-0.1176,-0.0889,-0.0571
PK36208,2019,9,0.0121,0.0197,0.0074,0.0103
PK36208,2020,3,-0.0454,-0.0072,-0.0152,-0.0306
PK36208,2021,2,0.0567,-0.0357,0.0121,0.0736
PK36208,2022,7,0.0187,-0.0311,-0.0274,-0.0438
PK36208,2024,6,-0.0121,0.0072,-0.0074,-0.0103
PK36208,2025,7,0.0163,0.0056,-0.0239,-0.0201
PK36208,2026,18,-0.0016,-0.0054,-0.0340,-0.0455
PK36225,2018,3,-0.0264,-0.0774,-0.0515,-0.0727
PK36225,2019,9,0.0275,-0.0519,-0.0203,0.0146
PK36225,2020,3,-0.0136,0.0519,0.0203,-0.0146
PK36225,2021,2,-0.0029,-0.0920,-0.0412,-0.0257
PK36225,2022,8,-0.0273,0.0103,0.0165,-0.0469
PK36225,2024,6,0.0029,0.0560,0.0413,0.0280
PK36225,2025,7,0.0284,0.0803,0.0703,0.0235
PK36225,2026,18,0.0159,0.0674,0.0680,0.0088
PK36375,2018,5,-0.0224,-0.1081,-0.0712,-0.0515
PK36375,2019,8,-0.0005,-0.0386,-0.0080,-0.0168
PK36375,2020,3,0.0000,0.0000,0.0000,0.0000
PK36375,2021,2,0.0911,0.0305,0.0634,0.0936
PK36375,2022,7,-0.0190,-0.0460,-0.0001,-0.0378
PK36375,2023,1,-0.0293,-0.0300,-0.0959,-0.0330
PK36375,2024,5,0.0000,0.0851,0.0484,0.0019
PK36375,2025,6,0.0162,0.0087,-0.0068,0.0048
PK36375,2026,17,-0.0105,0.0043,-0.0263,-0.0068
PK36390,2018,3,-0.3048,-0.1009,-0.1211,-0.2084
PK36390,2019,8,0.0065,-0.0037,0.0000,0.0000
PK36390,2020,3,0.0000,-0.0432,-0.0996,-0.0092
PK36390,2021,2,0.0954,0.0265,-0.0415,0.0723
PK36390,2022,7,-0.0353,-0.0777,-0.0383,-0.0687
PK36390,2023,1,-0.0572,0.0114,0.0621,0.0042
PK36390,2024,6,-0.0718,0.0000,0.0556,-0.0141
PK36390,2025,6,-0.0053,-0.0403,0.0430,-0.0029
PK36390,2026,17,-0.0713,-0.0604,-0.0335,-0.0636
PK36433,2018,4,-0.0427,-0.0083,-0.0400,-0.0570
PK36433,2019,9,0.0441,0.0359,0.0302,0.0434
PK36433,2020,2,-0.1532,-0.0011,-0.1102,-0.1106
PK36433,2021,2,0.1608,0.0000,0.0547,0.1008
PK36433,2022,7,0.0473,-0.0106,-0.0039,-0.0139
PK36433,2023,2,-0.1946,-0.0345,-0.1184,-0.1495
PK36433,2024,6,0.0000,0.0412,0.0000,0.0000
PK36433,2025,7,0.0315,-0.0079,-0.0117,-0.0117
PK36433,2026,16,0.0454,-0.0004,0.0157,-0.0027
PK36435,2018,4,-0.0881,-0.1252,-0.0703,-0.1299
PK36435,2019,9,0.0540,0.0492,0.0240,0.0515
PK36435,2020,2,-0.0005,0.0230,0.0062,0.0000
PK36435,2021,2,0.0745,-0.0391,-0.0005,0.0480
PK36435,2022,7,-0.0402,-0.1364,-0.0675,-0.1001
PK36435,2023,2,-0.1590,-0.0531,-0.0857,-0.1419
PK36435,2024,6,0.0000,0.0000,0.0000,-0.0003
PK36435,2025,7,-0.0307,-0.1039,-0.0596,-0.0806
PK36435,2026,17,-0.0680,-0.0378,-0.0590,-0.1046
PK36652,2018,6,-0.1808,-0.0961,-0.1178,-0.1764
PK36652,2019,7,-0.0349,-0.0408,-0.0706,-0.0662
PK36652,2020,4,0.0000,0.0569,0.0000,0.0000
PK36652,2021,2,0.0349,0.0000,0.0056,0.0279
PK36652,2022,9,-0.0456,-0.0971,-0.0731,-0.0839
PK36652,2023,1,0.0456,0.0741,0.0302,0.0365
PK36652,2024,5,-0.0148,-0.0252,-0.0419,-0.0321
PK36652,2025,7,-0.0460,-0.0704,-0.0815,-0.0659
PK36652,2026,16,-0.0582,-0.0028,-0.0457,-0.0877
PK36710,2018,6,-0.0282,-0.0619,-0.0513,-0.0014
PK36710,2019,8,0.0000,0.0024,-0.0028,-0.0153
PK36710,2020,4,-0.0189,-0.0222,-0.0274,-0.0285
PK36710,2021,2,0.0681,-0.0134,0.0500,0.0522
PK36710,2022,9,-0.0217,-0.0193,-0.0140,-0.0288
PK36710,2023,1,0.0049,0.0885,0.0306,0.0226
PK36710,2024,5,-0.0192,0.0000,0.0000,0.0000
PK36710,2025,7,0.0190,-0.0376,-0.0606,-0.0266
PK36710,2026,16,-0.0252,-0.0058,-0.0329,-0.0138
PK36752,2018,6,-0.0350,-0.0251,-0.0241,-0.0313
PK36752,2019,9,-0.0295,0.0003,0.0000,-0.0412
PK36752,2020,4,-0.0525,-0.0095,-0.0431,-0.0711
PK36752,2021,2,0.0480,-0.0549,0.0060,0.0232
PK36752,2022,8,-0.0257,-0.0640,-0.0486,-0.0557
PK36752,2023,1,0.0094,0.0219,0.0078,0.0138
PK36752,2024,4,0.0000,0.0000,-0.0123,0.0000
PK36752,2025,7,-0.0063,-0.0264,-0.0161,-0.0334
PK36752,2026,16,-0.0328,0.0004,-0.0306,-0.0438
PK36903,2018,4,-0.2248,-0.1627,-0.1115,-0.2838
PK36903,2019,7,0.0000,0.0039,0.0000,0.0023
PK36903,2020,2,-0.1376,-0.1065,-0.0944,-0.1413
PK36903,2021,4,0.0282,0.0000,0.0267,0.0000
PK36903,2022,6,-0.0521,-0.1438,-0.0925,-0.1787
PK36903,2023,1,0.0468,0.0457,0.0581,0.0375
PK36903,2024,6,-0.1079,-0.0966,-0.0364,-0.1191
PK36903,2025,6,0.0064,-0.1242,-0.0646,-0.1375
PK36903,2026,17,-0.0032,-0.0905,-0.0732,-0.1675
PK36962,2018,4,0.0248,-0.0553,-0.0054,-0.0161
PK36962,2019,9,0.0504,0.0477,0.0684,0.0441
PK36962,2020,3,0.0000,-0.0159,0.0000,0.0000
PK36962,2021,4,0.0490,0.0000,0.0710,0.0417
PK36962,2022,9,0.0411,-0.0782,-0.0025,0.0078
PK36962,2023,1,-0.5342,-0.1623,-0.2779,-0.4485
PK36962,2024,6,-0.0019,0.0137,-0.0072,-0.0321
PK36962,2025,8,-0.0627,-0.0826,-0.0611,-0.0874
PK36962,2026,15,-0.0720,-0.1040,-0.0851,-0.1072
PK37285,2018,5,-0.0565,-0.2066,-0.1672,-0.0919
PK37285,2019,5,0.0097,-0.0350,0.0000,0.0255
PK37285,2020,4,-0.0408,0.0000,-0.0371,-0.0166
PK37285,2021,4,0.0402,0.0287,0.0135,0.0454
PK37285,2022,9,0.0038,-0.1411,-0.1059,-0.0245
PK37285,2023,2,-0.0291,0.0597,0.0175,0.0000
PK37285,2024,8,0.0000,-0.0357,-0.0296,-0.0005
PK37285,2025,7,0.0238,-0.1479,-0.0889,-0.0096
PK37285,2026,14,0.0318,-0.1392,-0.1370,-0.0120
PK37388,2018,4,-0.1220,-0.0892,-0.1077,-0.0926
PK37388,2019,10,0.0195,0.0026,0.0000,0.0403
PK37388,2020,3,0.0000,-0.0193,-0.0511,0.0000
PK37388,2021,2,0.1184,0.0000,0.0038,0.1142
PK37388,2022,9,-0.0062,-0.0881,-0.0948,-0.0293
PK37388,2023,1,-0.0184,0.0966,0.0394,-0.0020
PK37388,2024,7,-0.0267,-0.0102,-0.0574,-0.0058
PK37388,2025,8,-0.0280,-0.0899,-0.0806,-0.0368
PK37388,2026,16,-0.0283,-0.0600,-0.0512,-0.0199
PK37534,2018,4,-0.1784,-0.1568,-0.1563,-0.2446
PK37534,2019,7,0.0002,-0.0070,0.0000,0.0000
PK37534,2020,3,-0.0787,-0.0205,-0.0347,-0.0599
PK37534,2021,3,0.0148,0.0389,0.0226,0.0319
PK37534,2022,7,-0.1652,-0.1751,-0.1421,-0.2414
PK37534,2023,1,0.0000,0.0991,0.0168,0.0279
PK37534,2024,6,-0.2009,0.0000,-0.1345,-0.1899
PK37534,2025,6,-0.1199,-0.1024,-0.1808,-0.2161
PK37534,2026,18,-0.1240,-0.0541,-0.1849,-0.2083
PK37547,2018,3,-0.0571,-0.1310,-0.0447,-0.0728
PK37547,2019,8,0.0476,0.0734,0.0766,0.0541
PK37547,2020,3,-0.1205,0.0201,-0.0097,-0.1120
PK37547,2021,3,0.0448,-0.0201,0.0001,0.0393
PK37547,2022,6,-0.0589,-0.1266,0.0010,-0.0643
PK37547,2024,6,-0.0448,-0.0525,-0.0001,-0.0393
PK37547,2025,5,-0.0033,-0.0736,-0.0066,-0.0308
PK37547,2026,15,-0.0181,-0.1002,-0.0552,-0.0316
PK37548,2018,3,-0.1127,-0.0792,-0.0878,-0.1312
PK37548,2019,8,0.0724,0.0689,0.1165,0.0700
PK37548,2020,3,-0.1150,0.0097,-0.0283,-0.1020
PK37548,2021,3,0.1569,-0.0097,0.0283,0.1030
PK37548,2022,6,0.0582,-0.0541,-0.0255,-0.0221
PK37548,2024,7,-0.0724,-0.0181,-0.0822,-0.0700
PK37548,2025,6,0.0612,-0.0239,-0.0093,-0.0104
PK37548,2026,15,0.0405,-0.0472,0.0249,-0.0171
PK37555,2018,3,0.1503,-0.1979,-0.0732,-0.0258
PK37555,2019,8,-0.0175,-0.0134,0.0552,0.0092
PK37555,2020,3,-0.0963,0.0119,-0.0416,-0.1065
PK37555,2021,3,0.1114,-0.0119,0.0416,0.0595
PK37555,2022,6,0.1498,-0.0541,-0.1032,-0.0384
PK37555,2024,6,0.0175,0.0351,-0.0677,-0.0092
PK37555,2025,5,0.0870,-0.1088,-0.0359,-0.0310
PK37555,2026,16,0.1106,-0.1102,-0.0582,-0.0451
PK37570,2018,3,0.0237,-0.0120,0.0306,-0.0597
PK37570,2019,9,-0.0032,0.0258,0.0287,-0.0213
PK37570,2020,3,-0.0220,0.0000,-0.0537,-0.0223
PK37570,2021,2,0.0780,-0.0798,0.0000,0.0475
PK37570,2022,6,0.0338,-0.0260,-0.0337,-0.0397
PK37570,2023,1,0.0000,-0.0105,0.0325,0.0010
PK37570,2024,7,0.0436,0.0139,-0.0021,0.0000
PK37570,2025,6,0.0581,-0.0338,-0.0447,-0.0293
PK37570,2026,18,0.0486,-0.0099,-0.0177,-0.0320
PK37572,2018,4,-0.0602,-0.1131,-0.0621,-0.1477
PK37572,2019,9,0.0000,0.0194,-0.0016,0.0000
PK37572,2020,3,-0.0078,0.0841,-0.0062,-0.0135
PK37572,2021,3,0.0385,-0.0125,0.0486,0.0445
PK37572,2022,6,-0.0387,-0.1016,-0.0591,-0.1242
PK37572,2023,1,0.0113,0.0000,0.0219,0.0196
PK37572,2024,7,-0.0232,-0.0072,0.0000,-0.0326
PK37572,2025,6,-0.0335,-0.0881,-0.0532,-0.0961
PK37572,2026,18,-0.0217,-0.0630,-0.0748,-0.0988
PK37579,2018,4,-0.0213,-0.1329,-0.1214,-0.1624
PK37579,2019,8,0.0517,0.0000,0.0015,0.0197
PK37579,2020,2,-0.1523,-0.0245,-0.1110,-0.1996
PK37579,2021,2,0.1142,-0.0148,0.0484,0.0840
PK37579,2022,6,0.1294,-0.0806,-0.0762,-0.0486
PK37579,2023,1,0.0000,0.0013,0.0000,0.0000
PK37579,2024,7,-0.0129,0.0219,-0.0397,-0.0341
PK37579,2025,6,0.0811,-0.0946,-0.0816,-0.0587
PK37579,2026,18,-0.0087,-0.0982,-0.1139,-0.1150
PK37583,2018,3,-0.0423,-0.1124,-0.0606,-0.0965
PK37583,2019,9,0.0000,-0.0236,0.0090,0.0000
PK37583,2020,2,-0.2662,-0.1092,-0.1947,-0.2301
PK37583,2021,2,0.0027,0.0000,0.0273,0.0257
PK37583,2022,6,0.0404,-0.0745,-0.0077,-0.0550
PK37583,2023,1,-0.0278,0.0019,0.0000,0.0138
PK37583,2024,7,0.0091,0.0090,-0.0003,-0.0095
PK37583,2025,6,0.0811,-0.0477,0.0057,-0.0082
PK37583,2026,18,0.0531,-0.0712,-0.0497,-0.0434
PK37596,2018,3,-0.0243,-0.0230,0.0065,-0.0310
PK37596,2019,8,0.0000,0.0201,0.0396,0.0000
PK37596,2020,2,-0.3494,-0.0199,-0.1428,-0.2811
PK37596,2021,2,-0.1775,-0.0474,-0.0531,-0.1525
PK37596,2022,6,0.0125,0.0074,0.0498,-0.0153
PK37596,2023,1,0.0357,0.0000,0.0488,0.0288
PK37596,2024,7,0.0163,0.0178,0.0000,0.0069
PK37596,2025,6,0.0591,-0.0024,0.0318,-0.0050
PK37596,2026,18,0.0253,-0.0199,-0.0106,-0.0191
PK37597,2018,3,0.0221,-0.0409,-0.0307,0.0005
PK37597,2019,8,0.0683,0.0127,0.0148,0.0410
PK37597,2020,2,-0.2475,0.0040,-0.0716,-0.2179
PK37597,2021,2,-0.0759,-0.0376,-0.0481,-0.0739
PK37597,2022,6,0.0693,-0.0117,0.0294,0.0252
PK37597,2023,1,0.0939,-0.0108,0.0194,0.0679
PK37597,2024,7,0.0000,0.0000,0.0000,0.0000
PK37597,2025,7,0.0435,-0.0352,0.0189,0.0190
PK37597,2026,18,0.0674,-0.0173,0.0107,0.0277
PK37604,2018,3,-0.0497,-0.1682,-0.1010,-0.0618
PK37604,2019,9,-0.0043,0.0000,0.0016,-0.0064
PK37604,2020,2,-0.3530,-0.0967,-0.1889,-0.2664
PK37604,2021,2,0.0020,0.0129,0.0000,0.0020
PK37604,2022,6,0.0387,-0.1120,-0.0755,-0.0331
PK37604,2023,1,0.0000,0.0495,0.0016,0.0000
PK37604,2024,7,0.0616,-0.0156,-0.0503,0.0038
PK37604,2025,6,0.0920,-0.1264,-0.0404,-0.0209
PK37604,2026,18,0.0578,-0.1149,-0.1052,-0.0504
PK37605,2018,3,-0.0521,0.0255,0.0448,-0.0380
PK37605,2019,9,0.0075,0.0622,0.0247,0.0166
PK37605,2020,3,-0.0084,-0.0539,-0.0668,0.0000
PK37605,2021,2,0.0000,-0.0641,0.0000,-0.0043
PK37605,2022,6,0.0216,-0.0414,-0.0363,-0.0085
PK37605,2023,1,0.0236,0.0000,0.0102,0.0033
PK37605,2024,7,-0.0038,0.0145,-0.0189,-0.0355
PK37605,2025,6,0.0498,-0.0293,-0.0831,-0.0106
PK37605,2026,18,0.0579,-0.0342,-0.0687,0.0047
PK37980,2018,3,-0.1250,-0.2218,-0.0907,-0.1540
PK37980,2019,9,0.0053,0.0000,-0.0043,0.0058
PK37980,2020,1,0.0000,-0.0509,0.0000,-0.0558
PK37980,2021,4,0.0427,0.0258,0.0366,0.0552
PK37980,2022,9,-0.0237,-0.0495,-0.0561,-0.0432
PK37980,2023,1,-0.0247,0.1066,0.0113,0.0000
PK37980,2024,7,-0.0206,-0.0259,-0.0063,-0.0453
PK37980,2025,9,0.0502,-0.0286,0.0036,-0.0163
PK37980,2026,15,0.0092,-0.0259,-0.0384,-0.0373
PK37985,2018,3,-0.0501,-0.2473,-0.1241,-0.0965
PK37985,2019,9,0.0356,0.0000,0.0000,0.0087
PK37985,2020,1,-0.0075,-0.0744,-0.0350,-0.0718
PK37985,2021,4,0.0614,0.0542,0.0221,0.0408
PK37985,2022,9,0.0107,-0.0840,-0.0803,-0.0373
PK37985,2023,1,0.0000,0.1061,0.0305,0.0000
PK37985,2024,7,-0.0001,-0.0201,-0.0068,-0.0452
PK37985,2025,9,0.0560,-0.0573,-0.0434,-0.0175
PK37985,2026,15,0.0275,-0.0615,-0.0366,-0.0556
PK38054,2018,5,-0.2988,-0.1451,-0.1193,-0.1973
PK38054,2019,8,-0.0052,0.0469,0.0387,0.0025
PK38054,2020,1,-0.2670,-0.1369,-0.1820,-0.2332
PK38054,2021,4,0.0307,-0.0315,0.0000,0.0233
PK38054,2022,9,-0.0228,0.0261,0.0310,-0.0369
PK38054,2023,2,0.0170,0.0331,0.0554,0.0000
PK38054,2024,7,0.0000,0.0000,-0.0101,-0.0149
PK38054,2025,8,0.0151,0.0676,0.0449,-0.0222
PK38054,2026,14,-0.0119,0.0379,0.0003,-0.0592
PK38058,2018,5,-0.0417,-0.0599,-0.0410,-0.0613
PK38058,2019,9,0.0000,0.0481,0.0000,0.0101
PK38058,2020,1,-0.1765,-0.0817,-0.1397,-0.1586
PK38058,2021,4,0.0389,-0.0059,0.0098,0.0365
PK38058,2022,9,0.0329,0.0513,0.0074,0.0082
PK38058,2023,2,0.0016,0.0244,0.0202,0.0000
PK38058,2024,7,-0.0035,0.0000,-0.0212,-0.0126
PK38058,2025,8,0.0363,0.0680,0.0117,0.0185
PK38058,2026,14,0.0166,0.0475,-0.0026,-0.0195
PK38171,2018,3,-0.1492,-0.2332,-0.2065,-0.1900
PK38171,2019,5,-0.0176,-0.1210,-0.0998,-0.0368
PK38171,2020,3,-0.0300,0.0356,-0.0155,-0.0290
PK38171,2021,3,0.0742,0.0000,0.0264,0.0612
PK38171,2022,9,-0.0365,-0.1669,-0.1275,-0.0583
PK38171,2023,1,0.0596,0.0359,0.0492,0.0607
PK38171,2024,6,0.0000,-0.0437,0.0000,0.0000
PK38171,2025,8,-0.0010,-0.1931,-0.1025,-0.0323
PK38171,2026,14,-0.0451,-0.1724,-0.1489,-0.0698
PK38172,2018,3,-0.0298,-0.1426,-0.0988,-0.0818
PK38172,2019,5,0.0000,-0.0712,-0.0369,-0.0165
PK38172,2020,3,-0.0209,0.0185,0.0000,0.0000
PK38172,2021,3,0.0915,0.0000,0.0380,0.0604
PK38172,2022,9,-0.0248,-0.0884,-0.0359,-0.0394
PK38172,2023,1,0.0958,0.0297,0.0934,0.0812
PK38172,2024,6,-0.0347,-0.0127,-0.0273,-0.0146
PK38172,2025,8,-0.0189,-0.0915,-0.0288,-0.0272
PK38172,2026,14,-0.0158,-0.0833,-0.0548,-0.0512
PK38311,2018,4,-0.1770,-0.1026,-0.1049,-0.1472
PK38311,2019,6,0.0278,-0.0270,0.0000,0.0051
PK38311,2020,2,0.0000,0.0053,0.0071,0.0000
PK38311,2021,5,0.0014,0.0217,0.0514,0.0253
PK38311,2022,9,-0.0045,-0.0373,-0.0500,-0.0355
PK38311,2023,2,-0.0922,0.0000,-0.0204,-0.0392
PK38311,2024,6,-0.0477,-0.0197,-0.0057,-0.0498
PK38311,2025,7,0.0109,-0.0129,-0.0249,-0.0372
PK38311,2026,15,-0.0292,-0.0176,0.0012,-0.0587
PK38404,2018,2,-0.2553,-0.1107,-0.1920,-0.2118
PK38404,2019,6,0.0207,-0.0191,-0.0132,0.0101
PK38404,2020,1,-0.0304,-0.0667,-0.0885,-0.0322
PK38404,2021,3,0.1109,0.0094,0.1040,0.0833
PK38404,2022,8,0.0050,-0.0164,0.0235,-0.0019
PK38404,2023,2,-0.0225,0.0000,0.0662,-0.0096
PK38404,2024,6,0.0000,0.0182,0.0000,0.0000
PK38404,2025,8,-0.0373,-0.0546,0.0167,-0.0306
PK38404,2026,16,-0.0324,-0.0267,-0.0180,-0.0317
PK38619,2018,6,-0.0444,-0.0628,-0.0282,-0.0543
PK38619,2019,9,0.0000,0.0000,0.0086,0.0042
PK38619,2020,3,-0.0172,0.0084,0.0000,-0.0182
PK38619,2021,4,0.0103,-0.0345,-0.0098,0.0000
PK38619,2022,9,-0.0144,-0.0486,-0.0512,-0.0317
PK38619,2023,1,-0.0678,0.0258,-0.0081,-0.0534
PK38619,2024,7,0.0511,-0.0016,0.0260,0.0252
PK38619,2025,8,0.0387,-0.0320,-0.0401,0.0041
PK38619,2026,15,0.0416,-0.0106,-0.0029,0.0085
PK38681,2018,4,-0.1707,-0.0948,-0.0744,-0.1366
PK38681,2019,8,0.0040,0.0154,0.0432,0.0089
PK38681,2020,3,-0.0195,0.0199,0.0029,-0.0168
PK38681,2021,3,0.0345,-0.0296,-0.0070,0.0430
PK38681,2022,8,-0.0030,-0.0215,-0.0024,-0.0082
PK38681,2024,7,-0.0040,-0.0154,-0.0029,-0.0089
PK38681,2025,8,0.0299,-0.0108,0.0079,0.0080
PK38681,2026,15,0.0175,-0.0208,0.0092,0.0052
PK38682,2018,3,-0.1850,-0.0771,-0.1457,-0.1437
PK38682,2019,8,-0.0219,-0.0098,-0.0006,-0.0166
PK38682,2020,3,-0.0578,0.0391,0.0439,-0.0327
PK38682,2021,3,0.0219,-0.0397,-0.0436,0.0166
PK38682,2022,8,0.0061,-0.0484,-0.0620,-0.0352
PK38682,2024,7,0.0245,0.0098,0.0006,0.0228
PK38682,2025,8,0.0661,-0.0425,-0.0600,-0.0001
PK38682,2026,15,0.0393,-0.0053,-0.0259,0.0025
PK38733,2018,4,-0.3241,-0.1698,-0.2678,-0.3210
PK38733,2019,7,0.0044,0.0226,0.0203,0.0094
PK38733,2020,4,-0.0310,-0.0475,-0.0410,-0.0360
PK38733,2021,3,0.0478,0.0056,0.0198,0.0428
PK38733,2022,8,-0.0154,-0.0382,-0.0207,-0.0423
PK38733,2024,6,-0.0044,-0.0056,-0.0198,-0.0094
PK38733,2025,8,0.0285,0.0158,-0.0031,-0.0255
PK38733,2026,16,0.0213,-0.0275,-0.0470,-0.0415
PK38735,2018,3,-0.2275,-0.1610,-0.1333,-0.2212
PK38735,2019,7,0.0072,0.0171,-0.0029,0.0071
PK38735,2020,4,-0.0275,-0.0277,-0.0187,-0.0316
PK38735,2021,3,0.0487,0.0412,0.0291,0.0385
PK38735,2022,8,-0.0300,-0.0728,-0.0334,-0.0535
PK38735,2024,6,-0.0072,-0.0171,0.0029,-0.0071
PK38735,2025,8,-0.0095,-0.0769,-0.0675,-0.0427
PK38735,2026,16,-0.0572,-0.0810,-0.0734,-0.0909
PK39230,2018,5,0.0213,-0.0249,0.0066,0.0259
PK39230,2019,9,0.0000,0.0139,0.0000,0.0000
PK39230,2020,3,-0.3030,-0.0584,-0.1121,-0.2419
PK39230,2021,3,0.0116,0.0029,0.0301,0.0157
PK39230,2022,9,-0.0035,-0.0065,-0.0202,-0.0091
PK39230,2023,2,-0.2177,-0.0004,-0.0453,-0.1562
PK39230,2024,5,0.0220,0.0000,0.0397,0.0258
PK39230,2025,6,0.0021,-0.0138,0.0029,0.0025
PK39230,2026,18,0.0011,0.0058,-0.0092,0.0062
PK39231,2018,5,-0.0589,-0.0654,0.0070,-0.0407
PK39231,2019,10,0.0262,0.0081,0.0000,0.0151
PK39231,2020,3,-0.3152,-0.1278,-0.1649,-0.2955
PK39231,2021,3,0.0967,0.0328,0.0579,0.0884
PK39231,2022,9,-0.0235,-0.0456,-0.0077,-0.0317
PK39231,2023,2,-0.1653,-0.0215,-0.0833,-0.1446
PK39231,2024,7,0.0000,0.0000,0.0080,0.0000
PK39231,2025,6,-0.0062,-0.0419,-0.0255,-0.0127
PK39231,2026,18,0.0129,-0.0074,-0.0004,0.0072
PK39416,2018,5,0.0586,-0.0458,0.0858,-0.0435
PK39416,2019,10,0.0000,0.0000,0.0611,0.0000
PK39416,2020,2,-0.2744,-0.1420,-0.1109,-0.1961
PK39416,2021,3,0.0505,-0.0477,0.0000,0.0605
PK39416,2022,9,0.0730,-0.0180,-0.0024,-0.0270
PK39416,2023,2,-0.3579,0.0287,-0.0763,-0.3467
PK39416,2024,5,0.0115,0.0379,0.0513,0.0344
PK39416,2025,6,0.0652,0.0187,0.0686,-0.0037
PK39416,2026,18,0.0828,0.0392,0.0736,0.0071
PK39418,2018,5,-0.0166,-0.1135,-0.0680,-0.0354
PK39418,2019,10,0.0000,0.0052,0.0000,0.0000
PK39418,2020,2,-0.1356,0.0000,-0.0621,-0.1137
PK39418,2021,3,0.0339,-0.0513,0.0314,0.0229
PK39418,2022,9,-0.0458,-0.0857,-0.0640,-0.0451
PK39418,2023,2,-0.3783,-0.1258,-0.1924,-0.3245
PK39418,2024,5,0.0580,0.0254,0.0214,0.0722
PK39418,2025,6,0.0072,-0.0246,-0.0147,-0.0001
PK39418,2026,18,0.0010,-0.0356,-0.0182,-0.0026
PK39419,2018,5,-0.0318,-0.0820,0.0031,-0.0911
PK39419,2019,10,0.0243,0.0167,0.0000,0.0000
PK39419,2020,2,-0.1101,0.0000,-0.0574,-0.1124
PK39419,2021,3,0.0620,-0.0294,0.0845,0.0377
PK39419,2022,9,-0.0386,-0.0635,-0.0683,-0.0646
PK39419,2023,2,-0.4249,-0.1661,-0.2253,-0.3913
PK39419,2024,5,0.0000,0.0037,0.0452,0.0179
PK39419,2025,6,-0.0179,-0.0563,-0.0331,-0.0408
PK39419,2026,18,-0.0466,-0.0389,-0.0414,-0.0671
PK39420,2018,5,-0.0690,-0.1318,-0.1069,-0.1180
PK39420,2019,10,0.0000,0.0138,0.0191,0.0000
PK39420,2020,2,-0.1203,0.0093,-0.0166,-0.1061
PK39420,2021,3,0.0541,0.0000,0.0346,0.0604
PK39420,2022,9,-0.0723,-0.1021,-0.0620,-0.0985
PK39420,2023,2,-0.4252,-0.1962,-0.2860,-0.4223
PK39420,2024,5,0.0078,-0.0129,0.0000,0.0248
PK39420,2025,6,-0.0069,-0.0752,-0.0646,-0.0348
PK39420,2026,18,-0.0077,-0.0614,-0.0433,-0.0327
PK39440,2018,4,-0.1705,-0.1499,-0.1034,-0.1597
PK39440,2019,9,0.0247,0.0239,0.0411,0.0369
PK39440,2020,1,-0.2951,-0.0888,-0.1589,-0.2567
PK39440,2021,3,0.1009,0.0789,0.1305,0.1086
PK39440,2022,9,-0.0482,-0.1437,-0.0950,-0.1122
PK39440,2023,1,-0.0163,-0.0198,0.0000,0.0000
PK39440,2024,6,0.0000,0.0000,-0.0037,-0.0151
PK39440,2025,6,-0.0137,-0.1111,-0.0354,-0.0553
PK39440,2026,18,-0.0222,-0.0756,-0.0659,-0.0689
PK39465,2018,4,-0.0360,-0.0499,-0.0130,-0.0496
PK39465,2019,9,0.0000,0.0107,-0.0033,0.0000
PK39465,2020,1,-0.1429,-0.0870,-0.0735,-0.1280
PK39465,2021,3,0.0092,0.0000,0.0261,0.0209
PK39465,2022,7,-0.0064,-0.0635,-0.0590,-0.0565
PK39465,2023,1,0.0108,0.0257,0.0274,0.0194
PK39465,2024,6,-0.0239,-0.0113,0.0000,-0.0157
PK39465,2025,6,0.0069,-0.0613,-0.0429,-0.0352
PK39465,2026,18,-0.0101,-0.0394,-0.0489,-0.0556
PK39469,2018,4,-0.0247,-0.0440,-0.0118,-0.0431
PK39469,2019,9,0.0000,0.0221,-0.0193,0.0000
PK39469,2020,2,-0.1037,-0.0155,-0.0674,-0.0924
PK39469,2021,3,0.0320,-0.0058,0.0019,0.0334
PK39469,2022,7,-0.0044,-0.0487,-0.0527,-0.0238
PK39469,2023,1,0.0133,0.0173,0.0032,0.0136
PK39469,2024,6,-0.0152,0.0000,0.0000,-0.0159
PK39469,2025,6,0.0022,-0.0335,-0.0532,-0.0160
PK39469,2026,18,-0.0120,-0.0133,-0.0516,-0.0273
PK39470,2018,4,-0.0269,-0.0445,-0.0146,-0.0414
PK39470,2019,9,0.0000,0.0216,-0.0194,0.0000
PK39470,2020,2,-0.1028,-0.0198,-0.0619,-0.0972
PK39470,2021,3,0.0231,-0.0073,0.0031,0.0294
PK39470,2022,7,-0.0111,-0.0546,-0.0548,-0.0147
PK39470,2023,1,0.0201,0.0148,0.0035,0.0229
PK39470,2024,6,-0.0118,0.0000,0.0000,-0.0074
PK39470,2025,6,-0.0316,-0.0370,-0.0528,-0.0361
PK39470,2026,18,-0.0325,-0.0154,-0.0546,-0.0377
PK39491,2018,5,-0.0312,-0.0503,-0.0259,-0.0472
PK39491,2019,5,0.0244,0.0115,0.0224,0.0191
PK39491,2020,2,-0.1109,-0.0338,-0.0734,-0.1181
PK39491,2021,2,0.0705,0.0000,0.0642,0.0682
PK39491,2022,6,-0.0280,-0.0207,-0.0147,-0.0388
PK39491,2023,1,-0.3412,-0.1134,-0.2621,-0.3400
PK39491,2024,5,0.0000,0.0068,0.0000,0.0000
PK39491,2025,5,-0.0168,-0.0192,-0.0254,-0.0270
PK39491,2026,16,-0.0161,-0.0043,-0.0271,-0.0272
PK39493,2018,5,-0.1872,-0.3636,-0.1836,-0.2278
PK39493,2019,9,0.0154,-0.0294,-0.0150,0.0106
PK39493,2020,2,-0.0559,0.0000,0.0470,-0.0237
PK39493,2021,3,0.0942,0.0702,0.0907,0.0998
PK39493,2022,8,-0.0846,-0.2701,-0.1451,-0.1342
PK39493,2023,2,-0.2221,0.0023,-0.0798,-0.1660
PK39493,2024,6,0.0000,-0.0499,0.0000,0.0000
PK39493,2025,5,-0.0320,-0.2651,-0.1153,-0.0962
PK39493,2026,17,0.0008,-0.1858,-0.1199,-0.0742
PK39510,2018,5,0.0051,-0.0291,-0.0023,-0.0757
PK39510,2019,9,-0.0155,0.0522,-0.0068,0.0000
PK39510,2020,3,-0.2601,-0.0992,-0.1568,-0.2456
PK39510,2021,3,0.0514,0.0000,0.0245,0.0687
PK39510,2022,8,0.0288,-0.0048,-0.0156,-0.0452
PK39510,2023,1,0.0143,0.0426,0.0133,0.0348
PK39510,2024,6,0.0000,-0.0094,0.0000,-0.0011
PK39510,2025,6,0.0520,0.0463,0.0150,-0.0275
PK39510,2026,18,0.0361,0.0496,0.0047,-0.0375
PK39520,2018,5,-0.1612,-0.1187,-0.0573,-0.1559
PK39520,2019,10,0.0087,0.0000,-0.0352,0.0000
PK39520,2020,3,-0.3081,-0.1209,-0.2233,-0.2760
PK39520,2021,3,0.0453,0.0301,0.0343,0.0397
PK39520,2022,8,-0.1078,-0.0731,-0.0337,-0.1136
PK39520,2023,1,0.0000,0.0508,0.0445,0.0079
PK39520,2024,6,-0.0324,-0.0044,0.0000,-0.0247
PK39520,2025,7,-0.0419,-0.0562,-0.0281,-0.0564
PK39520,2026,18,-0.0705,-0.0418,-0.0449,-0.0877
PK39521,2018,5,-0.0116,-0.0847,-0.0605,-0.1012
PK39521,2019,10,0.0042,0.0325,-0.0106,0.0000
PK39521,2020,3,-0.2203,-0.0270,-0.0885,-0.2145
PK39521,2021,3,-0.0051,0.0000,0.0164,0.0150
PK39521,2022,8,0.0041,-0.0682,-0.0713,-0.0833
PK39521,2023,1,0.0237,0.0392,0.0383,0.0305
PK39521,2024,6,0.0000,-0.0093,0.0000,-0.0157
PK39521,2025,7,0.0567,-0.0526,-0.0191,-0.0345
PK39521,2026,18,0.0134,-0.0441,-0.0318,-0.0722
PK39550,2018,5,-0.1787,-0.1655,-0.1304,-0.1751
PK39550,2019,9,0.0000,0.0480,0.0128,0.0000
PK39550,2020,3,-0.0434,-0.0577,-0.0380,-0.0294
PK39550,2021,3,0.0005,0.0282,0.0321,0.0151
PK39550,2022,7,-0.0898,-0.0930,-0.1105,-0.1437
PK39550,2023,1,0.0264,0.0000,0.0000,0.0019
PK39550,2024,5,-0.0043,-0.0440,-0.0566,-0.0272
PK39550,2025,7,-0.0114,0.0159,-0.0224,-0.0910
PK39550,2026,18,-0.0321,-0.0176,-0.0502,-0.1032
PK39551,2018,5,-0.1617,-0.1502,-0.1720,-0.1988
PK39551,2019,9,0.0000,0.0468,-0.0229,0.0046
PK39551,2020,3,-0.0057,-0.0398,0.0000,-0.0173
PK39551,2021,3,0.0072,0.0259,0.0209,0.0246
PK39551,2022,7,-0.0391,-0.1036,-0.0877,-0.1369
PK39551,2023,1,0.0219,0.0000,0.0071,0.0000
PK39551,2024,5,-0.0346,-0.0544,-0.0796,-0.0358
PK39551,2025,7,-0.0131,0.0055,-0.0516,-0.0862
PK39551,2026,18,-0.0266,-0.0217,-0.0971,-0.1000
PK39553,2018,5,-0.0361,-0.1851,-0.1346,-0.1269
PK39553,2019,9,0.0000,0.0000,-0.0253,-0.0033
PK39553,2020,3,-0.0195,0.0149,0.0000,0.0000
PK39553,2021,3,0.0544,-0.0212,0.0355,0.0602
PK39553,2022,7,0.0065,-0.0892,-0.0618,-0.0754
PK39553,2023,1,0.0086,0.0719,0.0595,0.0155
PK39553,2024,4,-0.0504,-0.0582,-0.0454,-0.0384
PK39553,2025,6,0.0337,-0.0524,-0.0520,-0.0222
PK39553,2026,17,-0.0155,-0.0519,-0.0887,-0.0682
PK39554,2018,6,0.0228,-0.0861,-0.1055,-0.1464
PK39554,2019,9,0.0000,0.0354,-0.0434,0.0000
PK39554,2020,3,-0.0479,-0.0224,0.0000,-0.0152
PK39554,2021,3,0.0525,0.0000,0.0601,0.0523
PK39554,2022,7,0.0907,-0.0247,0.0473,-0.0812
PK39554,2023,1,0.0210,0.1225,0.0722,0.0315
PK39554,2024,4,-0.0166,-0.0346,-0.0952,-0.0412
PK39554,2025,7,0.1062,0.0314,-0.0179,-0.0444
PK39554,2026,17,0.0709,0.0316,-0.0500,-0.0619
PK39584,2018,5,-0.2314,-0.1773,-0.1891,-0.2821
PK39584,2019,9,0.0000,0.0370,0.0022,0.0000
PK39584,2020,3,-0.0337,0.0000,0.0000,-0.0125
PK39584,2021,3,0.0320,0.0310,0.0045,0.0390
PK39584,2022,7,-0.0160,-0.1432,-0.1489,-0.0888
PK39584,2023,1,0.0219,-0.0015,-0.0040,0.0116
PK39584,2024,5,-0.0407,-0.0523,-0.0688,-0.0670
PK39584,2025,7,-0.0098,-0.0902,-0.1061,-0.0784
PK39584,2026,18,-0.0140,-0.0707,-0.1310,-0.0936
PK39588,2018,5,-0.0282,-0.1448,-0.1179,-0.1233
PK39588,2019,9,-0.0214,0.0155,0.0000,0.0000
PK39588,2020,3,-0.0551,0.0221,0.0033,-0.0123
PK39588,2021,3,0.0237,0.0000,0.0255,0.0410
PK39588,2022,6,0.0188,-0.0866,-0.0834,-0.0877
PK39588,2023,1,0.0000,-0.0338,-0.0088,-0.0040
PK39588,2024,3,0.0224,-0.0395,-0.0186,0.0070
PK39588,2025,7,0.0473,-0.0715,-0.0636,-0.0561
PK39588,2026,17,-0.0131,-0.0823,-0.1220,-0.1108
PK39592,2018,5,-0.0508,-0.1150,-0.0336,-0.0931
PK39592,2019,9,0.0291,0.0236,0.0153,0.0218
PK39592,2020,3,0.0000,0.0184,0.0000,0.0000
PK39592,2021,3,0.0627,0.0000,0.0409,0.0584
PK39592,2022,8,0.0230,-0.0787,-0.0681,-0.0334
PK39592,2023,2,-0.1647,-0.0725,-0.1233,-0.1791
PK39592,2024,4,-0.0273,-0.0670,-0.0367,-0.0409
PK39592,2025,7,0.0348,-0.0640,-0.0619,-0.0208
PK39592,2026,18,-0.0015,-0.1232,-0.1047,-0.0517
PK39595,2018,6,-0.0736,-0.1083,-0.0869,-0.1058
PK39595,2019,9,0.0000,0.0000,0.0096,0.0000
PK39595,2020,3,-0.0209,-0.0810,-0.0132,-0.0029
PK39595,2021,3,0.0445,0.0215,0.0403,0.0454
PK39595,2022,6,-0.0342,-0.0945,-0.0880,-0.0418
PK39595,2023,1,0.0156,-0.0047,0.0000,0.0297
PK39595,2024,4,-0.0403,0.0184,-0.0051,-0.0093
PK39595,2025,6,-0.0019,0.0159,-0.0102,-0.0067
PK39595,2026,17,-0.0314,-0.0224,-0.0519,-0.0445
PK39597,2018,6,-0.0736,-0.0576,-0.0922,-0.1186
PK39597,2019,9,-0.0123,0.0047,-0.0186,-0.0007
PK39597,2020,3,-0.0487,-0.0023,-0.0499,-0.0227
PK39597,2021,3,0.0000,-0.0496,0.0000,0.0137
PK39597,2022,6,0.0000,-0.0165,-0.0441,-0.0629
PK39597,2023,1,0.0102,0.0027,0.0120,0.0161
PK39597,2024,3,0.0083,0.0000,0.0153,0.0000
PK39597,2025,7,0.0216,0.0113,-0.0067,-0.0420
PK39597,2026,17,0.0120,-0.0051,-0.0308,-0.0436
PK39598,2018,5,-0.0852,-0.0824,-0.0818,-0.0975
PK39598,2019,9,-0.0302,0.0365,0.0000,-0.0201
PK39598,2020,3,-0.0703,0.0093,-0.0107,-0.0441
PK39598,2021,3,0.0089,-0.0214,0.0196,0.0172
PK39598,2022,6,-0.0089,-0.0412,-0.0381,-0.0586
PK39598,2023,1,0.0000,0.0000,0.0185,0.0000
PK39598,2024,3,0.0093,-0.0137,-0.0074,0.0018
PK39598,2025,7,0.0197,-0.0190,-0.0288,-0.0367
PK39598,2026,17,-0.0159,-0.0434,-0.0715,-0.0584
PK39600,2018,5,-0.1226,-0.0828,-0.0864,-0.1841
PK39600,2019,9,0.0497,0.0353,0.0000,0.0329
PK39600,2020,3,0.0000,0.0618,0.0023,0.0000
PK39600,2021,3,0.0851,0.0000,0.0509,0.0897
PK39600,2022,8,0.0215,-0.0110,-0.0215,-0.0347
PK39600,2023,2,-0.1617,-0.0360,-0.1203,-0.1753
PK39600,2024,4,-0.0278,-0.0362,-0.0529,-0.0442
PK39600,2025,7,0.0388,-0.0261,-0.0127,-0.0117
PK39600,2026,18,-0.0358,-0.1008,-0.0846,-0.0785
PK39602,2018,6,-0.1096,-0.0892,-0.1383,-0.1882
PK39602,2019,9,0.0000,0.0849,0.0000,0.0000
PK39602,2020,3,-0.0466,-0.0180,-0.0491,-0.0334
PK39602,2021,3,0.0015,0.0000,0.0118,0.0116
PK39602,2022,8,-0.0418,-0.0437,-0.0903,-0.1475
PK39602,2023,1,0.0209,0.0825,0.0288,0.0395
PK39602,2024,6,-0.0721,-0.0826,-0.0697,-0.0739
PK39602,2025,7,-0.0147,-0.0038,-0.0628,-0.1118
PK39602,2026,18,-0.0420,0.0018,-0.0761,-0.1303
PK39603,2018,6,-0.2238,-0.1710,-0.1611,-0.2365
PK39603,2019,9,0.0000,0.0585,0.0057,0.0000
PK39603,2020,3,-0.0381,0.0000,-0.0237,-0.0395
PK39603,2021,3,0.0183,-0.0183,0.0000,0.0158
PK39603,2022,8,-0.0900,-0.1501,-0.1270,-0.1128
PK39603,2023,1,0.0188,0.1193,0.0728,0.0207
PK39603,2024,6,-0.0653,-0.0739,-0.0415,-0.0687
PK39603,2025,6,-0.0470,-0.1110,-0.0922,-0.0686
PK39603,2026,18,-0.0671,-0.0731,-0.1383,-0.0845
PK39627,2018,6,-0.1339,-0.1735,-0.1439,-0.2054
PK39627,2019,7,0.0336,0.0060,0.0134,0.0301
PK39627,2020,4,-0.0170,-0.0112,-0.0084,-0.0232
PK39627,2021,2,0.0752,0.0162,0.0323,0.0614
PK39627,2022,7,-0.0912,-0.1751,-0.1192,-0.1802
PK39627,2023,1,-0.4873,-0.0844,-0.2753,-0.4728
PK39627,2024,6,0.0000,0.0000,0.0000,0.0000
PK39627,2025,5,-0.0571,-0.1826,-0.1214,-0.1389
PK39627,2026,17,-0.0908,-0.1199,-0.1575,-0.1821
PK39646,2018,5,-0.0504,0.0427,0.0269,-0.0852
PK39646,2019,6,0.0173,0.0364,0.0000,0.0179
PK39646,2020,2,-0.2749,-0.0636,-0.2240,-0.2697
PK39646,2021,2,0.0264,0.0000,0.0583,0.0551
PK39646,2022,6,-0.0726,0.0578,-0.0167,-0.0756
PK39646,2023,1,-0.3904,-0.0701,-0.2104,-0.3933
PK39646,2024,5,0.0000,0.1413,0.0159,0.0000
PK39646,2025,6,-0.1085,0.0275,-0.0585,-0.1050
PK39646,2026,16,-0.0961,0.0536,-0.0550,-0.0886
PK39648,2018,5,-0.1262,-0.0345,-0.0385,-0.1287
PK39648,2019,6,0.0000,0.0271,0.0499,0.0000
PK39648,2020,2,-0.3021,-0.0935,-0.1867,-0.3008
PK39648,2021,2,0.0480,0.0000,0.0769,0.0513
PK39648,2022,5,-0.0539,0.0042,-0.0305,-0.0547
PK39648,2023,1,-0.5188,-0.1110,-0.2293,-0.5146
PK39648,2024,5,0.0261,0.0319,0.0000,0.0259
PK39648,2025,6,-0.0203,0.0087,-0.0231,-0.0225
PK39648,2026,15,-0.0547,-0.0162,-0.0431,-0.0572
PK39649,2018,5,-0.1532,-0.0432,-0.0879,-0.1542
PK39649,2019,6,0.0000,0.0304,0.0000,0.0000
PK39649,2020,2,-0.3094,-0.1085,-0.2571,-0.3060
PK39649,2021,2,0.0550,0.0000,0.0437,0.0598
PK39649,2022,5,-0.0635,-0.0026,-0.0406,-0.0636
PK39649,2023,1,-0.5258,-0.1478,-0.3650,-0.5202
PK39649,2024,5,0.0074,0.0491,0.0021,0.0108
PK39649,2025,6,-0.0194,0.0105,-0.0331,-0.0204
PK39649,2026,15,-0.0520,-0.0055,-0.0748,-0.0523
PK39651,2018,5,-0.1236,-0.0027,-0.0912,-0.1322
PK39651,2019,7,0.0028,0.0566,0.0000,0.0025
PK39651,2020,2,-0.2768,-0.0450,-0.1852,-0.2775
PK39651,2021,2,0.0495,0.0000,0.0702,0.0516
PK39651,2022,4,-0.0641,0.0262,-0.0582,-0.0731
PK39651,2023,1,-0.5391,-0.0820,-0.3232,-0.5280
PK39651,2024,5,0.0000,0.0889,0.0345,0.0000
PK39651,2025,6,-0.0171,0.0599,-0.0185,-0.0225
PK39651,2026,15,-0.0760,0.0236,-0.0737,-0.0803
PK39652,2018,4,-0.0983,-0.0189,-0.0749,-0.1237
PK39652,2019,6,0.0151,0.0460,0.0000,0.0119
PK39652,2020,2,-0.2995,-0.1001,-0.2298,-0.2918
PK39652,2021,2,0.0290,0.0000,0.0486,0.0486
PK39652,2022,4,-0.0519,0.0046,-0.0602,-0.0707
PK39652,2023,1,-0.4802,-0.1113,-0.3107,-0.4619
PK39652,2024,5,0.0000,0.0643,0.0125,0.0000
PK39652,2025,6,-0.0052,0.0292,-0.0322,-0.0253
PK39652,2026,15,-0.0482,0.0034,-0.0680,-0.0602
PK39654,2018,5,-0.1730,-0.0708,-0.0984,-0.1372
PK39654,2019,7,0.0000,0.0030,0.0000,0.0105
PK39654,2020,2,-0.3150,-0.1330,-0.1741,-0.3043
PK39654,2021,2,0.0149,0.0000,0.0758,0.0153
PK39654,2022,4,0.0493,0.1176,0.1229,-0.0985
PK39654,2023,1,-0.4447,-0.0620,-0.1332,-0.4408
PK39654,2024,5,0.0212,0.0438,0.0493,0.0000
PK39654,2025,6,-0.0605,-0.0022,-0.0259,-0.0585
PK39654,2026,15,-0.0978,-0.0406,-0.0607,-0.0923
PK39659,2018,5,-0.0623,-0.0587,-0.0637,-0.0687
PK39659,2019,8,0.0158,0.0370,0.0035,0.0148
PK39659,2020,3,-0.1068,-0.0538,-0.0722,-0.1004
PK39659,2021,2,0.0719,-0.0197,0.0444,0.0717
PK39659,2022,7,-0.0537,-0.0179,-0.0132,-0.0551
PK39659,2024,7,-0.0158,0.0197,-0.0035,-0.0148
PK39659,2025,6,-0.0442,0.0011,-0.0429,-0.0466
PK39659,2026,17,-0.0101,-0.0165,-0.0463,-0.0122
PK39664,2018,4,0.0091,0.0044,-0.0103,-0.0087
PK39664,2019,8,0.0148,0.0242,0.0163,0.0060
PK39664,2020,3,-0.0889,-0.0256,-0.0495,-0.0771
PK39664,2021,2,0.0751,-0.0242,0.0453,0.0708
PK39664,2022,7,-0.0885,-0.0461,-0.0423,-0.0718
PK39664,2024,6,-0.0148,0.0392,-0.0163,-0.0060
PK39664,2025,6,-0.0608,-0.0087,-0.0371,-0.0492
PK39664,2026,16,-0.0191,0.0120,-0.0218,-0.0065
PK39665,2018,4,0.0220,-0.0206,0.0369,-0.0038
PK39665,2019,8,0.0045,-0.0022,0.0233,0.0033
PK39665,2020,3,-0.0725,-0.0623,-0.0233,-0.0727
PK39665,2021,2,0.0979,0.0022,0.0587,0.0859
PK39665,2022,7,0.0035,-0.0415,-0.0213,-0.0211
PK39665,2024,6,-0.0045,0.0332,-0.0491,-0.0033
PK39665,2025,6,0.0061,-0.0095,0.0031,-0.0218
PK39665,2026,16,0.0218,-0.0091,-0.0020,0.0042
PK39666,2018,4,0.0019,-0.0214,0.0129,-0.0177
PK39666,2019,6,-0.0060,0.0036,0.0157,-0.0033
PK39666,2020,1,-0.0889,-0.0672,-0.0394,-0.0820
PK39666,2021,2,0.0604,-0.0036,0.0466,0.0637
PK39666,2022,7,-0.0363,-0.0317,-0.0147,-0.0433
PK39666,2024,5,0.0060,0.0085,-0.0157,0.0033
PK39666,2025,5,-0.0110,-0.0104,-0.0156,-0.0187
PK39666,2026,16,-0.0053,-0.0142,-0.0083,-0.0128
PK39667,2018,5,-0.0216,-0.0054,-0.0110,-0.0255
PK39667,2019,6,-0.0038,0.0290,-0.0070,-0.0010
PK39667,2020,1,-0.0794,-0.0519,-0.0555,-0.0795
PK39667,2021,2,0.0453,0.0017,0.0448,0.0537
PK39667,2022,7,-0.0310,-0.0367,0.0089,-0.0383
PK39667,2024,5,0.0038,-0.0017,0.0070,0.0010
PK39667,2025,5,0.0070,0.0277,-0.0021,-0.0048
PK39667,2026,17,-0.0012,0.0037,-0.0080,-0.0071
PK39668,2018,4,0.0144,-0.0222,0.0378,-0.0006
PK39668,2019,8,0.0051,-0.0085,0.0273,0.0042
PK39668,2020,3,-0.0783,-0.0761,-0.0273,-0.0773
PK39668,2021,2,0.0626,0.0085,0.0564,0.0616
PK39668,2022,7,-0.0016,-0.0314,-0.0117,-0.0190
PK39668,2024,6,-0.0051,0.0114,-0.0527,-0.0042
PK39668,2025,6,-0.0008,-0.0145,0.0026,-0.0173
PK39668,2026,16,0.0032,-0.0231,-0.0022,-0.0078
PK39669,2018,5,-0.0449,0.0272,-0.0009,-0.0450
PK39669,2019,6,-0.0070,0.0475,0.0093,-0.0045
PK39669,2020,1,-0.1121,-0.0497,-0.0698,-0.1049
PK39669,2021,2,0.0505,-0.0100,0.0468,0.0530
PK39669,2022,7,-0.0249,0.0245,0.0074,-0.0312
PK39669,2024,5,0.0070,0.0100,-0.0093,0.0045
PK39669,2025,5,-0.0240,0.0179,-0.0258,-0.0271
PK39669,2026,17,-0.0231,0.0174,-0.0212,-0.0235
PK39670,2018,5,-0.0149,0.0434,-0.0096,-0.0238
PK39670,2019,6,-0.0060,0.0432,0.0013,-0.0054
PK39670,2020,1,-0.1633,-0.0380,-0.0739,-0.1414
PK39670,2021,2,0.0569,-0.0154,0.0339,0.0602
PK39670,2022,8,-0.0163,0.0267,0.0039,-0.0275
PK39670,2024,5,0.0060,0.0154,-0.0013,0.0054
PK39670,2025,5,-0.0091,0.0423,-0.0205,-0.0134
PK39670,2026,17,-0.0030,0.0309,-0.0153,-0.0108
PK39671,2018,5,-0.0207,0.0296,-0.0216,-0.0252
PK39671,2019,5,0.0219,0.0477,0.0124,0.0213
PK39671,2020,1,-0.1356,-0.0409,-0.0832,-0.1307
PK39671,2021,2,0.0579,-0.0108,0.0297,0.0586
PK39671,2022,8,-0.0259,0.0190,-0.0172,-0.0291
PK39671,2024,5,-0.0219,0.0108,-0.0124,-0.0213
PK39671,2025,5,-0.0252,0.0280,-0.0353,-0.0271
PK39671,2026,17,-0.0183,0.0240,-0.0281,-0.0160
PK39672,2018,5,-0.1438,-0.1897,-0.1252,-0.1481
PK39672,2019,8,0.0000,-0.0712,-0.0204,0.0000
PK39672,2020,3,-0.1021,0.0023,-0.0135,-0.0534
PK39672,2021,3,0.0552,0.0000,0.0390,0.0845
PK39672,2022,7,-0.0848,-0.2269,-0.1405,-0.1314
PK39672,2023,1,0.0045,0.0901,0.0710,0.0597
PK39672,2024,6,-0.0325,-0.0194,0.0000,-0.0004
PK39672,2025,4,-0.0602,-0.2186,-0.0879,-0.0917
PK39672,2026,17,-0.0647,-0.1675,-0.1040,-0.1058
PK39683,2018,4,0.0096,0.0041,0.0119,-0.0017
PK39683,2019,9,0.0058,0.0205,0.0210,-0.0012
PK39683,2020,3,-0.0845,-0.0383,-0.0713,-0.0748
PK39683,2021,3,0.0925,0.0060,0.0650,0.0935
PK39683,2022,7,0.0079,-0.0131,-0.0012,-0.0051
PK39683,2024,6,-0.0058,-0.0060,-0.0210,0.0012
PK39683,2025,6,-0.0068,-0.0490,-0.0548,-0.0203
PK39683,2026,17,-0.0117,-0.0515,-0.0541,-0.0189
PK39691,2018,5,0.0096,-0.0119,0.0189,-0.0141
PK39691,2019,8,-0.0021,0.0011,0.0122,-0.0067
PK39691,2020,3,-0.0756,-0.0516,-0.0555,-0.0771
PK39691,2021,3,0.0353,-0.0011,0.0390,0.0492
PK39691,2022,7,0.0097,0.0255,0.0090,-0.0092
PK39691,2024,6,0.0021,0.0264,-0.0122,0.0067
PK39691,2025,5,0.0106,-0.0055,-0.0202,-0.0154
PK39691,2026,17,-0.0099,-0.0067,-0.0137,-0.0191
PK39798,2018,3,0.0186,-0.1140,-0.0668,-0.0465
PK39798,2019,9,0.0128,0.0000,0.0000,0.0000
PK39798,2020,2,-0.0687,-0.0434,-0.0113,-0.1060
PK39798,2021,4,0.0339,0.0301,0.0982,0.0342
PK39798,2022,9,-0.0140,-0.0356,-0.0401,-0.0528
PK39798,2023,1,0.0000,0.0672,0.0950,0.0243
PK39798,2024,6,-0.0713,-0.0448,-0.0286,-0.0551
PK39798,2025,7,-0.0144,-0.0299,-0.0177,-0.0373
PK39798,2026,17,-0.0448,-0.0598,-0.0418,-0.0832
PK39802,2018,4,-0.1267,-0.1297,-0.1290,-0.1453
PK39802,2019,9,0.0000,0.0124,0.0000,0.0000
PK39802,2020,2,-0.0369,-0.0691,-0.0279,-0.0420
PK39802,2021,4,0.0338,0.0000,0.0128,0.0301
PK39802,2022,9,-0.0397,-0.1918,-0.1068,-0.0677
PK39802,2023,1,0.0032,0.0696,0.0459,0.0093
PK39802,2024,6,-0.0579,-0.0765,-0.0542,-0.0609
PK39802,2025,7,-0.0321,-0.0596,-0.0805,-0.0463
PK39802,2026,17,-0.0741,-0.1353,-0.1537,-0.1156
PK39808,2018,6,-0.1972,-0.1344,-0.1563,-0.2108
PK39808,2019,9,0.0076,0.0109,0.0000,0.0000
PK39808,2020,2,-0.0185,-0.0685,-0.0225,-0.0335
PK39808,2021,4,0.0483,0.0000,0.0240,0.0375
PK39808,2022,9,0.0091,-0.2054,-0.0939,-0.0466
PK39808,2023,2,0.0000,0.0506,0.0185,0.0091
PK39808,2024,6,-0.0365,-0.0548,-0.0076,-0.0444
PK39808,2025,8,-0.0068,-0.1156,-0.0981,-0.0483
PK39808,2026,17,-0.0535,-0.1552,-0.1392,-0.1041
PK39859,2018,5,0.0133,-0.0385,-0.0089,-0.0204
PK39859,2019,7,0.0032,-0.0124,-0.0014,0.0069
PK39859,2020,2,-0.0060,0.0095,0.0210,-0.0079
PK39859,2021,3,0.0724,0.0167,0.0395,0.0682
PK39859,2022,8,0.0076,-0.0240,-0.0356,-0.0044
PK39859,2023,1,-0.0364,-0.0340,-0.0246,-0.0748
PK39859,2024,6,0.0000,0.0000,0.0000,0.0000
PK39859,2025,6,0.0311,-0.0315,-0.0106,0.0057
PK39859,2026,17,0.0113,-0.0339,-0.0352,-0.0127
PK39860,2018,5,0.0554,-0.0026,0.0384,-0.0323
PK39860,2019,6,-0.0038,-0.0108,-0.0036,0.0085
PK39860,2020,2,-0.0160,0.0000,0.0073,-0.0233
PK39860,2021,3,0.0777,0.0091,0.0452,0.0771
PK39860,2022,8,0.0310,-0.0029,-0.0195,-0.0055
PK39860,2023,1,0.0145,-0.0458,-0.0269,-0.1118
PK39860,2024,6,0.0000,0.0000,0.0000,0.0000
PK39860,2025,6,0.1044,0.0115,0.0087,0.0166
PK39860,2026,16,0.0920,-0.0099,-0.0173,-0.0288
PK39861,2018,5,-0.0061,-0.0118,-0.0186,0.0143
PK39861,2019,6,0.0379,0.0000,0.0000,0.0348
PK39861,2020,2,0.0000,-0.0034,-0.0136,-0.0005
PK39861,2021,3,0.0793,0.0035,0.0596,0.0804
PK39861,2022,8,-0.0008,0.0216,-0.0121,0.0097
PK39861,2023,1,-0.0853,-0.0209,-0.0724,-0.0817
PK39861,2024,6,-0.0048,0.0351,0.0147,0.0000
PK39861,2025,6,0.0611,0.0150,0.0058,0.0427
PK39861,2026,15,0.0425,-0.0091,-0.0377,0.0175
PK39892,2018,4,0.0097,0.0059,0.0222,-0.0168
PK39892,2019,7,0.0172,0.0151,0.0253,0.0074
PK39892,2020,2,-0.0170,-0.0026,0.0000,-0.0290
PK39892,2021,3,0.0961,0.0000,0.0382,0.0657
PK39892,2022,8,0.0117,0.0354,0.0290,0.0037
PK39892,2023,1,-0.5098,-0.1818,-0.3302,-0.4336
PK39892,2024,6,0.0000,0.0201,-0.0001,0.0000
PK39892,2025,6,0.0414,0.0340,0.0164,0.0191
PK39892,2026,17,0.0139,0.0250,0.0038,-0.0021
PK40244,2018,4,-0.0762,-0.1277,-0.0778,-0.0894
PK40244,2019,7,0.0078,0.0202,0.0043,0.0000
PK40244,2020,2,0.0000,0.0706,0.0612,0.0153
PK40244,2021,3,0.0757,-0.0282,0.0000,0.0687
PK40244,2022,9,-0.0302,-0.0850,-0.0401,-0.0364
PK40244,2023,2,-0.0705,0.0000,-0.0409,-0.0565
PK40244,2024,6,-0.0270,-0.0118,-0.0126,-0.0201
PK40244,2025,7,-0.0172,-0.0520,-0.0491,-0.0451
PK40244,2026,16,0.0068,-0.0648,-0.0235,-0.0100
PK40249,2018,5,-0.1342,-0.1502,-0.0727,-0.1315
PK40249,2019,7,0.0000,-0.0555,-0.0187,-0.0298
PK40249,2020,2,0.0213,0.0000,0.0382,0.0281
PK40249,2021,3,0.0633,0.0245,0.0659,0.0784
PK40249,2022,9,-0.0101,-0.1039,-0.0189,-0.0427
PK40249,2023,2,-0.0923,-0.0943,-0.1004,-0.0734
PK40249,2024,5,-0.0067,0.0197,0.0000,0.0000
PK40249,2025,7,0.0137,-0.0409,0.0052,-0.0120
PK40249,2026,16,0.0014,-0.0533,-0.0112,-0.0243
PK40367,2018,6,-0.0661,-0.1144,-0.0753,-0.0817
PK40367,2019,7,0.0201,0.0000,-0.0038,0.0094
PK40367,2020,3,-0.0169,-0.0572,0.0023,-0.0146
PK40367,2021,3,0.0014,-0.0221,-0.0426,-0.0045
PK40367,2022,8,0.0195,-0.0695,0.0102,0.0102
PK40367,2023,2,0.0000,0.0423,0.0312,0.0042
PK40367,2024,7,-0.0002,0.0105,0.0000,0.0000
PK40367,2025,7,0.0097,-0.1026,-0.0783,-0.0192
PK40367,2026,16,-0.0125,-0.0933,-0.1174,-0.0231
PK40369,2018,5,-0.1021,-0.0650,-0.0308,-0.0914
PK40369,2019,6,0.0000,-0.0037,0.0141,0.0012
PK40369,2020,3,-0.1105,-0.0122,-0.0144,-0.0805
PK40369,2021,3,-0.0090,0.0092,-0.0125,-0.0156
PK40369,2022,8,-0.0536,-0.1494,-0.0665,-0.0635
PK40369,2023,2,0.0039,0.0520,0.0400,0.0461
PK40369,2024,6,0.0068,0.0000,0.0000,0.0000
PK40369,2025,8,-0.0242,-0.1014,-0.0634,-0.0607
PK40369,2026,16,-0.0959,-0.1170,-0.0916,-0.1199
PK40372,2018,5,-0.1382,-0.1150,-0.1101,-0.1174
PK40372,2019,7,-0.0217,0.0000,0.0045,0.0000
PK40372,2020,1,0.0000,-0.0369,0.0000,-0.0091
PK40372,2021,3,0.0405,-0.0270,-0.0531,0.0189
PK40372,2022,9,-0.0173,-0.1481,-0.0671,-0.0236
PK40372,2023,2,0.0058,0.0929,0.0555,0.0386
PK40372,2024,6,-0.1003,0.0018,-0.0269,-0.0685
PK40372,2025,8,-0.0321,-0.0947,-0.0859,-0.0510
PK40372,2026,16,-0.0206,-0.1107,-0.1060,-0.0350
PK40373,2018,4,-0.1281,-0.0972,-0.1071,-0.1825
PK40373,2019,7,-0.0130,0.0000,0.0037,-0.0220
PK40373,2020,1,0.0097,-0.0285,0.0000,0.0041
PK40373,2021,3,0.0307,-0.0120,-0.0346,0.0000
PK40373,2022,9,-0.0191,-0.1217,-0.0532,-0.0755
PK40373,2023,2,0.0000,0.1048,0.0586,0.0226
PK40373,2024,6,-0.0860,0.0148,-0.0226,-0.0820
PK40373,2025,8,-0.0161,-0.0751,-0.0797,-0.1106
PK40373,2026,16,-0.0422,-0.0868,-0.0969,-0.1175
PK40401,2018,4,-0.1534,-0.1446,-0.1176,-0.1823
PK40401,2019,7,0.0000,0.0072,0.0000,0.0000
PK40401,2020,2,-0.1790,-0.0358,-0.0814,-0.1474
PK40401,2021,3,0.0115,0.0000,0.0322,0.0544
PK40401,2022,9,-0.0304,-0.0453,-0.0119,-0.0171
PK40401,2023,2,0.0011,0.0586,0.0476,0.0367
PK40401,2024,6,-0.0552,-0.0098,-0.0095,-0.0225
PK40401,2025,8,-0.0084,-0.0216,-0.0118,-0.0039
PK40401,2026,16,-0.0088,0.0250,0.0114,0.0100
PK40409,2018,3,-0.1414,-0.1851,-0.0656,-0.1482
PK40409,2019,7,0.0000,-0.0398,-0.0001,0.0000
PK40409,2020,2,-0.1452,0.0040,-0.0365,-0.0701
PK40409,2021,3,0.0565,0.0274,0.0565,0.1050
PK40409,2022,9,-0.0533,-0.1848,-0.1134,-0.0583
PK40409,2023,2,0.0444,0.0000,0.0527,0.0549
PK40409,2024,6,-0.0175,-0.0689,0.0000,-0.0142
PK40409,2025,8,0.0276,-0.1114,-0.0370,-0.0161
PK40409,2026,16,-0.0363,-0.0983,-0.0534,-0.0515
PK40419,2018,3,-0.0951,-0.1988,-0.1479,-0.0844
PK40419,2019,6,0.0000,-0.0187,-0.0184,0.0000
PK40419,2020,2,-0.0879,0.0000,-0.0058,-0.0494
PK40419,2021,3,0.0930,0.0270,0.0299,0.1084
PK40419,2022,9,0.0077,-0.1045,-0.0202,-0.0170
PK40419,2023,2,0.1129,0.0044,0.0011,0.0781
PK40419,2024,7,-0.0752,-0.0451,0.0000,-0.0287
PK40419,2025,7,0.0521,-0.0627,-0.0279,0.0230
PK40419,2026,16,0.0262,-0.0634,-0.0104,-0.0075
PK40425,2018,5,-0.1626,-0.0832,-0.0455,-0.1529
PK40425,2019,6,-0.0223,-0.0118,0.0000,-0.0034
PK40425,2020,2,-0.1326,0.0214,-0.0008,-0.0399
PK40425,2021,3,0.0220,0.1151,0.1000,0.1235
PK40425,2022,9,-0.0515,-0.0289,0.0163,-0.0497
PK40425,2023,2,0.0210,-0.0035,-0.0347,0.0164
PK40425,2024,7,0.0000,0.0000,0.0213,0.0000
PK40425,2025,7,-0.0024,0.0021,0.0064,-0.0312
PK40425,2026,16,-0.0501,-0.0336,0.0045,-0.0409
PK40430,2018,4,-0.0929,-0.2089,-0.1323,-0.1030
PK40430,2019,7,0.0000,-0.0471,-0.0354,0.0000
PK40430,2020,2,-0.0531,0.0000,0.0000,-0.0325
PK40430,2021,3,0.0676,0.1270,0.0711,0.0987
PK40430,2022,9,-0.0180,-0.2218,-0.1528,-0.0682
PK40430,2023,2,0.0000,-0.0042,-0.0185,-0.0052
PK40430,2024,6,0.0058,0.0139,0.0069,0.0254
PK40430,2025,7,-0.0341,-0.1321,-0.0824,-0.0571
PK40430,2026,16,-0.0172,-0.1252,-0.0800,-0.0221
PK40436,2018,5,0.0144,0.0284,0.0914,-0.0756
PK40436,2019,8,0.0344,0.0088,0.0354,-0.0488
PK40436,2020,2,0.0000,-0.0176,0.0000,0.0100
PK40436,2021,3,-0.0133,-0.0448,-0.0202,0.0197
PK40436,2022,9,0.0318,0.0100,0.0404,-0.0773
PK40436,2023,2,0.0350,0.0102,0.0115,0.0000
PK40436,2024,7,-0.0312,0.0000,-0.0104,-0.0275
PK40436,2025,7,0.0010,0.0049,0.0172,-0.1068
PK40436,2026,16,-0.0840,-0.0689,-0.0267,-0.1372
PK40437,2018,5,-0.0443,-0.0922,-0.0248,-0.0636
PK40437,2019,8,-0.0065,-0.0174,-0.0026,-0.0128
PK40437,2020,3,0.0243,-0.0027,0.0000,0.0303
PK40437,2021,3,0.0236,0.0039,0.0471,0.0348
PK40437,2022,9,0.0016,-0.0798,-0.0219,-0.0199
PK40437,2023,2,0.0000,0.0009,0.0270,0.0000
PK40437,2024,7,-0.0346,0.0000,-0.0122,-0.0319
PK40437,2025,7,-0.0024,-0.0876,-0.0110,-0.0279
PK40437,2026,16,-0.0150,-0.0623,-0.0469,-0.0361
PK40438,2018,5,-0.0868,-0.0777,0.0486,-0.1261
PK40438,2019,7,0.0000,-0.0056,0.0000,-0.0129
PK40438,2020,3,0.0495,0.0000,0.0710,0.0626
PK40438,2021,3,0.0278,0.0632,0.0651,0.0740
PK40438,2022,9,-0.0126,-0.1143,-0.0202,-0.1385
PK40438,2023,2,-0.0069,0.0163,-0.0055,0.0000
PK40438,2024,7,-0.0557,-0.0130,-0.0176,-0.0226
PK40438,2025,7,-0.0144,-0.1047,-0.0223,-0.0905
PK40438,2026,16,-0.0934,-0.1072,-0.0745,-0.1321
PK40440,2018,5,-0.0273,-0.1248,-0.0660,-0.0784
PK40440,2019,7,0.0000,-0.0068,0.0066,-0.0333
PK40440,2020,2,-0.0397,0.0000,-0.0064,-0.0349
PK40440,2021,3,0.0030,0.0204,0.0218,0.0531
PK40440,2022,9,-0.0022,-0.0428,0.0068,-0.0790
PK40440,2023,2,0.0357,0.0381,-0.0031,0.0031
PK40440,2024,6,-0.0203,-0.0046,0.0000,0.0000
PK40440,2025,7,0.0206,-0.0457,-0.0258,-0.0364
PK40440,2026,16,-0.0005,-0.0511,-0.0243,-0.0799
PK40441,2018,4,-0.1085,-0.1991,-0.1297,-0.1127
PK40441,2019,8,-0.0403,-0.0588,-0.0180,-0.0338
PK40441,2020,2,0.0036,0.0000,0.0191,0.0000
PK40441,2021,3,0.0754,0.0468,0.0883,0.0935
PK40441,2022,9,-0.0978,-0.1753,-0.0508,-0.1185
PK40441,2023,2,-0.0900,0.0002,-0.0105,-0.0436
PK40441,2024,6,0.0000,-0.0299,0.0000,0.0119
PK40441,2025,7,-0.0326,-0.1335,-0.0552,-0.0764
PK40441,2026,16,-0.1267,-0.1529,-0.0764,-0.1199
PK40447,2018,4,-0.1213,-0.1240,-0.0457,-0.1430
PK40447,2019,7,0.0097,0.0105,0.0000,0.0000
PK40447,2020,3,0.0000,-0.0113,0.0118,0.0018
PK40447,2021,3,0.0830,0.1090,0.1042,0.0854
PK40447,2022,9,-0.1049,-0.1842,-0.1243,-0.1302
PK40447,2023,2,-0.0154,0.0000,-0.0096,-0.0122
PK40447,2024,6,-0.0754,-0.0589,-0.0635,-0.0703
PK40447,2025,7,-0.1361,-0.0942,-0.0928,-0.1396
PK40447,2026,17,-0.1248,-0.1324,-0.0866,-0.1434
PK40458,2018,5,-0.0382,-0.0486,-0.0260,-0.0592
PK40458,2019,7,0.0031,0.0270,0.0129,0.0000
PK40458,2020,2,-0.0190,0.0000,-0.0111,-0.0153
PK40458,2021,2,0.0544,0.0285,0.0279,0.0577
PK40458,2022,8,-0.0177,-0.0529,-0.0235,-0.0274
PK40458,2023,1,0.0000,-0.0073,0.0000,0.0169
PK40458,2024,6,-0.0325,-0.0236,-0.0106,-0.0293
PK40458,2025,7,-0.0049,-0.1053,-0.0630,-0.0259
PK40458,2026,16,-0.0254,-0.0814,-0.0514,-0.0517
PK40464,2018,4,-0.1879,-0.1462,-0.0681,-0.2114
PK40464,2019,8,0.0000,0.0000,-0.0031,0.0000
PK40464,2020,2,-0.1343,-0.0307,-0.0320,-0.1053
PK40464,2021,3,0.0784,-0.0065,0.0422,0.0922
PK40464,2022,8,-0.0245,0.0215,0.0340,-0.0637
PK40464,2023,1,0.0436,0.0445,0.0560,0.0611
PK40464,2024,6,-0.0058,0.0597,0.0000,-0.0126
PK40464,2025,7,0.0031,-0.0046,-0.0394,-0.0208
PK40464,2026,15,0.0031,0.0233,-0.0141,-0.0391
PK40465,2018,4,-0.0832,-0.2104,-0.1414,-0.1008
PK40465,2019,8,0.0000,-0.0103,0.0000,0.0000
PK40465,2020,2,-0.1513,-0.0555,-0.0697,-0.1452
PK40465,2021,3,0.0560,0.0629,0.0605,0.0610
PK40465,2022,8,-0.0242,-0.0961,-0.0542,-0.0334
PK40465,2023,1,0.0132,0.0317,0.0062,0.0178
PK40465,2024,6,-0.0072,0.0000,-0.0424,-0.0141
PK40465,2025,7,0.0003,-0.0761,-0.0595,-0.0102
PK40465,2026,15,-0.0208,-0.0679,-0.0750,-0.0357
PK40466,2018,4,-0.0855,-0.0831,-0.0612,-0.0868
PK40466,2019,8,0.0009,-0.0073,-0.0078,0.0000
PK40466,2020,3,-0.0431,0.0142,0.0000,-0.0289
PK40466,2021,3,0.0479,0.0195,0.0360,0.0621
PK40466,2022,8,-0.0417,-0.0227,-0.0350,-0.0390
PK40466,2023,1,0.0000,-0.0074,0.0061,0.0175
PK40466,2024,6,-0.0259,0.0000,-0.0218,-0.0165
PK40466,2025,7,-0.0055,-0.0310,-0.0175,0.0010
PK40466,2026,15,-0.0283,-0.0444,-0.0543,-0.0226
PK40477,2018,5,-0.1034,-0.0612,-0.0436,-0.0998
PK40477,2019,7,0.0000,-0.0111,0.0000,0.0000
PK40477,2020,2,-0.0669,-0.0123,-0.0122,-0.0447
PK40477,2021,3,0.0740,0.0115,0.0335,0.0854
PK40477,2022,9,0.0054,-0.0634,-0.0245,-0.0358
PK40477,2023,2,0.0311,0.0569,0.0219,0.0492
PK40477,2024,6,-0.0102,0.0000,-0.0292,-0.0043
PK40477,2025,7,-0.0060,-0.0853,-0.0366,-0.0213
PK40477,2026,16,0.0012,-0.0909,-0.0775,-0.0469
PK40486,2018,3,-0.0293,-0.0861,-0.0473,-0.0410
PK40486,2019,7,-0.0036,-0.0201,0.0000,-0.0026
PK40486,2020,2,-0.0621,-0.0693,-0.0483,-0.0625
PK40486,2021,2,0.0510,0.0336,0.0436,0.0530
PK40486,2022,8,-0.0326,-0.1147,-0.0870,-0.0457
PK40486,2023,2,0.0001,0.0194,0.0084,0.0048
PK40486,2024,6,0.0000,0.0000,-0.0126,0.0000
PK40486,2025,7,0.0007,-0.1033,-0.0565,-0.0121
PK40486,2026,15,0.0027,-0.0505,-0.0583,-0.0023
PK40496,2018,4,-0.0662,-0.0647,-0.0772,-0.0701
PK40496,2019,7,0.0091,0.0000,0.0000,0.0060
PK40496,2020,2,-0.1099,-0.0214,-0.0534,-0.1035
PK40496,2021,4,-0.0060,0.0265,0.0053,-0.0079
PK40496,2022,9,-0.0266,-0.0462,-0.0416,-0.0334
PK40496,2023,2,0.0163,-0.0176,0.0132,0.0152
PK40496,2024,6,0.0000,0.0194,-0.0178,0.0000
PK40496,2025,7,0.0003,0.0004,-0.0128,-0.0059
PK40496,2026,15,-0.0048,0.0024,-0.0669,-0.0260
PK40497,2018,6,-0.0745,-0.0351,-0.0852,-0.0924
PK40497,2019,6,0.0094,-0.0125,0.0045,0.0000
PK40497,2020,2,-0.0455,-0.0313,-0.0104,-0.0369
PK40497,2021,4,0.0047,0.0000,-0.0089,0.0057
PK40497,2022,9,0.0213,-0.0368,0.0135,-0.0062
PK40497,2023,2,0.0000,0.0736,0.0433,0.0094
PK40497,2024,6,-0.0256,0.0466,0.0000,-0.0156
PK40497,2025,7,-0.0118,0.0037,-0.0090,-0.0181
PK40497,2026,15,-0.0504,-0.0072,-0.0311,-0.0686
PK40519,2018,5,-0.0598,-0.0630,-0.0291,-0.0704
PK40519,2019,6,-0.0392,-0.0443,-0.0130,-0.0436
PK40519,2020,3,-0.0566,-0.0608,0.0000,-0.0557
PK40519,2021,3,0.0068,0.0035,-0.0343,0.0063
PK40519,2022,8,-0.0457,-0.0557,-0.0328,-0.0573
PK40519,2023,2,0.0000,0.0203,0.0163,0.0014
PK40519,2024,6,0.0061,0.0000,0.0059,0.0000
PK40519,2025,7,0.0100,0.0226,0.0073,0.0015
PK40519,2026,15,-0.0160,0.0095,0.0026,-0.0323
PK40521,2018,5,-0.0401,-0.0449,-0.0177,-0.0355
PK40521,2019,6,0.0000,0.0070,0.0000,0.0000
PK40521,2020,3,-0.0657,-0.0042,-0.0278,-0.0497
PK40521,2021,3,0.0145,0.0000,0.0006,0.0318
PK40521,2022,8,-0.0583,-0.0890,-0.0556,-0.0552
PK40521,2023,2,0.0092,0.0228,0.0026,0.0196
PK40521,2024,6,-0.0407,-0.0505,-0.0548,-0.0362
PK40521,2025,8,-0.0170,-0.0425,-0.0431,-0.0214
PK40521,2026,15,-0.0438,-0.0392,-0.0741,-0.0644
PK40522,2018,5,-0.0199,-0.0851,-0.0499,-0.0380
PK40522,2019,6,0.0000,-0.0375,-0.0049,0.0000
PK40522,2020,3,-0.0302,0.0110,0.0332,-0.0222
PK40522,2021,3,0.0596,0.0000,0.0000,0.0657
PK40522,2022,8,-0.0740,-0.1696,-0.0806,-0.0716
PK40522,2023,2,0.0312,0.0091,0.0037,0.0279
PK40522,2024,6,-0.1137,-0.0636,-0.0978,-0.1155
PK40522,2025,8,-0.0196,-0.0722,-0.0487,-0.0274
PK40522,2026,15,-0.0556,-0.0857,-0.1013,-0.0953
PK40523,2018,5,-0.0284,-0.0406,-0.0533,-0.0427
PK40523,2019,6,0.0064,0.0000,0.0047,0.0009
PK40523,2020,2,-0.0140,0.0506,0.0140,-0.0082
PK40523,2021,3,0.0400,0.0638,0.0000,0.0483
PK40523,2022,8,-0.0008,-0.1149,-0.0517,-0.0447
PK40523,2023,2,0.0000,-0.0356,-0.0239,0.0000
PK40523,2024,6,-0.0159,-0.0113,-0.0361,-0.0249
PK40523,2025,7,-0.0071,-0.0658,-0.0407,-0.0198
PK40523,2026,15,-0.0362,-0.0878,-0.0775,-0.0749
PK40524,2018,5,-0.0294,-0.0455,0.0062,-0.0009
PK40524,2019,6,0.0161,0.0000,0.0000,0.0392
PK40524,2020,3,-0.0600,0.0208,0.0094,0.0000
PK40524,2021,3,0.0773,0.0475,0.0290,0.1100
PK40524,2022,8,-0.0184,-0.1670,-0.0734,-0.0369
PK40524,2023,2,0.0000,-0.2016,-0.0949,-0.0034
PK40524,2024,6,-0.0669,-0.0559,-0.0579,-0.0602
PK40524,2025,7,0.0011,-0.0515,-0.0106,0.0159
PK40524,2026,16,-0.0064,-0.0942,-0.0550,-0.0266
PK40531,2018,6,-0.0689,-0.0416,-0.0342,-0.0727
PK40531,2019,6,0.0004,0.0031,0.0035,0.0046
PK40531,2020,2,-0.0417,-0.0475,-0.0253,-0.0326
PK40531,2021,3,0.0495,0.0349,0.0000,0.0512
PK40531,2022,9,-0.0307,-0.0925,-0.0661,-0.0522
PK40531,2023,2,-0.0178,-0.1023,-0.0591,-0.0042
PK40531,2024,6,0.0000,0.0000,0.0004,0.0000
PK40531,2025,7,-0.0048,-0.0603,-0.0263,-0.0197
PK40531,2026,15,-0.0897,-0.0705,-0.0853,-0.1055
PK40547,2018,5,-0.0961,-0.0529,-0.0779,-0.1130
PK40547,2019,6,-0.0290,0.0000,0.0000,-0.0366
PK40547,2020,3,-0.0871,-0.0264,-0.0120,-0.0826
PK40547,2021,3,0.0590,0.0516,0.0341,0.0356
PK40547,2022,9,-0.0046,-0.0377,-0.0093,-0.0199
PK40547,2023,2,0.0000,-0.0156,0.0082,0.0092
PK40547,2024,6,0.0037,0.0313,-0.0024,0.0000
PK40547,2025,7,0.0159,0.0570,0.0165,0.0055
PK40547,2026,15,0.0064,0.0292,-0.0019,-0.0112
PK40548,2018,5,-0.0205,-0.0599,-0.0542,-0.0223
PK40548,2019,6,0.0000,0.0000,0.0000,0.0000
PK40548,2020,3,-0.0529,-0.0448,-0.0200,-0.0486
PK40548,2021,3,0.0349,0.0154,0.0048,0.0381
PK40548,2022,9,-0.0179,-0.0597,-0.0249,-0.0146
PK40548,2023,2,0.0103,-0.0071,0.0065,0.0166
PK40548,2024,6,-0.0059,0.0148,-0.0038,-0.0008
PK40548,2025,7,0.0065,0.0095,0.0038,0.0115
PK40548,2026,15,-0.0179,0.0027,-0.0360,-0.0117
PK40549,2018,5,-0.1130,-0.1047,-0.1203,-0.1182
PK40549,2019,6,0.0000,-0.0224,-0.0283,-0.0158
PK40549,2020,3,-0.0849,-0.0239,-0.0262,-0.0649
PK40549,2021,3,0.0406,0.0885,0.0463,0.0518
PK40549,2022,9,-0.0243,-0.0368,-0.0044,-0.0212
PK40549,2023,2,0.0065,0.0000,0.0158,0.0256
PK40549,2024,6,-0.0157,0.0647,0.0000,0.0000
PK40549,2025,7,0.0085,0.0907,0.0274,0.0225
PK40549,2026,15,-0.0050,0.0625,0.0065,0.0045
PK40556,2018,5,-0.0956,-0.1256,-0.0830,-0.1097
PK40556,2019,7,0.0063,0.0080,0.0067,0.0178
PK40556,2020,3,-0.0839,-0.1546,-0.1072,-0.0859
PK40556,2021,3,-0.0522,-0.0453,-0.0940,-0.0520
PK40556,2022,9,-0.0586,-0.1948,-0.1211,-0.1020
PK40556,2023,2,0.0905,0.1825,0.1026,0.1153
PK40556,2024,6,0.0000,0.0000,0.0000,0.0000
PK40556,2025,7,0.0014,-0.1663,-0.1162,-0.0737
PK40556,2026,15,-0.0251,-0.0842,-0.0961,-0.0784
PK40557,2018,4,0.0249,0.0034,-0.0069,0.0021
PK40557,2019,8,0.0242,0.0250,0.0000,0.0082
PK40557,2020,1,-0.0658,-0.0481,-0.0714,-0.0618
PK40557,2021,2,0.1384,-0.0260,0.0664,0.1087
PK40557,2022,9,-0.0161,0.0194,0.0054,-0.0196
PK40557,2023,1,0.0000,0.0409,0.0374,0.0000
PK40557,2024,6,-0.0384,0.0000,-0.0482,-0.0443
PK40557,2025,8,0.0417,0.0032,-0.0093,0.0184
PK40557,2026,14,0.0052,-0.0040,-0.0259,-0.0110
PK40561,2018,4,-0.0272,0.0234,0.0052,-0.0967
PK40561,2019,8,0.0000,0.0858,-0.0139,0.0000
PK40561,2020,1,-0.0749,-0.0008,0.0000,-0.0827
PK40561,2021,2,0.1118,0.0000,0.0425,0.0929
PK40561,2022,9,0.0069,0.0939,0.0082,-0.0321
PK40561,2023,1,0.0338,0.1802,0.0154,0.0107
PK40561,2024,6,-0.0530,-0.0056,-0.0271,-0.0378
PK40561,2025,8,0.0327,0.1633,0.0456,-0.0133
PK40561,2026,13,-0.0280,0.0823,0.0098,-0.0593
PK40568,2018,4,-0.0236,-0.0337,0.0004,-0.0733
PK40568,2019,9,0.0088,0.0319,0.0000,0.0018
PK40568,2020,1,-0.0721,-0.0647,-0.0640,-0.0799
PK40568,2021,2,0.0858,0.0000,0.0480,0.0873
PK40568,2022,9,-0.0023,0.0156,0.0022,-0.0261
PK40568,2023,1,0.0000,0.0740,0.0188,0.0000
PK40568,2024,6,-0.0204,-0.0231,-0.0147,-0.0289
PK40568,2025,8,0.0068,0.0086,-0.0376,-0.0331
PK40568,2026,14,-0.0286,-0.0172,-0.0540,-0.0837
PK40581,2018,5,0.0121,-0.0471,-0.0348,-0.0242
PK40581,2019,6,0.0150,0.0000,0.0013,0.0013
PK40581,2020,3,-0.0028,0.0368,0.0000,-0.0034
PK40581,2021,3,0.0363,0.0364,0.0204,0.0317
PK40581,2022,8,-0.0005,-0.0686,-0.0395,-0.0374
PK40581,2023,1,0.0000,-0.0047,-0.0202,0.0000
PK40581,2024,5,-0.0282,-0.0071,-0.0558,-0.0277
PK40581,2025,8,-0.0211,-0.0818,-0.0789,-0.0510
PK40581,2026,15,-0.0142,-0.0909,-0.0774,-0.0676
PK40584,2018,5,-0.0924,-0.1660,-0.1471,-0.1077
PK40584,2019,6,0.0138,-0.0095,-0.0350,0.0000
PK40584,2020,3,-0.0170,0.0378,0.0000,-0.0142
PK40584,2021,3,0.0284,0.0869,0.0686,0.0392
PK40584,2022,8,-0.0368,-0.1435,-0.0403,-0.0564
PK40584,2023,1,0.0000,0.0000,0.0090,0.0175
PK40584,2024,6,-0.0754,-0.0297,-0.0257,-0.0645
PK40584,2025,8,-0.0214,-0.1025,-0.0656,-0.0556
PK40584,2026,16,-0.0231,-0.0726,-0.0420,-0.0731
PK40585,2018,5,-0.0811,-0.0741,-0.0604,-0.0823
PK40585,2019,6,0.0019,0.0209,0.0398,0.0000
PK40585,2020,3,-0.0078,0.0042,0.0000,-0.0016
PK40585,2021,3,0.0000,0.0000,0.0017,0.0090
PK40585,2022,8,-0.0012,-0.0048,0.0171,-0.0153
PK40585,2023,1,0.0003,-0.0567,-0.0104,0.0061
PK40585,2024,6,-0.0322,-0.0097,-0.0157,-0.0269
PK40585,2025,8,-0.0190,-0.0532,-0.0478,-0.0324
PK40585,2026,16,-0.0281,-0.0565,-0.0242,-0.0521
PK40586,2018,4,0.0060,0.0274,0.0205,-0.0451
PK40586,2019,7,0.0179,0.0425,0.0570,0.0001
PK40586,2020,3,-0.0122,0.0000,-0.0181,-0.0099
PK40586,2021,3,0.0069,-0.0361,0.0000,0.0118
PK40586,2022,8,0.0595,0.0838,0.0783,-0.0192
PK40586,2023,1,0.0000,-0.0452,-0.0128,0.0000
PK40586,2024,6,-0.0120,0.0020,0.0018,-0.0228
PK40586,2025,8,0.0504,0.0470,0.0172,-0.0271
PK40586,2026,16,0.0368,0.0245,0.0482,-0.0254
PK40587,2018,4,-0.0083,-0.0043,0.0115,-0.0175
PK40587,2019,7,0.0018,0.0000,0.0153,-0.0020
PK40587,2020,2,-0.0059,0.0201,-0.0009,0.0000
PK40587,2021,3,0.0181,-0.0006,0.0209,0.0242
PK40587,2022,8,0.0106,0.0190,0.0255,-0.0098
PK40587,2023,1,0.0000,-0.0631,-0.0072,0.0056
PK40587,2024,6,-0.0160,0.0068,0.0000,-0.0159
PK40587,2025,7,0.0025,-0.0169,-0.0231,-0.0078
PK40587,2026,16,0.0028,-0.0152,0.0024,-0.0177
PK40588,2018,4,-0.0228,-0.0047,0.0054,-0.0267
PK40588,2019,7,0.0059,0.0126,0.0163,0.0000
PK40588,2020,2,-0.0006,0.0173,0.0000,-0.0030
PK40588,2021,3,0.0139,-0.0162,0.0110,0.0150
PK40588,2022,8,-0.0045,0.0117,0.0203,-0.0169
PK40588,2023,1,0.0000,-0.0577,-0.0037,0.0009
PK40588,2024,6,-0.0101,0.0000,-0.0075,-0.0177
PK40588,2025,7,-0.0231,-0.0341,-0.0144,-0.0275
PK40588,2026,16,-0.0275,-0.0167,-0.0046,-0.0292
PK40589,2018,4,-0.0381,-0.0217,-0.0355,-0.0382
PK40589,2019,7,0.0066,0.0103,0.0075,-0.0021
PK40589,2020,2,0.0011,0.0113,0.0025,0.0000
PK40589,2021,3,-0.0063,0.0000,-0.0106,0.0060
PK40589,2022,8,0.0075,0.0173,0.0072,-0.0107
PK40589,2023,1,0.0000,-0.0238,-0.0013,0.0066
PK40589,2024,6,-0.0241,-0.0133,0.0000,-0.0206
PK40589,2025,6,-0.0284,-0.0101,-0.0159,-0.0282
PK40589,2026,17,-0.0185,0.0022,-0.0062,-0.0193
PK40590,2018,4,-0.0041,0.0318,0.0054,-0.0250
PK40590,2019,7,0.0214,0.0543,0.0117,-0.0083
PK40590,2020,2,-0.0067,-0.0093,-0.0156,0.0000
PK40590,2021,3,0.0076,0.0000,0.0028,0.0160
PK40590,2022,8,0.0385,0.0610,0.0365,0.0036
PK40590,2023,1,-0.0038,-0.0218,-0.0001,0.0039
PK40590,2024,6,0.0000,0.0047,0.0000,-0.0048
PK40590,2025,6,0.0174,0.0254,0.0017,-0.0116
PK40590,2026,17,0.0187,0.0530,0.0321,-0.0167
PK40592,2018,5,0.0179,0.0767,0.0296,-0.0286
PK40592,2019,7,0.0000,0.0886,0.0179,0.0000
PK40592,2020,2,-0.0222,-0.0042,-0.0102,-0.0175
PK40592,2021,3,0.0300,0.0000,0.0109,0.0266
PK40592,2022,8,0.0732,0.1156,0.0795,-0.0023
PK40592,2023,1,-0.0041,-0.0365,-0.0195,0.0014
PK40592,2024,6,0.0118,0.0099,0.0000,-0.0162
PK40592,2025,6,0.0611,0.0721,0.0356,-0.0129
PK40592,2026,17,0.0444,0.0865,0.0610,-0.0131
PK40593,2018,5,0.0116,0.0222,-0.0188,-0.0296
PK40593,2019,7,0.0211,0.0640,0.0216,0.0008
PK40593,2020,2,-0.0061,-0.0211,-0.0226,-0.0091
PK40593,2021,3,0.0317,0.0000,0.0187,0.0275
PK40593,2022,8,0.0540,0.0888,0.0501,-0.0023
PK40593,2023,1,0.0000,-0.0594,0.0000,0.0000
PK40593,2024,6,-0.0022,0.0108,-0.0364,-0.0274
PK40593,2025,6,0.0446,0.0501,0.0147,-0.0081
PK40593,2026,17,0.0420,0.0414,0.0312,-0.0162
PK40594,2018,4,-0.0621,0.0307,-0.0422,-0.1153
PK40594,2019,7,0.0105,0.0707,0.0226,0.0000
PK40594,2020,2,-0.0102,-0.0113,-0.0228,-0.0113
PK40594,2021,3,0.0116,0.0000,0.0124,0.0109
PK40594,2022,8,0.0606,0.0969,0.0513,-0.0105
PK40594,2023,1,0.0000,-0.0486,0.0000,0.0021
PK40594,2024,6,-0.0249,0.0149,-0.0329,-0.0467
PK40594,2025,6,0.0452,0.0622,0.0229,-0.0186
PK40594,2026,17,0.0374,0.0523,0.0396,-0.0129
PK40595,2018,4,-0.0596,0.0097,-0.0193,-0.0940
PK40595,2019,7,0.0211,0.0544,0.0359,0.0069
PK40595,2020,3,-0.0018,0.0068,0.0149,-0.0042
PK40595,2021,3,0.0000,-0.0122,-0.0064,0.0000
PK40595,2022,8,0.0200,0.0361,0.0388,-0.0157
PK40595,2023,1,0.0008,-0.0258,0.0000,0.0013
PK40595,2024,6,-0.0512,0.0000,-0.0351,-0.0633
PK40595,2025,6,0.0096,0.0101,0.0103,-0.0216
PK40595,2026,17,0.0222,0.0250,0.0449,-0.0160
PK40596,2018,4,0.0343,0.0303,0.0145,-0.0351
PK40596,2019,7,0.0993,0.0676,0.0483,0.0667
PK40596,2020,4,0.0793,0.0080,0.0201,0.0625
PK40596,2021,3,-0.0088,-0.0175,-0.0040,0.0000
PK40596,2022,8,0.0021,0.0254,0.0298,-0.0440
PK40596,2023,2,0.0000,0.0000,0.0000,-0.0031
PK40596,2024,6,-0.0728,-0.0007,-0.0388,-0.0780
PK40596,2025,6,-0.0223,-0.0007,-0.0143,-0.0646
PK40596,2026,17,0.0029,-0.0001,0.0184,-0.0569
PK40597,2018,4,0.0091,0.0045,0.0105,-0.0458
PK40597,2019,7,0.0722,0.0603,0.0534,0.0490
PK40597,2020,4,0.0492,0.0025,0.0195,0.0390
PK40597,2021,4,0.0000,-0.0069,0.0000,0.0000
PK40597,2022,8,0.0016,0.0034,0.0153,-0.0407
PK40597,2023,2,-0.0024,0.0000,-0.0013,-0.0074
PK40597,2024,6,-0.0316,-0.0036,-0.0280,-0.0449
PK40597,2025,6,0.0139,-0.0190,-0.0116,-0.0290
PK40597,2026,17,0.0227,-0.0148,0.0140,-0.0339
PK40598,2018,4,-0.0234,-0.0153,0.0113,-0.0811
PK40598,2019,7,0.0268,0.0338,0.0291,0.0119
PK40598,2020,4,0.0025,-0.0202,0.0000,0.0000
PK40598,2021,4,0.0000,0.0000,-0.0093,0.0000
PK40598,2022,8,0.0337,0.0154,0.0278,-0.0252
PK40598,2023,2,-0.0115,0.0040,0.0018,-0.0164
PK40598,2024,6,-0.0136,-0.0298,-0.0087,-0.0324
PK40598,2025,6,0.0395,-0.0129,0.0117,-0.0194
PK40598,2026,17,0.0338,0.0198,0.0372,-0.0214
PK40599,2018,4,-0.0461,-0.0265,0.0039,-0.0793
PK40599,2019,7,0.0216,0.0207,0.0251,0.0001
PK40599,2020,4,0.0220,-0.0151,-0.0018,-0.0108
PK40599,2021,4,-0.0046,0.0000,-0.0035,0.0025
PK40599,2022,8,0.0150,0.0007,0.0158,-0.0187
PK40599,2023,2,0.0000,0.0156,0.0223,0.0000
PK40599,2024,6,-0.0075,-0.0284,0.0000,-0.0245
PK40599,2025,6,0.0200,-0.0248,-0.0251,-0.0285
PK40599,2026,17,0.0036,0.0037,0.0214,-0.0188
PK40600,2018,4,-0.0449,-0.0766,-0.0395,-0.0635
PK40600,2019,7,0.0153,0.0028,0.0163,0.0000
PK40600,2020,4,0.0013,-0.0582,-0.0252,-0.0180
PK40600,2021,4,-0.0098,0.0180,0.0211,0.0076
PK40600,2022,8,0.0027,-0.0395,0.0035,-0.0179
PK40600,2023,2,0.0000,0.0000,0.0000,0.0140
PK40600,2024,6,-0.0123,-0.0263,-0.0025,-0.0145
PK40600,2025,6,0.0057,-0.0719,-0.0537,-0.0317
PK40600,2026,17,-0.0062,-0.0306,-0.0172,-0.0075
PK40601,2018,4,-0.0277,-0.0268,-0.0078,-0.0483
PK40601,2019,7,0.0187,0.0355,0.0428,0.0132
PK40601,2020,4,-0.0052,-0.0190,0.0000,-0.0043
PK40601,2021,4,0.0017,0.0140,-0.0017,0.0049
PK40601,2022,8,0.0085,0.0082,0.0342,-0.0118
PK40601,2023,2,0.0000,0.0000,-0.0052,0.0000
PK40601,2024,6,-0.0081,-0.0181,0.0048,-0.0099
PK40601,2025,6,-0.0037,-0.0299,-0.0103,-0.0253
PK40601,2026,17,0.0050,0.0072,0.0180,-0.0039
PK40602,2018,3,0.0073,-0.0930,-0.0411,-0.0594
PK40602,2019,7,0.0217,0.0000,0.0000,0.0031
PK40602,2020,4,-0.0044,-0.0700,-0.0469,-0.0095
PK40602,2021,4,0.0000,0.0081,0.0147,0.0000
PK40602,2022,8,0.0299,-0.0423,-0.0077,-0.0171
PK40602,2023,2,0.0171,0.0218,0.0268,0.0081
PK40602,2024,6,-0.0055,-0.0442,-0.0056,-0.0180
PK40602,2025,6,0.0129,-0.1210,-0.0700,-0.0376
PK40602,2026,17,0.0071,-0.0547,-0.0395,-0.0125
PK40603,2018,3,-0.0205,-0.0542,-0.0087,-0.0727
PK40603,2019,7,0.0095,0.0151,0.0080,0.0006
PK40603,2020,5,-0.0244,-0.0712,-0.0402,-0.0276
PK40603,2021,4,0.0000,0.0000,0.0000,0.0000
PK40603,2022,8,0.0049,-0.0245,-0.0017,-0.0382
PK40603,2023,2,0.0190,0.0182,0.0143,0.0095
PK40603,2024,6,-0.0168,-0.0366,-0.0100,-0.0282
PK40603,2025,6,-0.0039,-0.0832,-0.0582,-0.0533
PK40603,2026,17,-0.0163,-0.0312,-0.0348,-0.0371
PK40604,2018,3,-0.0470,-0.0239,-0.0367,-0.0788
PK40604,2019,7,0.0085,0.0582,0.0380,0.0000
PK40604,2020,5,0.0000,-0.0029,-0.0003,-0.0361
PK40604,2021,4,-0.0096,0.0625,0.0251,0.0100
PK40604,2022,8,-0.0035,-0.0009,0.0043,-0.0336
PK40604,2023,1,0.0116,0.0000,0.0000,0.0187
PK40604,2024,6,-0.0184,-0.0046,-0.0041,-0.0299
PK40604,2025,6,-0.0215,-0.0422,-0.0444,-0.0650
PK40604,2026,17,-0.0341,0.0202,-0.0057,-0.0364
PK40611,2018,3,-0.0562,-0.0288,-0.0295,-0.0580
PK40611,2019,7,0.0032,0.0099,0.0026,0.0020
PK40611,2020,5,-0.0068,-0.0198,0.0000,-0.0068
PK40611,2021,4,0.0000,0.0232,0.0089,0.0000
PK40611,2022,8,-0.0163,-0.0486,-0.0133,-0.0204
PK40611,2023,1,0.0179,-0.0074,-0.0041,0.0164
PK40611,2024,6,-0.0307,0.0000,-0.0196,-0.0318
PK40611,2025,6,-0.0205,-0.0224,-0.0379,-0.0245
PK40611,2026,16,-0.0302,-0.0044,-0.0328,-0.0357
PK40612,2018,3,-0.0282,-0.0029,-0.0123,-0.0307
PK40612,2019,7,0.0069,0.0196,0.0277,0.0000
PK40612,2020,5,-0.0210,0.0000,0.0000,-0.0131
PK40612,2021,4,0.0000,0.0450,0.0316,0.0090
PK40612,2022,8,0.0038,-0.0008,0.0275,-0.0070
PK40612,2023,1,0.0134,-0.0070,-0.0138,0.0182
PK40612,2024,6,-0.0238,-0.0019,-0.0117,-0.0212
PK40612,2025,6,-0.0111,0.0025,-0.0117,-0.0178
PK40612,2026,16,-0.0119,0.0258,0.0051,-0.0188
PK40613,2018,3,-0.0432,-0.0553,-0.0530,-0.0452
PK40613,2019,7,0.0043,0.0000,0.0000,-0.0088
PK40613,2020,5,0.0000,-0.0197,-0.0134,0.0031
PK40613,2021,4,0.0101,0.0208,0.0016,0.0155
PK40613,2022,8,0.0025,-0.0614,-0.0190,-0.0118
PK40613,2023,1,-0.0042,0.0087,0.0024,0.0000
PK40613,2024,6,-0.0311,-0.0015,-0.0348,-0.0282
PK40613,2025,6,-0.0104,-0.0382,-0.0467,-0.0196
PK40613,2026,17,-0.0147,-0.0369,-0.0496,-0.0184
PK40614,2018,3,-0.0507,-0.0370,-0.0512,-0.0616
PK40614,2019,7,0.0103,0.0096,0.0000,-0.0063
PK40614,2020,5,-0.0001,-0.0134,-0.0165,0.0000
PK40614,2021,4,0.0000,0.0215,0.0004,0.0067
PK40614,2022,8,-0.0037,-0.0511,-0.0188,-0.0396
PK40614,2023,1,0.0081,0.0000,0.0006,0.0070
PK40614,2024,6,-0.0319,-0.0183,-0.0444,-0.0325
PK40614,2025,6,-0.0110,-0.0404,-0.0451,-0.0347
PK40614,2026,17,-0.0052,-0.0304,-0.0529,-0.0293
PK40615,2018,3,-0.0324,-0.0362,-0.0355,-0.0600
PK40615,2019,7,0.0223,0.0019,0.0113,0.0136
PK40615,2020,5,-0.0053,0.0000,0.0000,-0.0011
PK40615,2021,4,0.0000,-0.0037,-0.0136,0.0116
PK40615,2022,8,0.0235,-0.0066,-0.0011,-0.0351
PK40615,2023,2,0.0058,-0.0106,0.0115,0.0000
PK40615,2024,6,-0.0285,0.0133,-0.0423,-0.0276
PK40615,2025,6,0.0073,-0.0414,-0.0315,-0.0320
PK40615,2026,17,-0.0004,-0.0119,-0.0290,-0.0187
PK40616,2018,3,0.0036,-0.0085,-0.0183,-0.0349
PK40616,2019,7,0.0126,0.0323,0.0281,0.0000
PK40616,2020,5,-0.0109,-0.0010,0.0000,-0.0076
PK40616,2021,4,0.0012,0.0059,-0.0070,0.0077
PK40616,2022,8,0.0211,0.0138,0.0263,-0.0181
PK40616,2023,2,0.0000,0.0000,0.0036,0.0002
PK40616,2024,6,-0.0206,-0.0043,-0.0211,-0.0222
PK40616,2025,6,0.0113,-0.0151,-0.0156,-0.0216
PK40616,2026,17,0.0101,0.0088,-0.0106,-0.0144
PK40617,2018,3,0.0328,-0.0356,0.0069,-0.0529
PK40617,2019,7,0.0115,0.0296,0.0301,0.0081
PK40617,2020,4,0.0000,-0.0067,-0.0027,0.0000
PK40617,2021,4,0.0040,0.0201,0.0000,0.0101
PK40617,2022,8,0.0263,-0.0144,0.0170,-0.0323
PK40617,2023,2,-0.0122,0.0000,0.0010,-0.0012
PK40617,2024,6,-0.0233,-0.0091,-0.0194,-0.0272
PK40617,2025,6,0.0309,-0.0292,-0.0170,-0.0335
PK40617,2026,17,0.0123,0.0223,0.0166,-0.0157
PK40618,2018,4,-0.0380,-0.0409,-0.0045,-0.1270
PK40618,2019,7,0.0251,0.0195,0.0432,0.0150
PK40618,2020,4,-0.0014,-0.0255,-0.0034,0.0000
PK40618,2021,4,0.0130,0.0173,0.0065,0.0115
PK40618,2022,8,0.0363,0.0119,0.0327,-0.0167
PK40618,2023,2,-0.0086,-0.0228,0.0000,-0.0010
PK40618,2024,6,0.0000,0.0000,-0.0190,-0.0171
PK40618,2025,6,0.0552,0.0186,0.0216,-0.0218
PK40618,2026,17,0.0368,0.0390,0.0592,0.0026
PK40619,2018,4,-0.1001,-0.1706,-0.1220,-0.1202
PK40619,2019,7,0.0233,0.0048,0.0084,0.0158
PK40619,2020,4,-0.0027,-0.0139,-0.0111,-0.0046
PK40619,2021,4,0.0036,0.0000,0.0000,0.0012
PK40619,2022,8,-0.0113,-0.1086,-0.0215,-0.0245
PK40619,2023,2,0.0000,0.0113,0.0095,0.0000
PK40619,2024,6,-0.0091,-0.0289,-0.0302,-0.0143
PK40619,2025,6,-0.0046,-0.1334,-0.0826,-0.0202
PK40619,2026,17,-0.0006,-0.0732,-0.0378,-0.0107
PK40621,2018,4,0.0009,-0.0811,-0.0613,-0.1082
PK40621,2019,7,0.0238,0.0246,0.0138,0.0000
PK40621,2020,4,0.0000,-0.0391,-0.0327,-0.0070
PK40621,2021,4,0.0188,0.0000,0.0000,0.0071
PK40621,2022,8,0.0548,-0.0101,-0.0004,-0.0344
PK40621,2023,2,-0.0073,-0.0397,0.0082,0.0015
PK40621,2024,6,-0.0060,0.0025,-0.0295,-0.0320
PK40621,2025,6,0.0874,-0.0288,-0.0050,-0.0306
PK40621,2026,17,0.0612,-0.0432,-0.0069,-0.0399
PK40622,2018,4,-0.1145,-0.0780,-0.0620,-0.1378
PK40622,2019,7,0.0326,0.0190,0.0287,0.0182
PK40622,2020,4,0.0000,-0.0157,-0.0088,0.0000
PK40622,2021,4,0.0243,0.0082,0.0000,0.0199
PK40622,2022,8,-0.0050,-0.0470,-0.0179,-0.0376
PK40622,2023,2,-0.0017,-0.0093,0.0015,-0.0022
PK40622,2024,6,-0.0163,0.0000,-0.0231,-0.0254
PK40622,2025,6,0.0203,-0.0604,-0.0140,-0.0102
PK40622,2026,17,0.0109,-0.0520,-0.0211,-0.0293
PK40623,2018,4,-0.0875,-0.0356,-0.0324,-0.1699
PK40623,2019,7,0.0334,0.0245,0.0387,0.0037
PK40623,2020,4,0.0000,-0.0079,0.0121,0.0000
PK40623,2021,4,0.0201,0.0156,0.0000,0.0134
PK40623,2022,8,0.0047,-0.0339,-0.0187,-0.0882
PK40623,2023,2,-0.0060,0.0000,-0.0130,-0.0136
PK40623,2024,6,-0.0369,-0.0041,-0.0183,-0.0644
PK40623,2025,6,0.0340,-0.0383,-0.0082,-0.0642
PK40623,2026,17,0.0350,-0.0111,0.0063,-0.0869
PK40624,2018,5,-0.0205,-0.0866,-0.0648,-0.0382
PK40624,2019,7,0.0000,0.0022,-0.0058,0.0000
PK40624,2020,3,-0.0054,-0.0029,0.0211,-0.0012
PK40624,2021,3,0.0349,0.0188,0.0283,0.0388
PK40624,2022,8,-0.0019,-0.1116,-0.0343,-0.0285
PK40624,2023,2,0.0043,-0.0209,0.0000,0.0015
PK40624,2024,6,-0.0586,0.0000,-0.0416,-0.0622
PK40624,2025,6,-0.0013,-0.0903,-0.0521,-0.0205
PK40624,2026,17,-0.0034,-0.0567,-0.0336,-0.0448
PK40625,2018,4,-0.0014,0.0200,-0.0009,-0.0425
PK40625,2019,7,0.0032,0.0301,0.0180,0.0000
PK40625,2020,3,-0.0198,-0.0179,0.0000,0.0030
PK40625,2021,3,0.0139,0.0143,0.0085,0.0361
PK40625,2022,8,0.0302,0.0159,0.0183,-0.0314
PK40625,2023,2,0.0000,-0.0106,-0.0120,-0.0003
PK40625,2024,6,-0.0490,0.0000,-0.0543,-0.0527
PK40625,2025,6,0.0393,0.0115,0.0298,-0.0225
PK40625,2026,17,0.0178,0.0348,0.0441,-0.0426
PK40626,2018,4,0.0389,-0.0234,0.0086,-0.0364
PK40626,2019,7,0.0129,0.0044,0.0084,-0.0114
PK40626,2020,2,-0.0125,-0.0265,0.0000,0.0000
PK40626,2021,3,0.0557,0.0126,0.0155,0.0549
PK40626,2022,8,0.0740,-0.0533,-0.0038,-0.0367
PK40626,2023,1,0.0000,-0.0277,-0.0066,0.0142
PK40626,2024,6,-0.0487,0.0000,-0.0543,-0.0832
PK40626,2025,6,0.0574,-0.0275,-0.0268,-0.0257
PK40626,2026,17,0.0430,-0.0354,-0.0218,-0.0482
PK40628,2018,3,-0.0130,-0.0292,-0.0200,-0.0300
PK40628,2019,7,0.0073,0.0247,0.0000,-0.0088
PK40628,2020,2,-0.0245,0.0050,0.0006,0.0000
PK40628,2021,3,0.0219,-0.0005,0.0119,0.0423
PK40628,2022,8,-0.0044,-0.0687,-0.0226,-0.0377
PK40628,2023,1,0.0000,-0.0017,-0.0049,0.0231
PK40628,2024,6,-0.0818,0.0000,-0.0342,-0.0711
PK40628,2025,6,0.0002,-0.0463,-0.0346,-0.0156
PK40628,2026,17,-0.0156,-0.0360,-0.0355,-0.0524
PK40629,2018,4,-0.0472,-0.0569,-0.0269,-0.0496
PK40629,2019,7,0.0018,0.0224,0.0184,-0.0127
PK40629,2020,2,-0.0111,0.0091,0.0000,0.0000
PK40629,2021,3,0.0177,-0.0089,0.0018,0.0303
PK40629,2022,8,-0.0235,-0.0755,-0.0169,-0.0379
PK40629,2023,1,0.0000,0.0000,-0.0168,0.0114
PK40629,2024,6,-0.0179,-0.0050,-0.0289,-0.0193
PK40629,2025,6,-0.0052,-0.0439,-0.0324,-0.0129
PK40629,2026,17,-0.0185,-0.0226,-0.0321,-0.0322
PK40631,2018,5,0.0071,0.0013,0.0174,-0.0402
PK40631,2019,7,0.0043,0.0318,0.0786,-0.0197
PK40631,2020,2,0.0018,-0.0431,-0.0068,0.0043
PK40631,2021,3,0.0000,0.0000,0.0000,0.0158
PK40631,2022,8,0.0301,0.0764,0.0554,-0.0426
PK40631,2023,1,-0.0050,-0.0386,0.0436,0.0000
PK40631,2024,6,-0.0502,0.0125,-0.0200,-0.0609
PK40631,2025,6,0.0202,0.0285,0.0453,-0.0454
PK40631,2026,17,0.0343,0.0224,0.0678,-0.0452
PK40632,2018,4,-0.0187,-0.0266,-0.0099,-0.0196
PK40632,2019,7,0.0000,-0.0254,0.0062,-0.0039
PK40632,2020,3,-0.0057,0.0189,0.0000,0.0000
PK40632,2021,3,0.0035,0.0103,0.0012,0.0102
PK40632,2022,8,-0.0097,-0.0496,-0.0105,-0.0139
PK40632,2023,1,0.0044,-0.0195,-0.0023,0.0096
PK40632,2024,6,-0.0195,0.0000,-0.0173,-0.0156
PK40632,2025,6,-0.0035,-0.0398,-0.0283,-0.0044
PK40632,2026,16,-0.0128,-0.0133,-0.0042,-0.0197
PK40633,2018,4,-0.0390,-0.0549,-0.0063,-0.0465
PK40633,2019,7,0.0009,-0.0380,-0.0159,-0.0043
PK40633,2020,3,-0.0138,0.0000,0.0000,0.0000
PK40633,2021,3,0.0077,0.0215,0.0476,0.0224
PK40633,2022,8,-0.0084,-0.0444,0.0123,-0.0372
PK40633,2023,1,0.0000,-0.0477,0.0011,0.0078
PK40633,2024,6,-0.0296,0.0068,-0.0299,-0.0220
PK40633,2025,8,-0.0127,-0.0430,-0.0350,-0.0300
PK40633,2026,16,0.0029,-0.0376,0.0103,-0.0217
PK40634,2018,4,-0.0553,-0.0552,-0.0417,-0.0505
PK40634,2019,7,0.0046,0.0000,-0.0108,-0.0019
PK40634,2020,3,-0.0119,0.0248,0.0000,0.0000
PK40634,2021,3,0.0000,0.0079,0.0146,0.0136
PK40634,2022,8,-0.0197,-0.0498,-0.0110,-0.0249
PK40634,2023,1,0.0026,-0.0081,0.0121,0.0125
PK40634,2024,6,-0.0276,-0.0028,-0.0174,-0.0182
PK40634,2025,8,-0.0215,-0.0370,-0.0450,-0.0220
PK40634,2026,16,-0.0115,-0.0377,-0.0196,-0.0210
PK40635,2018,4,-0.1384,-0.2078,-0.1954,-0.1937
PK40635,2019,7,-0.0358,0.0000,-0.0214,-0.0387
PK40635,2020,3,0.0000,0.0390,0.0175,0.0064
PK40635,2021,4,0.0048,-0.0004,0.0000,0.0000
PK40635,2022,8,-0.1435,-0.2831,-0.2143,-0.1988
PK40635,2023,1,0.0041,0.0762,0.0365,0.0182
PK40635,2024,6,-0.1027,-0.0284,-0.0814,-0.1038
PK40635,2025,7,-0.1409,-0.2108,-0.2077,-0.1839
PK40635,2026,16,-0.1837,-0.1563,-0.2363,-0.2484
PK40676,2018,3,-0.0737,-0.1145,-0.0899,-0.1435
PK40676,2019,5,0.0000,0.0110,0.0171,0.0000
PK40676,2020,4,-0.0969,0.0000,-0.0518,-0.0687
PK40676,2021,4,0.0629,-0.0068,0.0000,0.0300
PK40676,2022,8,0.0232,-0.0665,-0.0157,-0.0400
PK40676,2023,1,0.0506,0.0589,0.0605,0.0274
PK40676,2024,5,-0.0557,-0.1068,-0.0458,-0.0187
PK40676,2025,8,0.0641,-0.0644,-0.0300,-0.0259
PK40676,2026,15,-0.0543,-0.1176,-0.0793,-0.1042
PK40713,2018,6,-0.1150,-0.0973,-0.1096,-0.1223
PK40713,2019,6,0.0000,-0.0193,-0.0162,0.0000
PK40713,2020,2,-0.0977,0.0000,0.0000,-0.0754
PK40713,2021,4,0.0082,0.0694,0.0486,0.0209
PK40713,2022,8,-0.0554,-0.1379,-0.0451,-0.0773
PK40713,2023,2,0.0048,0.0378,0.0397,0.0186
PK40713,2024,6,-0.0106,-0.0119,-0.0475,-0.0089
PK40713,2025,7,0.0010,0.0314,0.0169,-0.0016
PK40713,2026,15,-0.0246,-0.0095,-0.0195,-0.0294
PK40736,2018,5,-0.1434,-0.1751,-0.1387,-0.1757
PK40736,2019,7,0.0061,0.0000,-0.0067,0.0082
PK40736,2020,3,-0.0618,0.0650,0.0205,-0.0338
PK40736,2021,3,0.0000,-0.0095,0.0000,0.0000
PK40736,2022,9,-0.0565,-0.1388,-0.1131,-0.0914
PK40736,2023,1,0.0114,0.0259,0.0020,0.0246
PK40736,2024,6,-0.0343,-0.0139,-0.0492,-0.0282
PK40736,2025,8,-0.0336,-0.1050,-0.0986,-0.0637
PK40736,2026,14,-0.0607,-0.0792,-0.1158,-0.0831
PK40777,2018,5,-0.2302,-0.1513,-0.1192,-0.2129
PK40777,2019,8,0.0000,0.0000,-0.0134,-0.0113
PK40777,2020,3,-0.0071,-0.0181,0.0000,0.0039
PK40777,2021,2,0.0649,-0.0425,0.0088,0.0296
PK40777,2022,9,0.0143,-0.0536,-0.0125,-0.0182
PK40777,2023,2,0.0036,0.0163,0.0100,0.0000
PK40777,2024,6,-0.0203,0.0116,-0.0167,-0.0195
PK40777,2025,8,0.0261,-0.0184,-0.0173,-0.0104
PK40777,2026,14,-0.0103,-0.0425,-0.0499,-0.0324
PK40788,2018,5,-0.0914,-0.1156,-0.0511,-0.1178
PK40788,2019,7,0.0342,0.0110,0.0121,0.0154
PK40788,2020,3,-0.1508,0.0000,-0.0848,-0.1003
PK40788,2021,3,0.1509,-0.0050,0.0012,0.0774
PK40788,2022,9,0.0463,0.0185,0.0120,-0.0036
PK40788,2023,2,0.0000,-0.0325,-0.0096,0.0000
PK40788,2024,6,-0.0022,0.0498,0.0000,-0.0086
PK40788,2025,8,0.0473,0.0196,0.0101,0.0149
PK40788,2026,15,0.0488,0.0206,0.0165,0.0131
PK40824,2018,2,-0.0604,-0.1472,-0.1639,-0.1261
PK40824,2019,6,0.0345,0.0764,0.0359,0.0230
PK40824,2020,2,-0.0113,-0.0029,0.0000,-0.0234
PK40824,2021,3,0.1223,0.0647,0.0758,0.0889
PK40824,2022,9,-0.0055,-0.0587,-0.0227,-0.0728
PK40824,2023,1,-0.0283,0.0000,-0.0067,0.0000
PK40824,2024,7,0.0000,-0.0392,-0.0391,-0.0263
PK40824,2025,8,0.0091,-0.0481,-0.0396,-0.0589
PK40824,2026,16,-0.0248,-0.0277,-0.1087,-0.0983
PK40833,2018,3,-0.0887,-0.2558,-0.2026,-0.1569
PK40833,2019,6,0.0000,-0.0016,-0.0432,0.0000
PK40833,2020,2,-0.0030,0.0253,0.0000,-0.0098
PK40833,2021,3,0.0485,0.0388,0.0199,0.0460
PK40833,2022,9,-0.0356,-0.1549,-0.1472,-0.0878
PK40833,2023,1,0.0131,0.0000,0.0297,0.0185
PK40833,2024,7,-0.0281,-0.0205,-0.0113,-0.0371
PK40833,2025,8,-0.0626,-0.2099,-0.1535,-0.1164
PK40833,2026,16,-0.1095,-0.1328,-0.2295,-0.1666
PK40836,2018,3,-0.1664,-0.2268,-0.0942,-0.2022
PK40836,2019,6,0.0161,0.0171,0.0067,0.0086
PK40836,2020,1,-0.0988,-0.1286,-0.0301,-0.1302
PK40836,2021,2,0.0221,0.0202,0.0358,0.0193
PK40836,2022,9,-0.1020,-0.1581,-0.0719,-0.1382
PK40836,2023,1,0.0000,0.0000,-0.0156,0.0000
PK40836,2024,7,-0.0337,-0.0300,0.0000,-0.0388
PK40836,2025,8,-0.0814,-0.1241,-0.0591,-0.1215
PK40836,2026,16,-0.1288,-0.1085,-0.1211,-0.1724
PK40842,2018,5,-0.1497,-0.1382,-0.0795,-0.1514
PK40842,2019,7,0.0000,-0.0035,-0.0012,-0.0005
PK40842,2020,2,-0.0126,0.0103,0.0112,0.0000
PK40842,2021,2,0.0489,0.0000,0.0127,0.0550
PK40842,2022,8,-0.0431,-0.1286,-0.0597,-0.0590
PK40842,2023,2,0.0022,0.0012,0.0000,0.0094
PK40842,2024,6,-0.0297,-0.0132,-0.0086,-0.0216
PK40842,2025,7,-0.0169,-0.1555,-0.1088,-0.0550
PK40842,2026,16,-0.0500,-0.0993,-0.1084,-0.0652
PK40843,2018,5,-0.0426,-0.1306,-0.0658,-0.0508
PK40843,2019,7,0.0000,0.0000,0.0000,0.0000
PK40843,2020,2,-0.0276,0.0303,0.0171,-0.0258
PK40843,2021,2,0.0329,0.0007,0.0297,0.0344
PK40843,2022,8,-0.0376,-0.0894,-0.0505,-0.0410
PK40843,2023,1,0.0016,-0.0677,-0.0612,0.0012
PK40843,2024,6,-0.0431,-0.0225,-0.0189,-0.0420
PK40843,2025,7,-0.0358,-0.1416,-0.0855,-0.0383
PK40843,2026,16,-0.0420,-0.0631,-0.0687,-0.0461
PK40844,2018,5,-0.0524,-0.1336,-0.1174,-0.0613
PK40844,2019,7,0.0261,0.0314,0.0000,0.0226
PK40844,2020,2,-0.0090,0.0000,0.0220,-0.0078
PK40844,2021,2,0.0495,0.0660,0.0527,0.0505
PK40844,2022,8,-0.0180,-0.0729,-0.0490,-0.0282
PK40844,2023,1,0.0000,-0.0090,-0.0485,0.0000
PK40844,2024,6,-0.0012,-0.0276,-0.0234,-0.0056
PK40844,2025,7,-0.0112,-0.0901,-0.0556,-0.0213
PK40844,2026,16,-0.0233,-0.0933,-0.0789,-0.0495
PK40846,2018,5,-0.0710,-0.0903,-0.0474,-0.0811
PK40846,2019,7,0.0113,0.0726,0.0200,0.0117
PK40846,2020,2,0.0000,-0.0033,0.0000,0.0000
PK40846,2021,3,0.0413,0.0952,0.0478,0.0407
PK40846,2022,8,-0.0033,-0.0373,-0.0217,-0.0122
PK40846,2023,1,-0.0026,0.0000,-0.0528,-0.0023
PK40846,2024,6,-0.0621,-0.0013,-0.0632,-0.0596
PK40846,2025,7,-0.0121,-0.0492,-0.0412,-0.0258
PK40846,2026,16,-0.0203,-0.0075,-0.0388,-0.0291
PK40847,2018,5,-0.0691,-0.1994,-0.0763,-0.0696
PK40847,2019,8,0.0003,-0.0397,-0.0024,0.0002
PK40847,2020,2,-0.0705,0.0000,-0.0022,-0.0704
PK40847,2021,3,0.0369,0.0360,0.0489,0.0369
PK40847,2022,8,-0.0355,-0.1635,-0.0680,-0.0360
PK40847,2023,1,0.0000,-0.0405,0.0000,0.0000
PK40847,2024,6,-0.0017,0.0013,0.0061,-0.0016
PK40847,2025,7,-0.0242,-0.1404,-0.0585,-0.0247
PK40847,2026,16,-0.0665,-0.1099,-0.0887,-0.0668
PK40848,2018,4,-0.0309,-0.1231,-0.0661,-0.0304
PK40848,2019,8,-0.0170,-0.0417,-0.0102,-0.0144
PK40848,2020,3,0.0000,0.0048,0.0175,0.0000
PK40848,2021,3,0.0191,0.0000,0.0415,0.0194
PK40848,2022,8,-0.0338,-0.1002,-0.0267,-0.0325
PK40848,2023,1,0.0057,-0.0143,0.0000,0.0095
PK40848,2024,6,-0.0184,0.0068,-0.0057,-0.0145
PK40848,2025,7,-0.0822,-0.0902,-0.0634,-0.0795
PK40848,2026,15,-0.0527,-0.0856,-0.0569,-0.0498
PK40849,2018,4,-0.0236,-0.0655,-0.0338,-0.0445
PK40849,2019,8,0.0000,-0.0018,0.0000,-0.0034
PK40849,2020,3,-0.0008,0.0226,0.0131,0.0000
PK40849,2021,3,0.0319,0.0000,0.0304,0.0318
PK40849,2022,8,-0.0205,-0.0468,-0.0113,-0.0241
PK40849,2023,1,0.0044,-0.0069,-0.0011,0.0044
PK40849,2024,6,-0.0175,0.0057,-0.0235,-0.0188
PK40849,2025,7,-0.0389,-0.0747,-0.0643,-0.0366
PK40849,2026,15,-0.0495,-0.0575,-0.0642,-0.0528
PK40850,2018,4,-0.0469,-0.0978,-0.0739,-0.0577
PK40850,2019,7,0.0224,0.0071,0.0000,0.0186
PK40850,2020,2,-0.0192,0.0000,0.0005,-0.0159
PK40850,2021,2,0.0688,0.0184,0.0157,0.0660
PK40850,2022,8,-0.0401,-0.1267,-0.0740,-0.0507
PK40850,2023,2,0.0000,-0.0280,-0.0416,0.0000
PK40850,2024,6,-0.0311,-0.0075,-0.0263,-0.0298
PK40850,2025,7,-0.0212,-0.1550,-0.1086,-0.0318
PK40850,2026,16,-0.0269,-0.0768,-0.1054,-0.0387
PK40853,2018,5,-0.0224,-0.1299,-0.0972,-0.0368
PK40853,2019,7,0.0036,-0.0021,0.0000,0.0000
PK40853,2020,2,-0.0323,0.0000,0.0008,-0.0343
PK40853,2021,2,0.0496,0.0265,0.0303,0.0480
PK40853,2022,8,-0.0100,-0.1463,-0.0749,-0.0257
PK40853,2023,2,0.0000,-0.0082,-0.0011,0.0000
PK40853,2024,6,-0.0049,0.0019,-0.0199,-0.0074
PK40853,2025,7,-0.0336,-0.1502,-0.1046,-0.0525
PK40853,2026,15,-0.0543,-0.0487,-0.0942,-0.0595
PK40856,2018,3,-0.0347,-0.0636,-0.0274,-0.0568
PK40856,2019,7,0.0047,0.0000,0.0000,0.0000
PK40856,2020,2,-0.0551,-0.0370,-0.0271,-0.0443
PK40856,2021,2,0.0637,-0.0216,0.0201,0.0596
PK40856,2022,8,-0.0286,-0.0944,-0.0336,-0.0541
PK40856,2023,2,0.0000,0.0206,0.0217,0.0030
PK40856,2024,6,-0.0226,0.0093,-0.0510,-0.0222
PK40856,2025,7,-0.0189,-0.1223,-0.0428,-0.0420
PK40856,2026,16,-0.0284,-0.0550,-0.0870,-0.0795
PK40868,2018,3,-0.0064,-0.1387,-0.0820,-0.0463
PK40868,2019,7,0.0377,0.0026,0.0109,0.0135
PK40868,2020,2,0.0000,0.0511,0.0072,0.0000
PK40868,2021,2,0.0149,-0.0823,-0.0164,0.0007
PK40868,2022,8,-0.0215,-0.1858,-0.0902,-0.0647
PK40868,2023,2,-0.0140,0.0000,-0.0137,-0.0129
PK40868,2024,6,-0.0059,-0.0436,0.0000,-0.0185
PK40868,2025,7,0.0072,-0.1865,-0.1148,-0.0682
PK40868,2026,15,-0.0166,-0.0141,-0.0744,-0.0551
PK40869,2018,3,-0.0645,-0.1620,-0.1014,-0.0921
PK40869,2019,7,0.0161,-0.0053,-0.0216,0.0000
PK40869,2020,2,-0.0045,0.0211,0.0057,-0.0011
PK40869,2021,2,0.0081,0.0000,0.0000,0.0162
PK40869,2022,8,-0.0201,-0.1541,-0.0918,-0.0515
PK40869,2023,2,0.0000,0.0524,0.0084,0.0058
PK40869,2024,6,-0.0108,-0.0371,-0.0506,-0.0166
PK40869,2025,7,-0.0092,-0.1305,-0.1120,-0.0601
PK40869,2026,15,-0.0253,-0.0161,-0.0965,-0.0454
PK40877,2018,6,-0.0384,-0.0208,-0.0277,-0.0538
PK40877,2019,7,0.0000,0.0433,0.0000,0.0000
PK40877,2020,3,-0.0251,-0.0378,0.0037,-0.0197
PK40877,2021,3,0.0018,0.0321,0.0019,0.0085
PK40877,2022,8,0.0114,-0.0398,-0.0179,-0.0060
PK40877,2023,2,0.0118,0.0000,-0.0026,0.0154
PK40877,2024,6,-0.0241,-0.0161,-0.0310,-0.0171
PK40877,2025,7,-0.0115,-0.0513,-0.0544,-0.0233
PK40877,2026,15,-0.0373,-0.0490,-0.0499,-0.0543
PK40895,2018,6,-0.0530,-0.0356,-0.0502,-0.0566
PK40895,2019,6,0.0141,-0.0202,0.0000,0.0120
PK40895,2020,4,-0.0093,-0.0040,-0.0186,-0.0134
PK40895,2021,3,0.0672,0.0183,0.0144,0.0633
PK40895,2022,8,0.0007,-0.0524,-0.0342,-0.0090
PK40895,2023,2,-0.0016,0.0000,0.0150,-0.0011
PK40895,2024,6,0.0000,0.0156,-0.0083,0.0000
PK40895,2025,7,-0.0141,-0.0352,-0.0161,-0.0187
PK40895,2026,15,-0.0218,-0.0381,-0.0406,-0.0307
PK40905,2018,4,-0.0169,0.0620,0.0280,0.0142
PK40905,2019,7,-0.0094,-0.0237,0.0073,-0.0290
PK40905,2020,2,-0.0295,0.0431,-0.0020,-0.0007
PK40905,2021,2,0.0742,-0.0263,0.0326,0.0648
PK40905,2022,8,-0.0125,-0.0336,-0.0396,-0.0725
PK40905,2023,2,0.0044,0.0000,-0.0064,0.0173
PK40905,2024,5,0.0000,0.0382,0.0000,0.0000
PK40905,2025,7,0.0054,-0.0421,-0.0541,-0.0766
PK40905,2026,15,0.0026,-0.0248,-0.0552,-0.0600
PK40906,2018,4,0.0178,0.0805,0.0430,0.0236
PK40906,2019,7,-0.0015,-0.0509,-0.0120,-0.0343
PK40906,2020,2,0.0000,0.0389,0.0118,0.0059
PK40906,2021,2,0.0885,-0.0152,0.0408,0.0624
PK40906,2022,9,-0.0332,-0.0656,-0.0391,-0.0785
PK40906,2023,2,-0.0036,0.0000,0.0000,-0.0049
PK40906,2024,5,0.0143,0.0168,-0.0237,0.0000
PK40906,2025,7,0.0142,-0.0999,-0.0433,-0.0553
PK40906,2026,15,0.0315,-0.0232,-0.0531,-0.0388
PK40914,2018,3,-0.0900,-0.2507,-0.1391,-0.1214
PK40914,2019,8,0.0000,-0.0685,-0.0290,-0.0108
PK40914,2020,2,-0.0124,0.0188,0.0364,0.0000
PK40914,2021,3,0.0393,0.0000,0.0000,0.0387
PK40914,2022,8,-0.0546,-0.2119,-0.1167,-0.0913
PK40914,2023,2,0.0071,0.0134,0.0191,0.0115
PK40914,2024,6,-0.0102,-0.0080,-0.0343,-0.0123
PK40914,2025,7,-0.0177,-0.1619,-0.0975,-0.0681
PK40914,2026,15,-0.0357,0.0071,-0.0572,-0.0429
PK40915,2018,3,-0.0563,-0.1935,-0.1289,-0.0681
PK40915,2019,9,0.0000,-0.0308,-0.0328,0.0000
PK40915,2020,2,-0.0062,0.0111,0.0222,-0.0026
PK40915,2021,3,0.0392,0.0352,0.0013,0.0405
PK40915,2022,8,-0.0515,-0.2251,-0.1334,-0.0627
PK40915,2023,2,0.0001,0.0000,0.0000,0.0033
PK40915,2024,6,-0.0100,-0.0243,-0.0267,-0.0089
PK40915,2025,7,-0.0465,-0.1913,-0.1420,-0.0641
PK40915,2026,15,-0.0930,-0.0716,-0.1326,-0.1020
PK40936,2018,5,-0.1320,-0.1019,-0.0684,-0.1474
PK40936,2019,5,0.0000,0.0000,0.0000,0.0000
PK40936,2020,3,-0.0505,-0.1045,-0.0112,-0.0222
PK40936,2021,4,0.0432,0.0337,0.0316,0.0623
PK40936,2022,8,-0.0723,-0.2069,-0.0860,-0.0861
PK40936,2023,1,0.0187,0.0234,0.0197,0.0453
PK40936,2024,6,-0.0480,-0.0797,-0.0069,-0.0237
PK40936,2025,7,-0.0300,-0.1280,-0.0506,-0.0359
PK40936,2026,15,-0.0760,-0.1367,-0.0397,-0.0566
PK40943,2018,5,-0.1170,-0.2644,-0.2040,-0.1755
PK40943,2019,6,0.0000,0.0000,0.0000,0.0000
PK40943,2020,3,-0.1092,-0.0304,-0.0453,-0.0480
PK40943,2021,4,0.0287,0.0403,0.0596,0.0576
PK40943,2022,7,-0.0622,-0.2002,-0.1289,-0.1023
PK40943,2023,2,0.0075,0.0330,0.0407,0.0470
PK40943,2024,6,-0.0747,-0.0640,-0.0835,-0.0502
PK40943,2025,7,-0.0481,-0.2055,-0.1212,-0.0850
PK40943,2026,15,-0.0927,-0.1468,-0.1400,-0.0953
PK40948,2018,4,-0.0535,-0.1451,-0.0764,-0.0689
PK40948,2019,6,0.0000,0.0000,0.0149,0.0000
PK40948,2020,3,-0.1184,-0.0712,-0.0191,-0.0663
PK40948,2021,4,0.0202,0.0064,0.0000,0.0520
PK40948,2022,7,-0.0275,-0.0424,-0.0240,-0.0124
PK40948,2023,1,0.0261,0.0369,0.0418,0.0575
PK40948,2024,6,-0.0295,-0.0353,-0.0819,-0.0210
PK40948,2025,7,0.0088,0.0127,0.0036,0.0149
PK40948,2026,15,0.0043,0.0244,-0.0392,-0.0048
PK41028,2018,5,-0.0510,-0.1656,-0.1293,-0.0937
PK41028,2019,7,0.0091,0.0047,-0.0087,0.0026
PK41028,2020,4,-0.0243,0.0208,0.0087,-0.0026
PK41028,2021,3,0.0662,-0.0047,0.0216,0.0638
PK41028,2022,8,-0.0038,-0.0572,-0.0231,-0.0200
PK41028,2024,7,-0.0091,-0.0062,-0.0259,-0.0028
PK41028,2025,8,0.0220,-0.0533,-0.0289,-0.0076
PK41028,2026,15,0.0169,-0.0486,-0.0590,-0.0179
PK41030,2018,5,-0.1576,-0.1762,-0.1040,-0.1499
PK41030,2019,7,0.0045,-0.0050,0.0023,0.0088
PK41030,2020,4,-0.0208,-0.0237,-0.0113,-0.0088
PK41030,2021,4,0.0154,0.0213,0.0014,0.0237
PK41030,2022,8,-0.0225,-0.0486,-0.0319,-0.0173
PK41030,2024,7,-0.0045,0.0050,-0.0014,-0.0093
PK41030,2025,8,0.0232,-0.0407,-0.0007,0.0117
PK41030,2026,15,-0.0194,-0.0386,-0.0163,-0.0153
PK41031,2018,5,-0.1532,-0.1708,-0.1202,-0.1545
PK41031,2019,7,0.0037,-0.0141,-0.0119,-0.0008
PK41031,2020,4,-0.0159,0.0176,0.0119,-0.0117
PK41031,2021,4,0.0244,-0.0024,0.0147,0.0210
PK41031,2022,8,-0.0222,-0.0346,-0.0208,-0.0286
PK41031,2024,7,-0.0037,0.0024,-0.0338,0.0008
PK41031,2025,8,-0.0045,-0.0344,-0.0250,-0.0137
PK41031,2026,15,-0.0096,-0.0487,-0.0386,-0.0187
PK41036,2018,4,-0.1676,-0.2476,-0.1645,-0.2437
PK41036,2019,7,0.0000,0.0000,0.0000,-0.0089
PK41036,2020,4,-0.0006,0.0977,0.0234,0.0000
PK41036,2021,2,0.1403,-0.1150,-0.0176,0.0390
PK41036,2022,10,-0.0266,-0.1578,-0.1397,-0.0973
PK41036,2023,1,0.0386,0.0397,0.0187,0.0360
PK41036,2024,7,-0.0471,-0.0527,-0.0666,-0.0418
PK41036,2025,8,-0.0073,-0.1703,-0.1350,-0.1105
PK41036,2026,16,-0.0133,-0.1837,-0.1486,-0.1311
PK41045,2018,3,-0.0797,-0.0518,-0.0690,-0.0988
PK41045,2019,8,0.0000,0.0282,0.0000,0.0000
PK41045,2020,3,-0.0523,0.0000,-0.0125,0.0063
PK41045,2021,2,0.0739,-0.0280,0.0527,0.0905
PK41045,2022,9,0.0069,-0.0777,-0.0213,-0.0386
PK41045,2023,1,0.0281,-0.0251,-0.0072,-0.0186
PK41045,2024,7,-0.0077,0.0140,0.0083,-0.0371
PK41045,2025,8,-0.0101,-0.0266,-0.0456,-0.0339
PK41045,2026,16,-0.0375,-0.0332,-0.0565,-0.0623
PK41049,2018,3,-0.0262,-0.0723,-0.0613,-0.0880
PK41049,2019,7,-0.0190,0.0319,0.0000,0.0000
PK41049,2020,3,0.0070,0.0330,0.0154,0.0344
PK41049,2021,3,0.0494,0.0000,0.0089,0.0626
PK41049,2022,9,-0.0047,-0.0569,-0.0520,-0.0444
PK41049,2023,1,0.0000,-0.0631,-0.0528,-0.0132
PK41049,2024,7,-0.0091,-0.0049,-0.0650,-0.0315
PK41049,2025,8,0.0209,-0.0398,-0.0483,-0.0304
PK41049,2026,16,-0.0109,-0.0400,-0.0591,-0.0508
PK41092,2018,2,-0.1813,-0.2595,-0.2382,-0.2579
PK41092,2019,3,0.0248,0.0231,0.0194,0.0000
PK41092,2020,5,0.0000,0.0000,0.0045,0.0025
PK41092,2021,4,0.0442,0.0603,0.0000,0.0392
PK41092,2022,8,-0.0365,-0.2130,-0.1398,-0.1558
PK41092,2023,2,-0.1953,-0.0024,-0.0827,-0.1744
PK41092,2024,5,-0.0225,-0.0727,-0.0572,-0.0375
PK41092,2025,8,0.0224,-0.2068,-0.1275,-0.1341
PK41092,2026,15,-0.0254,-0.1901,-0.1369,-0.1819
PK41116,2018,3,-0.1606,-0.1000,-0.0884,-0.1835
PK41116,2019,5,0.0265,0.0000,0.0000,0.0000
PK41116,2020,5,0.0000,0.0120,-0.0063,0.0064
PK41116,2021,4,0.0329,0.0026,0.0341,0.0240
PK41116,2022,9,0.0071,-0.0422,-0.0185,-0.0614
PK41116,2023,2,-0.1250,-0.0482,-0.0979,-0.0964
PK41116,2024,5,-0.0249,-0.0259,0.0088,-0.0496
PK41116,2025,8,0.0109,-0.0110,-0.0114,-0.0425
PK41116,2026,16,-0.0270,-0.0428,-0.0160,-0.0733
PK41118,2018,1,-0.0252,-0.0558,-0.0326,-0.0961
PK41118,2019,4,0.0299,-0.0031,0.0028,0.0176
PK41118,2020,5,-0.0173,0.0059,-0.0197,-0.0142
PK41118,2021,4,0.0405,0.0023,0.0085,0.0291
PK41118,2022,9,-0.0205,-0.0160,-0.0144,-0.0601
PK41118,2023,2,-0.1487,-0.0237,-0.0772,-0.1298
PK41118,2024,5,0.0000,0.0000,0.0000,0.0000
PK41118,2025,8,0.0018,0.0244,-0.0125,-0.0335
PK41118,2026,16,-0.0286,-0.0285,-0.0201,-0.0617
PK41121,2018,3,-0.0529,-0.1217,-0.1286,-0.1138
PK41121,2019,6,0.0063,-0.0087,-0.0042,0.0149
PK41121,2020,4,-0.0333,0.0038,-0.0181,-0.0158
PK41121,2021,4,0.0269,0.0175,0.0214,0.0478
PK41121,2022,8,0.0304,-0.1331,-0.0719,-0.0447
PK41121,2023,2,-0.0292,0.0000,0.0011,-0.0061
PK41121,2024,5,0.0000,-0.0471,0.0000,0.0000
PK41121,2025,8,0.0648,-0.0802,-0.0496,-0.0250
PK41121,2026,16,-0.0079,-0.1336,-0.1133,-0.0792
PK41128,2018,2,-0.2929,-0.1415,-0.1940,-0.3358
PK41128,2019,6,0.0000,0.0000,0.0000,0.0041
PK41128,2020,4,-0.0117,-0.0690,-0.0147,-0.0040
PK41128,2021,4,0.0307,0.0122,0.0738,0.0312
PK41128,2022,9,-0.0769,-0.0693,-0.0239,-0.1233
PK41128,2023,2,0.0022,0.0366,0.0216,0.0000
PK41128,2024,5,-0.0099,-0.0558,-0.0628,-0.0228
PK41128,2025,8,-0.0595,-0.0558,-0.0359,-0.1405
PK41128,2026,16,-0.1077,-0.1219,-0.1073,-0.1958
PK41135,2018,2,-0.0285,-0.0237,-0.0034,-0.0011
PK41135,2019,5,0.0044,-0.0139,0.0084,0.0000
PK41135,2020,4,-0.0099,-0.0429,-0.0290,-0.0046
PK41135,2021,4,0.0391,0.0301,0.0704,0.0448
PK41135,2022,8,-0.0299,-0.0047,-0.0093,-0.0121
PK41135,2023,2,-0.0170,0.0081,0.0000,0.0032
PK41135,2024,5,0.0000,0.0000,-0.0064,-0.0102
PK41135,2025,8,0.0031,0.0072,-0.0007,0.0081
PK41135,2026,14,-0.0460,-0.0544,-0.0444,-0.0295
PK41136,2018,2,-0.1234,-0.1113,-0.0945,-0.1446
PK41136,2019,5,0.0000,-0.0082,-0.0069,0.0000
PK41136,2020,4,-0.0240,-0.0049,0.0000,-0.0158
PK41136,2021,4,0.0107,0.0013,-0.0072,0.0083
PK41136,2022,8,-0.0559,-0.0552,-0.0450,-0.0715
PK41136,2023,2,-0.0074,0.0037,0.0080,-0.0009
PK41136,2024,5,0.0244,0.0000,0.0025,0.0234
PK41136,2025,8,-0.0258,-0.0458,-0.0474,-0.0574
PK41136,2026,14,-0.0520,-0.0748,-0.0896,-0.0739
PK41138,2018,2,-0.0491,-0.1642,-0.1464,-0.1181
PK41138,2019,5,0.0282,-0.0215,0.0276,0.0211
PK41138,2020,4,-0.0078,0.0000,-0.0103,-0.0198
PK41138,2021,4,0.0189,0.0141,0.0000,0.0123
PK41138,2022,8,-0.0518,-0.1292,-0.0807,-0.0781
PK41138,2023,2,0.0000,0.0111,0.0180,0.0000
PK41138,2024,5,-0.0118,-0.0236,-0.0207,-0.0147
PK41138,2025,8,-0.0482,-0.1499,-0.1049,-0.0898
PK41138,2026,14,-0.1140,-0.1238,-0.1220,-0.1521
PK41144,2018,4,-0.1321,-0.0962,-0.0937,-0.1599
PK41144,2019,7,0.0346,0.0432,0.0247,0.0240
PK41144,2020,3,-0.0329,0.0000,0.0095,-0.0395
PK41144,2021,2,0.0603,-0.0412,0.0000,0.0421
PK41144,2022,9,0.0136,-0.0492,-0.0261,0.0034
PK41144,2023,2,-0.1025,0.0242,-0.0207,-0.0821
PK41144,2024,7,0.0000,-0.0055,-0.0199,0.0000
PK41144,2025,9,-0.0042,-0.0332,-0.0321,-0.0317
PK41144,2026,16,-0.0208,-0.0340,-0.0280,-0.0450
PK41148,2018,4,-0.1799,-0.1443,-0.1128,-0.1646
PK41148,2019,7,0.0393,0.0198,0.0000,0.0327
PK41148,2020,4,-0.0272,0.0000,0.0007,-0.0073
PK41148,2021,2,0.0681,-0.0046,0.0408,0.0763
PK41148,2022,9,0.0014,-0.0713,-0.0576,-0.0155
PK41148,2023,2,-0.1214,0.0008,-0.0447,-0.0901
PK41148,2024,7,0.0000,-0.0228,-0.0281,0.0000
PK41148,2025,9,-0.0258,-0.0540,-0.0554,-0.0441
PK41148,2026,15,-0.0283,-0.0525,-0.0700,-0.0347
PK41156,2018,3,-0.0899,-0.1101,-0.1018,-0.0856
PK41156,2019,8,0.0371,0.0397,-0.0068,0.0254
PK41156,2020,4,-0.0035,-0.0587,0.0207,-0.0069
PK41156,2021,2,0.1327,0.0242,0.0323,0.1042
PK41156,2022,9,-0.0166,-0.0561,-0.0282,-0.0319
PK41156,2023,2,-0.1354,0.0000,-0.0577,-0.0892
PK41156,2024,7,0.0000,-0.0428,0.0000,0.0000
PK41156,2025,9,-0.0300,-0.0659,-0.0436,-0.0557
PK41156,2026,16,-0.0331,0.0206,-0.0564,-0.0580
PK41177,2018,2,-0.0496,-0.2080,-0.1021,-0.1369
PK41177,2019,7,0.0000,0.0000,0.0000,0.0000
PK41177,2020,3,-0.0718,0.0277,-0.0302,-0.0680
PK41177,2021,3,0.0639,0.0087,0.0415,0.0609
PK41177,2022,8,-0.0002,-0.1603,-0.0906,-0.0763
PK41177,2023,1,0.0516,-0.0057,0.0005,0.0333
PK41177,2024,7,-0.0655,-0.0115,-0.0431,-0.0738
PK41177,2025,9,-0.0023,-0.1695,-0.1535,-0.1292
PK41177,2026,16,-0.0089,-0.1211,-0.1753,-0.1373
PK41253,2018,5,-0.1988,-0.0632,-0.1540,-0.2253
PK41253,2019,7,0.0621,0.0438,0.0261,0.0549
PK41253,2020,4,0.0000,0.0015,0.0000,0.0000
PK41253,2021,2,0.1031,0.0000,0.0584,0.0999
PK41253,2022,9,0.0330,-0.0187,-0.0019,0.0151
PK41253,2023,2,-0.1585,-0.0067,-0.1102,-0.1568
PK41253,2024,7,-0.0209,-0.0434,-0.0184,-0.0167
PK41253,2025,9,0.0292,-0.0344,-0.0509,-0.0007
PK41253,2026,16,0.0232,-0.0293,-0.0372,-0.0030
PK41266,2018,5,-0.1094,-0.0954,-0.0973,-0.1669
PK41266,2019,7,0.0254,0.0452,0.0163,0.0211
PK41266,2020,4,0.0000,0.0328,0.0000,0.0000
PK41266,2021,2,0.0432,-0.0048,0.0227,0.0536
PK41266,2022,9,0.0022,-0.0243,-0.0075,-0.0035
PK41266,2023,2,-0.1305,0.0000,-0.1241,-0.1476
PK41266,2024,7,-0.0281,-0.0088,-0.0569,-0.0133
PK41266,2025,9,-0.0493,-0.0771,-0.0875,-0.0641
PK41266,2026,16,-0.0473,-0.0631,-0.0901,-0.0829
PK41267,2018,5,-0.1594,-0.1015,-0.0980,-0.1733
PK41267,2019,7,0.0077,0.0395,0.0076,0.0027
PK41267,2020,4,-0.0505,-0.0046,-0.0098,-0.0357
PK41267,2021,2,0.0502,0.0000,0.0464,0.0536
PK41267,2022,9,-0.0215,-0.0454,0.0016,-0.0394
PK41267,2023,2,-0.1534,0.0023,-0.0523,-0.1469
PK41267,2024,7,0.0000,-0.0131,0.0000,0.0000
PK41267,2025,9,-0.0499,-0.0483,-0.0462,-0.0812
PK41267,2026,16,-0.0643,-0.0432,-0.0610,-0.0830
PK41268,2018,4,-0.0314,-0.0672,-0.0510,-0.0597
PK41268,2019,7,0.0333,0.0521,0.0734,0.0224
PK41268,2020,3,-0.1078,-0.0530,-0.0210,-0.0955
PK41268,2021,2,0.0757,0.0000,0.0676,0.0757
PK41268,2022,9,0.0059,-0.0493,0.0075,-0.0010
PK41268,2023,2,-0.0875,0.0091,-0.0353,-0.1013
PK41268,2024,7,0.0000,-0.0179,0.0000,0.0000
PK41268,2025,9,-0.0014,-0.0458,-0.0204,-0.0226
PK41268,2026,16,-0.0061,-0.0069,-0.0165,-0.0215
PK41291,2018,5,-0.0800,-0.0938,-0.1024,-0.1343
PK41291,2019,7,0.0406,0.0521,0.0284,0.0304
PK41291,2020,4,0.0000,0.0101,0.0000,0.0000
PK41291,2021,2,0.0582,0.0000,0.0466,0.0490
PK41291,2022,9,0.0097,-0.0037,0.0220,-0.0092
PK41291,2023,2,-0.1372,-0.0066,-0.1020,-0.1206
PK41291,2024,7,-0.0282,-0.0308,-0.0261,-0.0213
PK41291,2025,9,-0.0215,-0.0295,-0.0418,-0.0495
PK41291,2026,16,-0.0259,-0.0210,-0.0761,-0.0494
PK41311,2018,3,-0.0464,-0.0584,-0.0312,-0.0738
PK41311,2019,7,0.0333,0.0598,0.0132,0.0256
PK41311,2020,3,0.0000,-0.0050,-0.0014,0.0000
PK41311,2021,2,0.0524,-0.0523,0.0034,0.0411
PK41311,2022,9,0.0008,-0.0172,0.0133,-0.0063
PK41311,2023,2,-0.1354,0.0259,-0.0125,-0.1014
PK41311,2024,7,-0.0344,0.0000,0.0000,-0.0182
PK41311,2025,8,-0.0029,0.0137,-0.0115,-0.0265
PK41311,2026,15,-0.0109,0.0106,-0.0055,-0.0247
PK41324,2018,3,-0.0372,0.0380,0.0477,-0.0593
PK41324,2019,7,0.0000,0.0477,0.0000,0.0305
PK41324,2020,3,-0.0369,0.0443,-0.0005,-0.0131
PK41324,2021,2,0.1156,0.0000,0.0586,0.1018
PK41324,2022,8,0.0645,0.0442,0.0521,0.0170
PK41324,2023,2,-0.1385,-0.0654,-0.1210,-0.0847
PK41324,2024,7,0.0129,-0.0032,0.0332,0.0000
PK41324,2025,8,0.1119,0.1128,0.0823,0.0359
PK41324,2026,15,0.0840,0.0728,0.0400,0.0214
PK41346,2018,2,-0.3859,-0.3041,-0.3045,-0.4060
PK41346,2019,9,-0.0038,-0.0073,0.0000,0.0000
PK41346,2020,4,0.0014,0.0667,0.0565,0.0099
PK41346,2021,2,0.0696,0.0000,0.0788,0.0724
PK41346,2022,9,-0.2481,-0.3726,-0.2456,-0.3157
PK41346,2023,2,-0.0765,0.0537,-0.0012,-0.0660
PK41346,2024,6,0.0000,-0.0666,-0.0286,-0.0189
PK41346,2025,9,-0.1853,-0.2664,-0.2318,-0.2789
PK41346,2026,17,-0.3029,-0.2724,-0.3114,-0.3818
PK41347,2018,1,-0.2230,-0.2351,-0.1827,-0.2475
PK41347,2019,8,0.0000,-0.0630,-0.0401,0.0000
PK41347,2020,4,0.0234,0.0471,0.0274,0.0332
PK41347,2021,2,0.0808,0.0000,0.0730,0.0899
PK41347,2022,9,-0.1271,-0.2767,-0.2065,-0.1983
PK41347,2023,2,-0.0474,0.0355,0.0000,-0.0239
PK41347,2024,6,-0.0097,-0.0786,-0.0531,-0.0092
PK41347,2025,8,-0.0431,-0.2074,-0.1225,-0.1233
PK41347,2026,17,-0.1763,-0.2605,-0.2586,-0.2596
PK41348,2018,1,-0.3227,-0.3808,-0.2384,-0.3491
PK41348,2019,8,0.0000,0.0018,0.0000,0.0000
PK41348,2020,4,0.0231,0.0764,0.0813,0.0290
PK41348,2021,2,0.0414,-0.0099,0.0741,0.0483
PK41348,2022,9,-0.1553,-0.3518,-0.2211,-0.2391
PK41348,2023,2,-0.1844,0.0000,-0.0617,-0.1654
PK41348,2024,6,-0.0031,-0.0401,-0.0082,-0.0096
PK41348,2025,8,-0.1186,-0.3091,-0.2145,-0.1997
PK41348,2026,17,-0.2832,-0.3067,-0.2782,-0.3423
PK41349,2018,1,-0.1820,-0.3496,-0.2719,-0.2455
PK41349,2019,9,0.0000,0.0000,0.0010,0.0000
PK41349,2020,5,0.0222,0.0055,0.0000,0.0264
PK41349,2021,2,0.0992,0.0310,0.0362,0.0938
PK41349,2022,9,-0.0942,-0.2392,-0.1657,-0.1467
PK41349,2023,2,-0.2366,-0.0046,-0.1658,-0.2186
PK41349,2024,6,-0.0095,-0.0287,-0.0464,-0.0180
PK41349,2025,8,-0.0882,-0.2173,-0.1583,-0.1526
PK41349,2026,17,-0.1717,-0.2332,-0.2553,-0.2388
PK41350,2018,1,-0.0771,-0.3439,-0.1915,-0.1717
PK41350,2019,8,-0.0327,-0.0307,-0.0062,0.0000
PK41350,2020,4,0.0093,0.0438,0.0467,0.0452
PK41350,2021,2,0.1122,0.0213,0.0936,0.1209
PK41350,2022,9,-0.0769,-0.3237,-0.2011,-0.1511
PK41350,2023,2,-0.2052,0.0000,-0.0940,-0.1646
PK41350,2024,5,0.0000,-0.0823,0.0000,-0.0012
PK41350,2025,8,-0.0305,-0.3038,-0.1827,-0.1180
PK41350,2026,15,-0.0944,-0.2470,-0.2239,-0.1752
PK41351,2018,3,-0.0900,-0.1973,-0.1542,-0.1540
PK41351,2019,6,0.0039,0.0572,0.0000,0.0000
PK41351,2020,3,0.0000,0.1123,0.0386,0.0101
PK41351,2021,3,0.0652,0.0000,0.0170,0.0689
PK41351,2022,9,-0.0152,-0.1161,-0.1188,-0.0814
PK41351,2023,2,-0.2181,-0.0206,-0.1855,-0.2018
PK41351,2024,5,-0.0119,-0.0203,-0.0409,-0.0169
PK41351,2025,8,0.0017,-0.1600,-0.0900,-0.0759
PK41351,2026,15,-0.1234,-0.1941,-0.1553,-0.1831
PK41358,2018,3,-0.5651,-0.2550,-0.4197,-0.5635
PK41358,2019,8,0.0000,-0.0187,0.0000,0.0000
PK41358,2020,4,0.0119,0.0186,0.0195,0.0154
PK41358,2021,2,0.0636,0.0000,0.1028,0.0676
PK41358,2022,8,-0.0801,-0.1844,-0.0934,-0.1188
PK41358,2023,2,-0.1242,0.0116,-0.0165,-0.1181
PK41358,2024,7,-0.0529,-0.0739,-0.0643,-0.0861
PK41358,2025,8,-0.0554,-0.2239,-0.1156,-0.1077
PK41358,2026,17,-0.1492,-0.2471,-0.2173,-0.2197
PK41400,2018,4,-0.0675,-0.1688,-0.1423,-0.1515
PK41400,2019,8,0.0000,0.0476,0.0110,0.0230
PK41400,2020,4,-0.0399,-0.0089,0.0000,0.0000
PK41400,2021,2,0.0275,0.0094,0.0443,0.0803
PK41400,2022,9,0.0352,-0.0965,-0.0815,-0.0138
PK41400,2023,2,-0.1822,0.0000,-0.0825,-0.1202
PK41400,2024,7,0.0130,-0.0275,-0.0395,-0.0113
PK41400,2025,9,0.0458,-0.0808,-0.1111,-0.0544
PK41400,2026,16,0.0578,-0.0918,-0.0824,-0.0525
PK41424,2018,1,-0.0457,-0.1780,-0.1033,-0.1166
PK41424,2019,8,0.0000,0.0000,0.0103,0.0000
PK41424,2020,5,-0.0126,0.0182,-0.0013,-0.0089
PK41424,2021,2,0.0372,-0.0242,0.0000,0.0291
PK41424,2022,9,-0.0057,-0.1526,-0.0733,-0.0787
PK41424,2023,1,0.0310,0.0336,0.0235,0.0342
PK41424,2024,6,-0.0071,-0.0197,-0.0188,-0.0203
PK41424,2025,8,0.0267,-0.1351,-0.0951,-0.0782
PK41424,2026,17,0.0043,-0.1664,-0.1277,-0.1007
PK41498,2018,2,-0.1057,-0.0965,-0.0912,-0.1225
PK41498,2019,9,-0.0046,-0.0003,-0.0237,-0.0101
PK41498,2020,4,-0.0317,0.0000,-0.0268,-0.0372
PK41498,2021,2,0.0648,-0.0148,0.0397,0.0514
PK41498,2022,9,-0.0267,-0.0239,-0.0172,-0.0394
PK41498,2023,1,0.0233,0.0035,0.0051,0.0144
PK41498,2024,6,0.0000,0.0181,0.0000,0.0000
PK41498,2025,8,-0.0091,-0.0254,-0.0229,-0.0182
PK41498,2026,17,-0.0442,-0.0401,-0.0384,-0.0470
PK41503,2018,1,0.1218,0.0521,0.0241,-0.0121
PK41503,2019,8,0.0306,0.0555,0.0150,0.0186
PK41503,2020,4,-0.0718,0.0000,0.0000,-0.0298
PK41503,2021,2,0.1376,0.0006,0.0827,0.0803
PK41503,2022,9,0.0285,0.0421,0.0445,-0.0168
PK41503,2023,2,-0.2580,-0.0848,-0.2083,-0.2215
PK41503,2024,6,0.0000,-0.0043,-0.0207,0.0000
PK41503,2025,8,0.0680,0.0757,0.0512,-0.0154
PK41503,2026,17,0.0047,-0.0236,-0.0505,-0.0558
PK41505,2018,1,-0.0061,-0.0235,-0.0026,-0.0827
PK41505,2019,8,0.0159,0.0384,0.0037,0.0015
PK41505,2020,4,-0.0574,0.0051,0.0000,-0.0331
PK41505,2021,2,0.0780,0.0000,0.0603,0.0459
PK41505,2022,9,0.0050,-0.0001,0.0280,-0.0389
PK41505,2023,2,-0.2720,-0.0900,-0.1864,-0.2437
PK41505,2024,6,0.0000,-0.0179,-0.0320,0.0000
PK41505,2025,8,0.0352,0.0045,0.0243,-0.0375
PK41505,2026,17,-0.0625,-0.0817,-0.0792,-0.1024
PK41509,2018,1,0.0484,0.0200,0.0206,-0.0445
PK41509,2019,8,0.0217,0.0732,0.0000,0.0145
PK41509,2020,4,-0.0306,0.0068,0.0082,-0.0234
PK41509,2021,2,0.0625,0.0000,0.0214,0.0587
PK41509,2022,9,-0.0116,0.0128,-0.0026,-0.0283
PK41509,2023,2,-0.2029,-0.0174,-0.1666,-0.2159
PK41509,2024,6,0.0000,-0.0125,-0.0074,0.0000
PK41509,2025,8,-0.0068,0.0107,-0.0243,-0.0289
PK41509,2026,17,-0.0806,-0.0734,-0.1149,-0.0698
PK41511,2018,2,-0.2035,-0.0636,-0.1654,-0.2372
PK41511,2019,9,0.0242,0.0957,0.0250,0.0139
PK41511,2020,4,-0.0221,-0.0009,-0.0066,-0.0087
PK41511,2021,2,0.0816,0.0072,0.0489,0.0599
PK41511,2022,9,0.0531,0.0270,0.0023,-0.0064
PK41511,2023,2,-0.2500,-0.0160,-0.1582,-0.2344
PK41511,2024,6,0.0000,0.0000,0.0000,0.0000
PK41511,2025,8,0.0396,0.0562,0.0162,-0.0235
PK41511,2026,17,0.0009,0.0320,0.0048,-0.0387
PK41513,2018,3,-0.0453,-0.1237,-0.0994,-0.0748
PK41513,2019,9,0.0011,0.0516,0.0000,-0.0017
PK41513,2020,4,-0.0119,0.0365,0.0171,0.0000
PK41513,2021,2,0.0564,-0.0227,0.0183,0.0496
PK41513,2022,9,-0.0179,-0.0327,-0.0281,-0.0259
PK41513,2023,2,-0.2382,-0.0095,-0.1512,-0.2286
PK41513,2024,6,0.0000,0.0000,-0.0318,0.0027
PK41513,2025,8,-0.0070,-0.0323,-0.0463,-0.0247
PK41513,2026,17,-0.0199,-0.0470,-0.0679,-0.0378
PK41519,2018,3,0.0259,-0.1420,-0.0895,-0.1265
PK41519,2019,9,0.0000,0.0501,0.0181,0.0057
PK41519,2020,4,-0.0573,0.0162,-0.0046,-0.0021
PK41519,2021,2,0.0470,-0.0093,0.0272,0.0284
PK41519,2022,9,0.0644,-0.0141,-0.0116,-0.0429
PK41519,2023,2,-0.2157,-0.0364,-0.1237,-0.1623
PK41519,2024,6,0.0083,0.0000,0.0000,0.0000
PK41519,2025,8,0.0963,-0.0398,-0.0263,-0.0532
PK41519,2026,16,0.0503,-0.0571,-0.0634,-0.0861
PK41520,2018,3,-0.0068,-0.0483,0.0217,-0.0413
PK41520,2019,9,0.0265,0.0761,0.0574,0.0261
PK41520,2020,4,-0.0248,0.0000,-0.0130,-0.0099
PK41520,2021,2,0.0636,-0.0326,0.0272,0.0570
PK41520,2022,9,0.0083,0.0107,0.0025,-0.0054
PK41520,2023,2,-0.2134,-0.0107,-0.1091,-0.2023
PK41520,2024,6,0.0000,0.0426,0.0000,0.0000
PK41520,2025,8,0.0106,-0.0042,-0.0022,-0.0145
PK41520,2026,16,0.0136,-0.0037,0.0130,-0.0122
PK41560,2018,3,-0.0370,-0.1485,-0.0922,-0.0933
PK41560,2019,6,0.0000,0.0388,0.0000,0.0000
PK41560,2020,4,-0.0210,0.0000,-0.0486,-0.0140
PK41560,2021,3,0.0264,-0.0141,0.0037,0.0097
PK41560,2022,9,-0.0534,-0.1379,-0.1053,-0.0901
PK41560,2023,1,0.0259,0.0816,0.0419,0.0314
PK41560,2024,6,-0.0261,-0.0108,-0.0203,-0.0293
PK41560,2025,8,-0.0142,-0.0993,-0.0649,-0.0587
PK41560,2026,15,-0.0174,-0.1172,-0.0668,-0.0706
PK41571,2018,2,-0.1317,-0.1918,-0.1522,-0.1423
PK41571,2019,6,0.0000,0.0071,0.0264,0.0000
PK41571,2020,4,-0.0136,-0.0103,0.0000,-0.0131
PK41571,2021,3,0.0303,0.0000,0.0437,0.0347
PK41571,2022,9,-0.1088,-0.1879,-0.1503,-0.1141
PK41571,2023,1,0.0339,0.0604,-0.0060,0.0364
PK41571,2024,6,-0.0489,-0.0521,-0.0458,-0.0379
PK41571,2025,8,-0.1092,-0.2220,-0.1790,-0.1185
PK41571,2026,15,-0.1123,-0.1754,-0.1892,-0.1213
PK41700,2018,2,-0.0271,-0.0146,0.0135,-0.1011
PK41700,2019,10,0.0000,0.1004,0.0511,0.0000
PK41700,2020,3,0.0061,0.0384,0.0172,0.0038
PK41700,2021,3,-0.0677,0.0000,-0.0211,-0.0140
PK41700,2022,9,0.0085,0.0669,0.0879,-0.0404
PK41700,2023,2,0.0486,-0.0091,0.0000,0.0340
PK41700,2024,7,-0.0121,-0.0102,-0.0360,-0.0115
PK41700,2025,7,0.0262,0.0899,0.0925,-0.0550
PK41700,2026,15,-0.0262,0.0407,0.0300,-0.0828
PK41803,2018,3,-0.1473,-0.1945,-0.1564,-0.1629
PK41803,2019,6,0.0000,0.0218,0.0016,0.0000
PK41803,2020,3,0.0094,0.0250,0.0000,0.0117
PK41803,2021,3,0.0574,0.0000,0.0226,0.0584
PK41803,2022,9,-0.0405,-0.1303,-0.0694,-0.0582
PK41803,2023,2,-0.1046,-0.0354,-0.0581,-0.0963
PK41803,2024,8,-0.0327,-0.0055,-0.0220,-0.0316
PK41803,2025,8,-0.0395,-0.1343,-0.0694,-0.0613
PK41803,2026,16,-0.0747,-0.1044,-0.1138,-0.0874
PK41886,2018,3,-0.0980,-0.1142,-0.1225,-0.1339
PK41886,2019,6,0.0118,0.0033,0.0249,0.0000
PK41886,2020,3,0.0000,0.0000,0.0000,0.0001
PK41886,2021,3,0.0547,0.0090,0.0071,0.0552
PK41886,2022,9,-0.0143,-0.0134,-0.0120,-0.0252
PK41886,2023,2,-0.0700,-0.0505,-0.0581,-0.0701
PK41886,2024,7,-0.0203,-0.0205,-0.0519,-0.0177
PK41886,2025,8,-0.0252,-0.0604,-0.0713,-0.0451
PK41886,2026,16,-0.0441,-0.0893,-0.1045,-0.0612
PK42000,2018,2,-0.2268,-0.1074,-0.1988,-0.2158
PK42000,2019,6,0.0000,0.0226,0.0094,0.0000
PK42000,2020,3,0.0017,0.0000,0.0000,0.0064
PK42000,2021,3,0.0365,0.0303,0.0286,0.0363
PK42000,2022,9,-0.0379,0.0013,-0.0068,-0.0293
PK42000,2023,2,-0.0971,-0.0052,-0.0763,-0.0832
PK42000,2024,7,-0.0314,-0.0229,-0.0584,-0.0225
PK42000,2025,8,-0.0405,-0.0388,-0.0763,-0.0351
PK42000,2026,16,-0.0605,-0.0551,-0.0951,-0.0574
PK42005,2018,5,-0.1061,-0.1800,-0.0732,-0.1786
PK42005,2019,7,-0.0149,-0.0137,-0.0156,0.0000
PK42005,2020,4,-0.0316,0.0000,-0.0151,-0.0199
PK42005,2021,2,0.0365,-0.0820,0.0888,0.0128
PK42005,2022,9,-0.0506,-0.0100,-0.0201,-0.0886
PK42005,2023,1,0.0719,0.0025,0.0624,0.0269
PK42005,2024,5,0.0000,0.0032,0.0000,-0.0172
PK42005,2025,7,-0.0092,-0.0748,-0.0353,-0.0770
PK42005,2026,17,-0.0393,-0.1043,-0.0590,-0.0931
PK42044,2018,8,-0.1568,-0.1651,-0.1049,-0.2308
PK42044,2019,9,0.0125,-0.0139,0.0038,0.0094
PK42044,2020,5,-0.0529,-0.1058,-0.0499,-0.0865
PK42044,2021,3,0.0779,0.0163,0.0480,0.0634
PK42044,2022,8,-0.0042,-0.1061,-0.0569,-0.0926
PK42044,2024,4,-0.0125,0.0139,-0.0038,-0.0094
PK42044,2025,8,-0.0169,-0.0798,-0.0363,-0.1095
PK42044,2026,16,-0.0067,-0.0799,-0.0561,-0.1061
PK42132,2018,2,-0.2794,-0.1878,-0.2386,-0.3567
PK42132,2019,6,0.0000,0.0000,0.0064,0.0000
PK42132,2020,3,-0.0128,0.0314,0.0000,0.0078
PK42132,2021,3,0.0398,0.0181,0.0266,0.0371
PK42132,2022,9,-0.0221,-0.0928,-0.0635,-0.0984
PK42132,2023,2,-0.0477,-0.0269,-0.0320,-0.0109
PK42132,2024,6,0.0136,-0.0284,-0.0270,-0.0054
PK42132,2025,8,0.0524,-0.0873,-0.0613,-0.0965
PK42132,2026,16,0.0044,-0.1121,-0.0883,-0.1468
PK42220,2018,2,-0.1660,-0.1940,-0.0867,-0.2147
PK42220,2019,9,0.0000,-0.0157,0.0000,0.0032
PK42220,2020,3,0.0172,0.0217,0.0137,0.0096
PK42220,2021,4,0.0131,0.0111,0.0453,0.0000
PK42220,2022,8,-0.1008,-0.0848,-0.0402,-0.1304
PK42220,2023,2,-0.1304,0.0000,-0.0616,-0.1193
PK42220,2024,7,-0.0514,-0.0357,-0.0425,-0.0737
PK42220,2025,8,-0.0356,-0.1398,-0.0717,-0.1001
PK42220,2026,15,-0.1473,-0.1369,-0.1307,-0.1971
PK42338,2018,2,0.0264,-0.0223,0.0029,-0.0532
PK42338,2019,7,0.0000,0.0000,-0.0012,0.0005
PK42338,2020,5,-0.0035,-0.0185,-0.0185,0.0000
PK42338,2021,3,0.0683,-0.0253,0.0429,0.0533
PK42338,2022,8,0.0162,-0.0019,0.0009,-0.0437
PK42338,2023,2,-0.0504,0.0233,0.0000,-0.0144
PK42338,2024,5,0.0026,0.0343,0.0135,-0.0075
PK42338,2025,9,0.0267,-0.0139,0.0036,-0.0439
PK42338,2026,14,0.0281,-0.0080,-0.0360,-0.0351
PK42346,2018,2,-0.0239,-0.1022,-0.0487,-0.0853
PK42346,2019,7,0.0008,0.0029,0.0000,0.0000
PK42346,2020,3,0.0000,0.0045,0.0041,0.0023
PK42346,2021,3,0.0181,0.0000,0.0329,0.0204
PK42346,2022,8,0.0096,-0.0548,-0.0323,-0.0393
PK42346,2023,2,-0.1925,-0.0826,-0.1255,-0.1218
PK42346,2024,5,-0.0594,-0.0270,-0.0402,-0.0587
PK42346,2025,8,-0.0249,-0.0879,-0.0741,-0.0670
PK42346,2026,14,-0.0658,-0.0889,-0.0876,-0.1128
PK42366,2018,3,0.0306,-0.0443,-0.0176,-0.0045
PK42366,2019,7,0.0172,0.0699,0.0000,0.0011
PK42366,2020,3,0.0155,-0.0003,0.0131,0.0012
PK42366,2021,2,0.0000,0.0431,0.0165,0.0000
PK42366,2022,8,0.0299,0.0524,0.0141,0.0058
PK42366,2023,2,-0.0261,0.0000,-0.0414,-0.0435
PK42366,2024,6,-0.0344,-0.0002,-0.0297,-0.0344
PK42366,2025,7,0.0141,0.0170,-0.0090,-0.0162
PK42366,2026,15,0.0072,0.0213,-0.0410,-0.0220
PK42368,2018,2,0.0638,0.0190,0.0467,-0.0198
PK42368,2019,7,0.0000,0.0497,0.0000,-0.0027
PK42368,2020,3,0.0025,0.0000,0.0378,0.0204
PK42368,2021,2,0.0205,-0.0134,0.0514,0.0623
PK42368,2022,8,0.0704,0.0528,0.0648,0.0153
PK42368,2023,2,-0.1024,-0.0141,-0.0466,-0.1060
PK42368,2024,6,-0.0421,0.0202,-0.0066,0.0000
PK42368,2025,7,0.1223,0.0688,0.0577,0.0528
PK42368,2026,15,0.0038,0.0261,-0.0216,-0.0373
PK42371,2018,2,0.0031,-0.0637,0.0431,-0.0479
PK42371,2019,7,0.0383,0.0000,-0.0002,0.0000
PK42371,2020,3,0.0021,0.0100,0.0679,0.0152
PK42371,2021,3,-0.0349,-0.1186,0.0000,-0.0030
PK42371,2022,8,0.0468,-0.0167,0.0378,0.0044
PK42371,2023,2,-0.0895,-0.0502,-0.0333,-0.0901
PK42371,2024,6,0.0000,0.0104,0.0167,0.0011
PK42371,2025,7,-0.0229,-0.0211,-0.0075,-0.0569
PK42371,2026,15,-0.0249,-0.0418,0.0044,-0.0637
PK42398,2018,2,-0.1113,-0.0737,-0.0718,-0.1076
PK42398,2019,7,0.0000,0.0000,0.0158,0.0000
PK42398,2020,4,-0.0065,0.0115,0.0032,-0.0149
PK42398,2021,3,0.0713,-0.0189,0.0000,0.0409
PK42398,2022,9,-0.0094,-0.0078,-0.0210,-0.0168
PK42398,2023,2,-0.0188,-0.0231,-0.0114,-0.0118
PK42398,2024,6,0.0093,0.0064,-0.0209,0.0008
PK42398,2025,8,0.0216,-0.0396,-0.0493,-0.0255
PK42398,2026,13,-0.0208,-0.0360,-0.0335,-0.0347
PK42399,2018,2,-0.1490,-0.0848,-0.0945,-0.1431
PK42399,2019,7,-0.0065,0.0000,0.0080,-0.0003
PK42399,2020,3,0.0004,0.0395,0.0049,0.0057
PK42399,2021,3,0.0491,-0.0442,0.0000,0.0447
PK42399,2022,9,-0.0107,-0.0175,-0.0245,-0.0118
PK42399,2023,2,-0.0266,-0.0115,-0.0091,-0.0204
PK42399,2024,6,0.0000,0.0288,-0.0182,0.0000
PK42399,2025,8,-0.0412,-0.0484,-0.0446,-0.0480
PK42399,2026,13,-0.0272,-0.0338,-0.0425,-0.0330
PK42466,2018,2,0.0142,-0.0309,0.0164,0.0242
PK42466,2019,8,0.0131,0.0370,0.0387,0.0444
PK42466,2020,3,0.0093,0.0000,0.0000,0.0233
PK42466,2021,4,0.0000,0.0006,0.0363,0.0000
PK42466,2022,8,-0.0075,-0.0238,0.0039,-0.0006
PK42466,2023,2,-0.0434,-0.0299,-0.0178,-0.0103
PK42466,2024,6,-0.0487,-0.0553,-0.0071,-0.0216
PK42466,2025,8,-0.0705,-0.0785,-0.0376,-0.0552
PK42466,2026,14,-0.0944,-0.1129,-0.0798,-0.0787
PK42472,2018,2,-0.0719,-0.0039,0.0663,-0.0083
PK42472,2019,7,0.0000,0.1040,0.0729,0.0164
PK42472,2020,4,0.0064,-0.0084,0.0207,0.0035
PK42472,2021,3,0.0483,-0.0295,0.0000,0.0000
PK42472,2022,9,0.0042,0.0690,0.0792,0.0060
PK42472,2023,2,-0.1030,0.0096,-0.0269,-0.0326
PK42472,2024,6,-0.1522,0.0000,-0.0288,-0.0711
PK42472,2025,9,-0.0023,0.0767,0.1042,0.0097
PK42472,2026,13,-0.0570,0.0259,0.0250,-0.0201
PK42485,2018,2,-0.0859,-0.1016,-0.1107,-0.1129
PK42485,2019,7,0.0289,0.0147,0.0227,0.0142
PK42485,2020,4,0.0000,0.0020,-0.0017,-0.0163
PK42485,2021,3,0.0708,-0.0428,0.0365,0.0490
PK42485,2022,9,0.0209,0.0003,0.0132,-0.0101
PK42485,2023,2,-0.0351,-0.0164,-0.0316,-0.0506
PK42485,2024,7,-0.0003,0.0000,0.0000,0.0000
PK42485,2025,9,0.0135,-0.0084,-0.0091,-0.0237
PK42485,2026,13,0.0122,-0.0195,-0.0185,-0.0270
PK42488,2018,2,-0.0834,-0.1080,-0.0726,-0.0939
PK42488,2019,7,0.0035,0.0303,0.0000,0.0107
PK42488,2020,4,0.0000,0.0000,0.0248,0.0000
PK42488,2021,3,0.0510,0.0150,0.0232,0.0497
PK42488,2022,9,0.0016,0.0116,0.0291,-0.0053
PK42488,2023,2,-0.0900,-0.0757,-0.0665,-0.0785
PK42488,2024,6,-0.0284,-0.0118,-0.0099,-0.0262
PK42488,2025,8,0.0100,-0.0162,0.0251,-0.0053
PK42488,2026,13,-0.0061,-0.0427,-0.0274,-0.0241
PK42490,2018,2,-0.0723,-0.1055,-0.0467,-0.0856
PK42490,2019,7,0.0077,0.0150,-0.0075,0.0098
PK42490,2020,4,0.0000,-0.0154,0.0331,0.0000
PK42490,2021,2,0.0665,0.0093,0.1010,0.0597
PK42490,2022,9,-0.0068,0.0021,0.0327,-0.0143
PK42490,2023,2,-0.0917,-0.0443,-0.0490,-0.0868
PK42490,2024,6,-0.0211,0.0000,0.0000,-0.0240
PK42490,2025,9,0.0015,-0.0071,0.0305,-0.0156
PK42490,2026,13,-0.0157,-0.0507,-0.0314,-0.0304
PK42492,2018,2,-0.0942,-0.1068,-0.0766,-0.1092
PK42492,2019,7,-0.0179,0.0008,-0.0471,-0.0112
PK42492,2020,3,0.0015,-0.0063,0.0000,0.0025
PK42492,2021,2,0.0547,0.0000,0.0622,0.0467
PK42492,2022,9,-0.0353,-0.0073,-0.0013,-0.0395
PK42492,2023,2,-0.1044,-0.0480,-0.0919,-0.0961
PK42492,2024,5,0.0000,0.0053,0.0015,0.0000
PK42492,2025,9,-0.0049,-0.0118,-0.0022,-0.0208
PK42492,2026,13,-0.0405,-0.0523,-0.0670,-0.0697
PK42495,2018,2,-0.0508,-0.1261,-0.0526,-0.0856
PK42495,2019,7,-0.0058,0.0243,-0.0014,-0.0137
PK42495,2020,3,0.0000,0.0056,0.0135,0.0000
PK42495,2021,2,0.0941,-0.0309,0.0785,0.0793
PK42495,2022,9,-0.0209,-0.0311,-0.0069,-0.0330
PK42495,2023,2,-0.1190,-0.0437,-0.0709,-0.1154
PK42495,2024,6,0.0032,0.0000,0.0000,0.0004
PK42495,2025,9,-0.0121,-0.0457,0.0055,-0.0337
PK42495,2026,13,-0.0334,-0.0853,-0.0626,-0.0466
PK42496,2018,2,-0.0100,-0.0740,-0.0023,-0.0416
PK42496,2019,7,0.0000,0.0000,-0.0097,-0.0021
PK42496,2020,3,0.0030,0.0124,0.0000,0.0015
PK42496,2021,2,0.0880,-0.0073,0.0906,0.0705
PK42496,2022,9,-0.0120,-0.0090,0.0044,-0.0247
PK42496,2023,2,-0.0856,-0.0315,-0.0548,-0.0853
PK42496,2024,6,-0.0017,0.0127,0.0268,0.0000
PK42496,2025,8,0.0254,-0.0066,0.0301,-0.0039
PK42496,2026,13,-0.0177,-0.0483,-0.0378,-0.0418
PK42497,2018,2,-0.0480,-0.0689,-0.0126,-0.0712
PK42497,2019,7,-0.0120,0.0111,-0.0091,-0.0146
PK42497,2020,3,0.0000,0.0000,0.0000,0.0003
PK42497,2021,2,0.0763,-0.0030,0.0733,0.0672
PK42497,2022,9,-0.0383,-0.0179,-0.0089,-0.0454
PK42497,2023,2,-0.0982,-0.0218,-0.0446,-0.0979
PK42497,2024,6,0.0023,0.0040,0.0082,0.0000
PK42497,2025,8,-0.0105,-0.0230,0.0071,-0.0198
PK42497,2026,13,-0.0434,-0.0565,-0.0537,-0.0549
PK42498,2018,2,0.0040,-0.0489,0.0107,-0.0070
PK42498,2019,7,-0.0033,0.0091,0.0000,-0.0030
PK42498,2020,4,0.0000,-0.0137,-0.0040,0.0000
PK42498,2021,2,0.0826,0.0048,0.0855,0.0793
PK42498,2022,9,0.0030,-0.0016,-0.0018,0.0007
PK42498,2023,2,-0.0547,-0.0213,-0.0358,-0.0526
PK42498,2024,6,0.0241,0.0000,0.0184,0.0261
PK42498,2025,8,0.0321,-0.0110,0.0207,0.0230
PK42498,2026,13,-0.0059,-0.0470,-0.0409,-0.0130
PK42499,2018,2,-0.0819,-0.1711,-0.0897,-0.0899
PK42499,2019,7,0.0000,-0.0117,0.0000,0.0000
PK42499,2020,4,-0.0230,0.0215,0.0049,-0.0225
PK42499,2021,2,0.0792,-0.0269,0.0521,0.0727
PK42499,2022,9,-0.0339,-0.0530,-0.0113,-0.0376
PK42499,2023,2,-0.0656,0.0000,-0.0267,-0.0642
PK42499,2024,6,0.0053,0.0315,-0.0012,0.0038
PK42499,2025,8,-0.0010,-0.0631,-0.0266,-0.0081
PK42499,2026,13,-0.0405,-0.1299,-0.0754,-0.0480
PK42500,2018,2,0.0252,-0.0158,0.0409,-0.0090
PK42500,2019,7,0.0049,0.0057,0.0000,0.0000
PK42500,2020,4,-0.0142,-0.0044,-0.0130,-0.0103
PK42500,2021,2,0.0675,0.0072,0.0577,0.0603
PK42500,2022,9,-0.0018,0.0161,0.0122,-0.0113
PK42500,2023,2,-0.0417,-0.0239,-0.0370,-0.0406
PK42500,2024,6,0.0000,0.0000,0.0138,0.0078
PK42500,2025,8,0.0375,0.0079,0.0270,0.0112
PK42500,2026,14,-0.0124,-0.0432,-0.0416,-0.0361
PK42501,2018,2,-0.0711,-0.1516,-0.0703,-0.0928
PK42501,2019,7,0.0101,-0.0157,-0.0031,0.0000
PK42501,2020,4,-0.0040,0.0316,0.0122,-0.0001
PK42501,2021,2,0.0793,-0.0218,0.0885,0.0687
PK42501,2022,9,-0.0187,-0.0234,-0.0028,-0.0175
PK42501,2023,2,-0.0456,0.0000,0.0000,-0.0342
PK42501,2024,6,0.0000,0.0289,-0.0011,0.0019
PK42501,2025,8,0.0092,-0.0518,-0.0061,-0.0144
PK42501,2026,13,-0.0192,-0.1162,-0.0701,-0.0428
PK42503,2018,2,-0.0547,-0.1160,-0.0624,-0.0890
PK42503,2019,7,0.0138,-0.0035,-0.0244,0.0000
PK42503,2020,4,-0.0066,0.0281,0.0200,-0.0027
PK42503,2021,2,0.0849,-0.0008,0.1041,0.0731
PK42503,2022,9,-0.0065,-0.0096,0.0001,-0.0190
PK42503,2023,2,-0.0409,0.0000,0.0000,-0.0222
PK42503,2024,6,0.0000,0.0261,-0.0258,0.0036
PK42503,2025,9,0.0135,-0.0581,-0.0436,-0.0215
PK42503,2026,13,0.0106,-0.0699,-0.0738,-0.0433
PK42504,2018,2,-0.0103,-0.0468,0.0111,-0.0323
PK42504,2019,7,-0.0058,0.0012,-0.0278,-0.0015
PK42504,2020,4,0.0000,0.0000,0.0273,0.0000
PK42504,2021,2,0.0760,-0.0131,0.0815,0.0686
PK42504,2022,9,0.0068,-0.0034,0.0098,-0.0054
PK42504,2023,2,-0.0336,-0.0434,-0.0451,-0.0346
PK42504,2024,6,0.0134,0.0025,0.0000,0.0144
PK42504,2025,9,0.0278,-0.0114,0.0168,0.0050
PK42504,2026,14,-0.0014,-0.0460,-0.0355,-0.0229
PK42506,2018,2,0.0131,-0.0402,0.0257,-0.0354
PK42506,2019,7,-0.0060,-0.0065,-0.0108,0.0000
PK42506,2020,4,0.0000,0.0000,0.0527,-0.0086
PK42506,2021,2,0.0837,0.0027,0.1188,0.0654
PK42506,2022,9,0.0004,0.0034,0.0175,-0.0141
PK42506,2023,2,-0.0265,-0.0449,-0.0165,-0.0331
PK42506,2024,6,0.0052,0.0019,0.0000,0.0040
PK42506,2025,9,0.0427,-0.0104,0.0337,-0.0081
PK42506,2026,14,-0.0023,-0.0365,-0.0342,-0.0441
PK42508,2018,2,-0.0030,-0.0445,0.0068,-0.0207
PK42508,2019,7,0.0000,0.0000,-0.0173,-0.0077
PK42508,2020,4,0.0000,0.0100,0.0458,0.0000
PK42508,2021,2,0.0613,0.0236,0.1132,0.0567
PK42508,2022,9,-0.0040,0.0026,0.0192,-0.0080
PK42508,2023,2,-0.0075,-0.0363,-0.0060,-0.0107
PK42508,2024,6,0.0103,-0.0198,0.0000,0.0106
PK42508,2025,9,0.0181,-0.0111,0.0341,0.0010
PK42508,2026,14,-0.0194,-0.0456,-0.0649,-0.0416
PK42509,2018,2,-0.0127,-0.0598,-0.0159,-0.0322
PK42509,2019,7,-0.0025,0.0110,0.0000,0.0000
PK42509,2020,4,-0.0060,0.0000,0.0074,-0.0096
PK42509,2021,2,0.0815,-0.0165,0.0966,0.0691
PK42509,2022,9,-0.0186,-0.0282,-0.0275,-0.0183
PK42509,2023,2,0.0000,-0.0320,-0.0169,-0.0074
PK42509,2024,6,0.0101,0.0003,-0.0167,0.0128
PK42509,2025,8,0.0121,-0.0469,-0.0112,-0.0065
PK42509,2026,14,-0.0246,-0.0938,-0.0755,-0.0506
PK42510,2018,2,-0.0247,-0.0415,-0.0199,-0.0331
PK42510,2019,7,-0.0001,0.0040,-0.0661,-0.0042
PK42510,2020,4,0.0000,0.0131,0.0233,0.0000
PK42510,2021,2,0.0587,-0.0014,0.0662,0.0502
PK42510,2022,9,-0.0038,-0.0054,0.0040,-0.0124
PK42510,2023,2,-0.0202,-0.0294,-0.0510,-0.0228
PK42510,2024,5,0.0168,0.0000,0.0000,0.0184
PK42510,2025,9,0.0075,-0.0091,0.0145,-0.0038
PK42510,2026,14,-0.0322,-0.0612,-0.0829,-0.0499
PK42511,2018,2,-0.0510,-0.0795,-0.0390,-0.0702
PK42511,2019,7,-0.0202,0.0000,0.0006,-0.0133
PK42511,2020,4,0.0000,0.0218,0.0000,0.0000
PK42511,2021,2,0.0794,-0.0165,0.1097,0.0746
PK42511,2022,9,-0.0196,-0.0119,-0.0129,-0.0288
PK42511,2023,2,-0.0254,-0.0254,-0.0312,-0.0163
PK42511,2024,5,0.0070,0.0277,-0.0113,0.0117
PK42511,2025,8,-0.0008,-0.0270,-0.0044,-0.0146
PK42511,2026,14,-0.0330,-0.0935,-0.0737,-0.0485
PK42512,2018,2,-0.0571,-0.0505,-0.0262,-0.0602
PK42512,2019,7,-0.0209,0.0150,-0.0565,-0.0212
PK42512,2020,3,0.0042,0.0184,0.0159,0.0000
PK42512,2021,2,0.0424,-0.0181,0.0400,0.0344
PK42512,2022,9,-0.0256,-0.0104,-0.0192,-0.0294
PK42512,2023,2,-0.0332,-0.0269,-0.0469,-0.0351
PK42512,2024,5,0.0000,0.0000,0.0000,0.0001
PK42512,2025,9,-0.0079,-0.0095,0.0111,-0.0095
PK42512,2026,14,-0.0917,-0.0795,-0.0891,-0.0941
PK42513,2018,2,-0.0517,-0.0799,-0.0332,-0.0588
PK42513,2019,7,-0.0043,0.0000,-0.0139,-0.0024
PK42513,2020,4,0.0000,0.0151,0.0244,0.0000
PK42513,2021,2,0.0818,-0.0046,0.1120,0.0798
PK42513,2022,9,-0.0270,-0.0234,0.0080,-0.0299
PK42513,2023,2,-0.0124,-0.0192,-0.0184,-0.0097
PK42513,2024,5,0.0223,0.0132,0.0000,0.0231
PK42513,2025,8,0.0128,-0.0144,0.0142,0.0069
PK42513,2026,14,-0.0613,-0.0876,-0.0740,-0.0659
PK42514,2018,2,-0.0701,-0.0626,-0.0315,-0.0706
PK42514,2019,7,-0.0095,0.0059,-0.0375,-0.0089
PK42514,2020,3,0.0048,0.0204,0.0275,0.0022
PK42514,2021,2,0.0199,-0.0137,0.0602,0.0145
PK42514,2022,9,-0.0261,-0.0175,0.0024,-0.0298
PK42514,2023,2,-0.0467,-0.0236,-0.0297,-0.0460
PK42514,2024,5,0.0000,0.0000,0.0000,0.0000
PK42514,2025,9,-0.0128,-0.0018,0.0139,-0.0160
PK42514,2026,14,-0.1077,-0.0950,-0.0892,-0.1083
PK42515,2018,2,-0.0536,-0.0906,-0.0248,-0.0630
PK42515,2019,7,0.0034,0.0011,-0.0068,0.0053
PK42515,2020,4,0.0000,0.0071,0.0390,0.0000
PK42515,2021,2,0.0816,-0.0073,0.1173,0.0763
PK42515,2022,9,-0.0171,-0.0254,0.0295,-0.0217
PK42515,2023,2,-0.0148,-0.0231,-0.0028,-0.0093
PK42515,2024,6,-0.0231,0.0000,0.0000,-0.0239
PK42515,2025,8,0.0227,-0.0165,0.0337,0.0104
PK42515,2026,14,-0.0734,-0.0995,-0.0679,-0.0796
PK42516,2018,2,-0.0456,-0.0629,-0.0206,-0.0483
PK42516,2019,7,-0.0139,0.0000,-0.0286,-0.0110
PK42516,2020,3,0.0000,0.0094,0.0261,0.0000
PK42516,2021,2,0.0317,-0.0090,0.0641,0.0221
PK42516,2022,9,-0.0292,-0.0119,-0.0081,-0.0331
PK42516,2023,2,-0.0297,-0.0002,-0.0080,-0.0276
PK42516,2024,5,0.0049,0.0014,0.0000,0.0056
PK42516,2025,9,-0.0174,-0.0277,-0.0079,-0.0242
PK42516,2026,14,-0.0898,-0.0904,-0.0824,-0.0921
PK42517,2018,2,-0.0639,-0.0689,-0.0210,-0.0652
PK42517,2019,7,0.0000,-0.0013,-0.0206,0.0000
PK42517,2020,3,0.0042,0.0054,0.0151,0.0024
PK42517,2021,2,0.0711,-0.0136,0.0645,0.0630
PK42517,2022,9,-0.0413,-0.0169,-0.0023,-0.0443
PK42517,2023,2,-0.0048,0.0054,0.0000,-0.0055
PK42517,2024,6,-0.0399,0.0000,-0.0141,-0.0380
PK42517,2025,8,-0.0113,-0.0250,-0.0015,-0.0146
PK42517,2026,14,-0.0797,-0.0887,-0.0743,-0.0847
PK42518,2018,2,-0.0274,-0.0478,-0.0069,-0.0497
PK42518,2019,7,-0.0192,-0.0129,-0.0332,-0.0116
PK42518,2020,3,0.0000,0.0000,0.0122,0.0000
PK42518,2021,2,0.0405,-0.0010,0.0597,0.0127
PK42518,2022,9,-0.0416,-0.0154,-0.0082,-0.0497
PK42518,2023,2,-0.0199,0.0027,-0.0145,-0.0135
PK42518,2024,5,0.0214,0.0039,0.0000,0.0161
PK42518,2025,9,-0.0120,-0.0061,0.0061,-0.0348
PK42518,2026,14,-0.0655,-0.0825,-0.0754,-0.0856
PK42519,2018,2,-0.0315,-0.0694,-0.0151,-0.0438
PK42519,2019,7,-0.0046,0.0077,-0.0125,-0.0004
PK42519,2020,3,0.0126,0.0000,0.0181,0.0097
PK42519,2021,2,0.0999,-0.0124,0.0767,0.0618
PK42519,2022,9,-0.0301,-0.0203,-0.0030,-0.0330
PK42519,2023,2,0.0000,0.0044,0.0000,0.0000
PK42519,2024,6,-0.0398,-0.0012,-0.0147,-0.0274
PK42519,2025,8,-0.0072,-0.0287,0.0026,-0.0089
PK42519,2026,14,-0.0578,-0.0840,-0.0700,-0.0793
PK42522,2018,2,-0.0109,-0.0328,0.0244,-0.0341
PK42522,2019,7,0.0188,0.0025,0.0280,0.0036
PK42522,2020,3,0.0000,0.0000,-0.0006,0.0000
PK42522,2021,2,0.1526,-0.0424,0.0675,0.0747
PK42522,2022,9,-0.0207,-0.0282,0.0009,-0.0335
PK42522,2023,2,-0.0162,-0.0334,-0.0017,-0.0050
PK42522,2024,6,-0.0860,0.0068,0.0000,-0.0410
PK42522,2025,9,-0.0443,-0.0615,-0.0231,-0.0367
PK42522,2026,14,-0.0222,-0.0652,0.0110,-0.0595
PK42523,2018,2,-0.0018,-0.0263,-0.0113,-0.0096
PK42523,2019,7,0.0000,0.0181,0.0000,0.0000
PK42523,2020,3,-0.0073,0.0208,0.0004,-0.0085
PK42523,2021,2,0.0710,-0.0320,0.0330,0.0574
PK42523,2022,9,-0.0134,-0.0234,-0.0114,-0.0140
PK42523,2023,2,0.0038,0.0000,-0.0096,0.0048
PK42523,2024,6,-0.0479,-0.0001,-0.0242,-0.0389
PK42523,2025,8,-0.0208,-0.0390,-0.0301,-0.0226
PK42523,2026,14,-0.0043,-0.0654,-0.0434,-0.0157
PK42524,2018,2,-0.0218,-0.0665,-0.0075,-0.0339
PK42524,2019,7,0.0000,0.0000,-0.0111,0.0000
PK42524,2020,3,0.0081,0.0054,0.0111,0.0046
PK42524,2021,2,0.0937,-0.0286,0.0619,0.0666
PK42524,2022,9,-0.0228,-0.0244,-0.0049,-0.0268
PK42524,2023,2,-0.0082,-0.0223,0.0000,-0.0091
PK42524,2024,6,-0.0377,0.0028,-0.0136,-0.0311
PK42524,2025,8,0.0011,-0.0343,0.0065,-0.0070
PK42524,2026,14,-0.0494,-0.0876,-0.0495,-0.0660
PK42525,2018,2,-0.0251,-0.0720,0.0064,-0.0542
PK42525,2019,7,0.0000,0.0017,-0.0121,0.0000
PK42525,2020,3,0.0222,0.0041,0.0258,0.0115
PK42525,2021,2,0.0403,-0.0226,0.0843,0.0083
PK42525,2022,9,0.0039,-0.0311,0.0087,-0.0142
PK42525,2023,2,-0.0259,-0.0540,0.0000,-0.0205
PK42525,2024,6,-0.0114,0.0000,-0.0117,-0.0140
PK42525,2025,9,-0.0066,0.0072,0.0266,-0.0315
PK42525,2026,14,-0.1005,-0.0902,-0.0351,-0.1052
PK42526,2018,2,-0.0220,-0.0608,0.0007,-0.0342
PK42526,2019,7,0.0000,0.0015,-0.0071,0.0000
PK42526,2020,3,0.0141,0.0048,0.0106,0.0091
PK42526,2021,2,0.0821,-0.0307,0.0607,0.0575
PK42526,2022,9,-0.0115,-0.0261,0.0041,-0.0168
PK42526,2023,2,-0.0126,-0.0322,0.0000,-0.0136
PK42526,2024,6,-0.0166,0.0000,-0.0087,-0.0145
PK42526,2025,9,-0.0045,-0.0364,0.0087,-0.0126
PK42526,2026,14,-0.0194,-0.0776,-0.0333,-0.0406
PK42539,2018,3,0.0518,-0.0129,0.0113,-0.0577
PK42539,2019,8,0.0076,0.0509,0.0000,0.0000
PK42539,2020,3,0.0000,0.0000,0.0069,0.0017
PK42539,2021,2,0.0292,0.0009,0.0892,0.0242
PK42539,2022,9,-0.0061,0.0318,0.0342,-0.0173
PK42539,2023,2,-0.0171,-0.0262,-0.0190,-0.0032
PK42539,2024,5,-0.0432,-0.0196,-0.0074,-0.0124
PK42539,2025,9,-0.0002,0.0258,0.0482,-0.0147
PK42539,2026,14,-0.0811,-0.0606,-0.0468,-0.0661
PK42545,2018,3,-0.0744,-0.0988,-0.0323,-0.0704
PK42545,2019,7,-0.0231,-0.0321,-0.0101,-0.0216
PK42545,2020,3,0.0237,0.0018,0.0096,0.0224
PK42545,2021,3,0.0122,-0.0612,-0.0019,0.0000
PK42545,2022,9,-0.0262,-0.0404,0.0019,-0.0019
PK42545,2023,2,0.0000,0.0000,0.0169,0.0136
PK42545,2024,6,-0.0361,0.0074,0.0000,-0.0049
PK42545,2025,9,-0.0566,-0.0715,-0.0241,-0.0391
PK42545,2026,14,-0.0822,-0.0962,-0.0624,-0.0656
PK42548,2018,3,-0.0647,-0.1292,-0.1307,-0.0922
PK42548,2019,7,0.0000,0.0000,0.0000,-0.0114
PK42548,2020,3,0.0056,0.0152,0.0062,0.0040
PK42548,2021,3,0.0891,-0.0814,-0.0301,0.0271
PK42548,2022,9,-0.0301,-0.0376,-0.0437,-0.0354
PK42548,2023,2,-0.0072,0.0066,0.0021,0.0000
PK42548,2024,6,-0.0543,-0.0418,-0.0606,-0.0476
PK42548,2025,9,-0.0098,-0.0733,-0.0570,-0.0492
PK42548,2026,14,-0.0489,-0.1133,-0.0922,-0.0898
PK42588,2018,2,-0.0684,-0.1879,-0.1162,-0.1351
PK42588,2019,7,0.0025,-0.0332,0.0000,0.0000
PK42588,2020,3,-0.0040,0.0268,-0.0070,-0.0058
PK42588,2021,3,0.0333,-0.0500,0.0005,0.0233
PK42588,2022,9,-0.0273,-0.1225,-0.0729,-0.0539
PK42588,2023,2,0.0000,0.0290,0.0186,0.0018
PK42588,2024,7,-0.0262,0.0000,-0.0325,-0.0401
PK42588,2025,7,-0.0036,-0.1281,-0.0693,-0.0592
PK42588,2026,14,-0.0279,-0.1051,-0.1284,-0.0821
PK42591,2018,3,-0.0379,-0.1748,-0.0684,-0.0806
PK42591,2019,7,0.0000,-0.0282,0.0000,0.0000
PK42591,2020,3,0.0062,0.0055,-0.0122,0.0028
PK42591,2021,3,0.0603,-0.0579,0.0108,0.0518
PK42591,2022,9,0.0034,-0.0817,-0.0261,-0.0224
PK42591,2023,2,-0.0023,0.0000,0.0173,-0.0033
PK42591,2024,7,-0.0395,0.0204,-0.0282,-0.0472
PK42591,2025,7,0.0041,-0.0858,-0.0053,-0.0294
PK42591,2026,15,-0.0154,-0.0659,-0.0710,-0.0546
PK42592,2018,3,-0.0004,-0.1938,-0.1086,-0.1124
PK42592,2019,6,0.0040,-0.0161,0.0000,0.0000
PK42592,2020,3,0.0000,0.0000,-0.0030,-0.0019
PK42592,2021,3,0.0627,-0.0392,0.0026,0.0519
PK42592,2022,9,-0.0027,-0.0746,-0.0121,-0.0487
PK42592,2023,2,-0.0018,0.0314,0.0159,0.0032
PK42592,2024,7,-0.0508,0.0275,-0.0290,-0.0607
PK42592,2025,8,0.0099,-0.1183,-0.0591,-0.0776
PK42592,2026,15,0.0054,-0.1238,-0.0912,-0.1031
PK42601,2018,3,-0.1210,-0.2154,-0.1218,-0.1266
PK42601,2019,6,0.0000,-0.0238,-0.0415,0.0000
PK42601,2020,3,0.0331,0.0000,0.0112,0.0311
PK42601,2021,3,0.0020,-0.0437,0.0000,0.0022
PK42601,2022,9,-0.0114,-0.0427,-0.0157,-0.0222
PK42601,2023,2,-0.0289,0.0242,0.0025,-0.0234
PK42601,2024,7,-0.0540,0.0156,-0.0528,-0.0511
PK42601,2025,9,-0.0407,-0.1013,-0.0290,-0.0507
PK42601,2026,15,-0.1123,-0.1382,-0.1275,-0.1205
PK42602,2018,3,-0.1605,-0.1982,-0.1696,-0.1491
PK42602,2019,6,0.0000,-0.0443,-0.0051,0.0000
PK42602,2020,3,0.0041,0.0000,0.0381,0.0282
PK42602,2021,3,0.0749,-0.0066,0.0000,0.0555
PK42602,2022,9,-0.0369,-0.0310,-0.0106,-0.0379
PK42602,2023,2,-0.0490,0.1274,0.0875,-0.0132
PK42602,2024,7,-0.0682,0.0221,-0.0259,-0.0363
PK42602,2025,9,-0.0728,-0.1112,-0.0246,-0.0617
PK42602,2026,15,-0.0638,-0.0861,-0.0668,-0.0682
PK42603,2018,3,-0.1388,-0.1984,-0.1636,-0.1697
PK42603,2019,6,0.0000,-0.0339,-0.0433,0.0000
PK42603,2020,3,0.0062,0.0057,0.0044,0.0053
PK42603,2021,3,0.0430,-0.0339,0.0000,0.0383
PK42603,2022,9,-0.0202,-0.0710,-0.0355,-0.0476
PK42603,2023,2,-0.0296,0.0851,0.0373,-0.0176
PK42603,2024,7,-0.0228,0.0000,-0.0425,-0.0303
PK42603,2025,8,-0.0328,-0.1016,-0.0774,-0.0651
PK42603,2026,15,-0.0687,-0.1099,-0.1056,-0.1094
PK42604,2018,3,-0.1832,-0.3167,-0.1925,-0.2354
PK42604,2019,6,0.0000,-0.0457,-0.0283,0.0000
PK42604,2020,3,-0.0484,0.0124,0.0121,-0.0239
PK42604,2021,3,0.0453,-0.0114,0.0000,0.0648
PK42604,2022,9,-0.0659,-0.1598,-0.0596,-0.0871
PK42604,2023,2,0.0103,0.1461,0.1028,0.0379
PK42604,2024,7,-0.0591,0.0000,-0.0452,-0.0519
PK42604,2025,8,-0.0642,-0.1875,-0.1293,-0.1180
PK42604,2026,15,-0.1078,-0.2087,-0.1707,-0.1872
PK42616,2018,3,-0.1317,-0.2314,-0.1757,-0.1783
PK42616,2019,7,0.0000,-0.0152,-0.0673,-0.0077
PK42616,2020,3,-0.0066,-0.0109,0.0014,0.0000
PK42616,2021,3,0.0612,0.0000,0.0000,0.0695
PK42616,2022,9,-0.0415,-0.1707,-0.1043,-0.0660
PK42616,2023,2,0.0427,0.1143,0.0424,0.0552
PK42616,2024,7,-0.0151,0.0011,-0.0404,-0.0231
PK42616,2025,8,-0.0393,-0.1911,-0.1482,-0.0901
PK42616,2026,15,-0.0926,-0.1699,-0.1930,-0.1207
PK42622,2018,3,-0.0691,-0.1302,-0.0833,-0.0991
PK42622,2019,7,0.0158,-0.0071,-0.0197,0.0000
PK42622,2020,3,0.0000,0.0132,0.0167,0.0010
PK42622,2021,3,0.0412,-0.0202,0.0550,0.0516
PK42622,2022,9,-0.0017,-0.0499,-0.0231,-0.0297
PK42622,2023,2,-0.0553,0.0000,0.0000,-0.0271
PK42622,2024,7,-0.0433,0.0320,-0.0527,-0.0424
PK42622,2025,8,0.0166,-0.0568,-0.0036,-0.0193
PK42622,2026,15,-0.0326,-0.1112,-0.0840,-0.0879
PK42629,2018,3,0.0180,-0.0933,-0.0240,-0.0678
PK42629,2019,7,0.0000,0.0028,-0.0224,0.0000
PK42629,2020,3,0.0110,0.0062,0.0425,-0.0010
PK42629,2021,3,0.0744,-0.0447,0.0409,0.0498
PK42629,2022,9,0.0488,0.0166,0.0367,-0.0115
PK42629,2023,2,-0.0182,-0.0385,0.0000,0.0141
PK42629,2024,7,-0.0343,0.0000,-0.0161,-0.0357
PK42629,2025,8,0.0870,-0.0197,0.0165,-0.0092
PK42629,2026,15,0.0650,-0.0636,-0.0099,-0.0221
PK42631,2018,3,-0.0739,-0.1267,-0.0437,-0.1027
PK42631,2019,7,0.0000,0.0000,-0.0265,0.0000
PK42631,2020,3,0.0096,0.0340,0.0465,0.0129
PK42631,2021,3,0.0567,-0.0191,0.0686,0.0593
PK42631,2022,9,0.0036,-0.0285,0.0105,-0.0176
PK42631,2023,2,-0.0269,-0.0291,0.0000,-0.0083
PK42631,2024,7,-0.0386,0.0343,-0.0118,-0.0380
PK42631,2025,8,0.0132,-0.0514,0.0158,-0.0147
PK42631,2026,15,-0.0361,-0.0816,-0.0432,-0.0802
PK42632,2018,3,0.0015,-0.0830,-0.0314,-0.0758
PK42632,2019,7,0.0000,0.0000,-0.0250,0.0000
PK42632,2020,3,0.0157,0.0181,0.0198,-0.0029
PK42632,2021,3,0.0637,-0.0271,0.0210,0.0553
PK42632,2022,9,0.0359,-0.0014,0.0103,-0.0101
PK42632,2023,2,-0.0096,-0.0032,0.0000,0.0052
PK42632,2024,7,-0.0331,0.0130,-0.0289,-0.0411
PK42632,2025,8,0.0179,-0.0355,-0.0162,-0.0353
PK42632,2026,15,0.0212,-0.0630,-0.0352,-0.0633
PK42637,2018,3,-0.1097,-0.1276,-0.0686,-0.1516
PK42637,2019,7,0.0000,0.0000,-0.0480,0.0000
PK42637,2020,3,0.0207,0.0437,0.0373,0.0013
PK42637,2021,3,0.0666,-0.0130,0.0534,0.0625
PK42637,2022,9,-0.0127,-0.0471,0.0081,-0.0424
PK42637,2023,2,-0.0053,-0.0005,0.0000,-0.0028
PK42637,2024,7,-0.0283,0.0535,-0.0083,-0.0354
PK42637,2025,8,-0.0177,-0.0655,-0.0078,-0.0487
PK42637,2026,15,-0.0512,-0.0837,-0.0719,-0.1003
PK42638,2018,3,-0.1021,-0.1392,-0.0495,-0.1214
PK42638,2019,7,0.0000,0.0000,-0.0097,0.0063
PK42638,2020,3,0.0078,0.0049,0.0207,0.0000
PK42638,2021,3,0.0637,-0.0324,0.0806,0.0679
PK42638,2022,9,-0.0100,-0.0695,0.0042,-0.0228
PK42638,2023,2,-0.0404,-0.0409,0.0000,-0.0258
PK42638,2024,7,-0.0253,0.0222,-0.0143,-0.0233
PK42638,2025,8,-0.0546,-0.0915,-0.0149,-0.0673
PK42638,2026,15,-0.0586,-0.1126,-0.0828,-0.0824
PK42654,2018,3,-0.1469,-0.1807,-0.0835,-0.1290
PK42654,2019,7,0.0228,0.0000,-0.0176,0.0095
PK42654,2020,3,0.0000,-0.0159,-0.0182,0.0000
PK42654,2021,3,0.0346,-0.0303,0.0525,0.0229
PK42654,2022,9,-0.0129,-0.0643,-0.0406,-0.0400
PK42654,2023,2,-0.0108,0.0560,0.0202,-0.0061
PK42654,2024,7,-0.0040,0.0316,0.0000,-0.0155
PK42654,2025,7,-0.0160,-0.0891,-0.0414,-0.0418
PK42654,2026,14,-0.0288,-0.0836,-0.0795,-0.0533
PK42659,2018,3,-0.2290,-0.2252,-0.1895,-0.2353
PK42659,2019,7,0.0000,-0.0087,-0.0069,0.0000
PK42659,2020,3,-0.0168,0.0000,0.0000,-0.0229
PK42659,2021,3,0.0575,-0.0046,0.0372,0.0222
PK42659,2022,9,-0.0891,-0.0770,-0.0855,-0.0997
PK42659,2023,2,0.0088,0.0662,0.0465,0.0101
PK42659,2024,7,-0.0380,0.0018,-0.0073,-0.0396
PK42659,2025,8,-0.0127,-0.0647,-0.0231,-0.0245
PK42659,2026,15,-0.0922,-0.0870,-0.0750,-0.1085
PK42662,2018,3,-0.0658,-0.0470,-0.0392,-0.1032
PK42662,2019,7,0.0000,-0.0040,-0.0160,0.0000
PK42662,2020,3,-0.0133,0.0377,0.0123,-0.0391
PK42662,2021,3,0.0510,-0.0051,0.0000,0.0530
PK42662,2022,9,-0.0231,-0.0096,-0.0104,-0.0477
PK42662,2023,2,0.0140,0.0620,0.0304,0.0174
PK42662,2024,7,-0.0448,0.0000,-0.0638,-0.0477
PK42662,2025,8,-0.0544,-0.0745,-0.0796,-0.0846
PK42662,2026,15,-0.0777,-0.0826,-0.0784,-0.1264
PK42667,2018,3,-0.1631,-0.2334,-0.2123,-0.1918
PK42667,2019,7,0.0232,-0.0204,-0.0456,0.0000
PK42667,2020,3,-0.0110,0.0173,0.0116,-0.0121
PK42667,2021,3,0.0783,-0.0382,0.0000,0.0082
PK42667,2022,9,-0.0863,-0.0962,-0.1608,-0.1205
PK42667,2023,2,0.0000,0.0564,0.0502,0.0022
PK42667,2024,7,-0.0419,0.0000,-0.0495,-0.0413
PK42667,2025,8,0.0101,-0.0700,-0.0485,-0.0261
PK42667,2026,15,-0.0861,-0.1124,-0.1169,-0.1200
PK42678,2018,2,-0.0407,-0.1777,-0.1088,-0.1423
PK42678,2019,7,-0.0048,0.0000,0.0000,-0.0137
PK42678,2020,3,0.0131,0.0333,0.0043,0.0000
PK42678,2021,3,0.0407,-0.0123,-0.0072,0.0152
PK42678,2022,9,-0.0368,-0.1171,-0.0812,-0.1061
PK42678,2023,2,0.0000,0.0556,0.0158,0.0041
PK42678,2024,6,-0.0669,-0.0340,-0.0642,-0.0916
PK42678,2025,7,-0.0674,-0.2013,-0.1367,-0.1389
PK42678,2026,14,-0.1345,-0.1896,-0.1888,-0.2086
PK42679,2018,2,-0.0157,-0.1753,-0.0918,-0.1388
PK42679,2019,7,0.0084,0.0000,0.0059,-0.0019
PK42679,2020,3,-0.0092,0.0038,0.0171,0.0000
PK42679,2021,3,0.0394,-0.0244,0.0000,0.0267
PK42679,2022,9,-0.0439,-0.1279,-0.0363,-0.1211
PK42679,2023,2,0.0000,0.0156,-0.0001,0.0164
PK42679,2024,7,-0.0754,-0.0499,-0.0586,-0.0923
PK42679,2025,7,-0.1418,-0.2023,-0.1032,-0.2166
PK42679,2026,14,-0.2500,-0.1874,-0.1679,-0.3094
PK42680,2018,2,-0.2228,-0.2461,-0.1775,-0.2973
PK42680,2019,7,0.0126,-0.0357,-0.0091,0.0006
PK42680,2020,3,-0.0148,0.0593,0.0000,-0.0049
PK42680,2021,3,0.0000,0.0000,0.0221,0.0000
PK42680,2022,9,-0.2283,-0.1875,-0.1297,-0.2592
PK42680,2023,2,0.0443,0.1191,0.0693,0.0483
PK42680,2024,6,-0.1120,-0.0371,-0.0257,-0.1099
PK42680,2025,7,-0.4003,-0.2919,-0.2055,-0.3893
PK42680,2026,14,-0.4759,-0.2239,-0.2652,-0.4642
PK42698,2018,2,-0.0298,-0.1853,-0.1510,-0.1339
PK42698,2019,7,0.0043,-0.0330,0.0000,0.0036
PK42698,2020,3,-0.0151,0.0122,0.0141,0.0000
PK42698,2021,3,0.0000,-0.0151,-0.0167,-0.0013
PK42698,2022,9,0.0027,-0.1409,-0.0823,-0.0804
PK42698,2023,2,0.0001,0.0978,0.0489,0.0240
PK42698,2024,6,-0.0405,0.0000,-0.0642,-0.0839
PK42698,2025,7,-0.0263,-0.1403,-0.1426,-0.1182
PK42698,2026,15,-0.0660,-0.1410,-0.1909,-0.1610
PK42699,2018,2,-0.0022,-0.1155,-0.0904,-0.0742
PK42699,2019,7,-0.0057,0.0000,0.0000,-0.0161
PK42699,2020,3,0.0246,0.0161,0.0363,0.0141
PK42699,2021,3,0.0313,-0.0180,-0.0223,0.0000
PK42699,2022,9,-0.0016,-0.0255,-0.0177,-0.0497
PK42699,2023,2,0.0000,0.0125,0.0478,0.0051
PK42699,2024,5,-0.0664,-0.0052,-0.0433,-0.0940
PK42699,2025,7,-0.0192,-0.0032,-0.0191,-0.0887
PK42699,2026,15,-0.0560,-0.0546,-0.0328,-0.1100
PK42700,2018,2,-0.1818,-0.1225,-0.0826,-0.1855
PK42700,2019,7,-0.0047,0.0052,0.0000,-0.0103
PK42700,2020,3,0.0000,0.0000,0.0209,0.0000
PK42700,2021,3,0.0731,-0.0233,-0.0208,0.0372
PK42700,2022,9,-0.0114,-0.0329,0.0023,-0.0338
PK42700,2023,2,0.0286,0.0152,0.0731,0.0201
PK42700,2024,5,-0.0641,-0.0088,-0.0248,-0.0557
PK42700,2025,7,-0.0644,0.0038,-0.0088,-0.0687
PK42700,2026,15,-0.0345,-0.0561,-0.0174,-0.0700
PK42701,2018,2,-0.0629,-0.1501,-0.1039,-0.1435
PK42701,2019,7,0.0000,-0.0034,0.0206,0.0003
PK42701,2020,3,-0.0073,0.0048,0.0000,-0.0147
PK42701,2021,3,0.0174,-0.0455,-0.0283,0.0078
PK42701,2022,9,-0.0109,-0.1007,-0.0626,-0.0772
PK42701,2023,2,0.0038,0.0759,0.0600,0.0000
PK42701,2024,6,-0.0099,0.0000,-0.0387,-0.0503
PK42701,2025,7,0.0178,-0.0653,-0.0621,-0.0609
PK42701,2026,15,-0.0497,-0.1149,-0.0969,-0.1386
PK42706,2018,2,-0.0892,-0.2162,-0.1584,-0.1313
PK42706,2019,6,0.0218,0.0097,0.0000,0.0166
PK42706,2020,2,-0.0103,-0.0390,-0.0350,-0.0225
PK42706,2021,3,0.0641,0.0076,0.0272,0.0537
PK42706,2022,9,-0.0019,-0.1192,-0.1133,-0.0506
PK42706,2023,2,0.0000,0.0000,0.0176,0.0000
PK42706,2024,6,-0.0307,-0.0120,-0.0504,-0.0418
PK42706,2025,6,-0.0255,-0.1919,-0.1781,-0.0677
PK42706,2026,15,-0.0884,-0.2017,-0.2121,-0.1337
PK42707,2018,2,-0.1634,-0.2729,-0.2377,-0.2382
PK42707,2019,7,-0.0010,0.0000,0.0191,0.0000
PK42707,2020,3,0.0000,0.0189,0.0000,-0.0102
PK42707,2021,3,0.0222,-0.0069,-0.0028,0.0184
PK42707,2022,9,-0.0692,-0.2100,-0.1396,-0.1420
PK42707,2023,2,0.0122,0.0966,0.0653,0.0182
PK42707,2024,6,-0.0680,-0.0295,-0.0648,-0.0783
PK42707,2025,7,-0.0472,-0.1672,-0.1525,-0.1455
PK42707,2026,15,-0.1668,-0.1860,-0.2187,-0.2356
PK42758,2018,2,0.0456,0.0003,0.0496,-0.0354
PK42758,2019,8,0.0758,0.0439,0.0556,0.0471
PK42758,2020,3,0.0468,0.0008,0.0000,0.0158
PK42758,2021,4,-0.0172,-0.0900,-0.0535,-0.0129
PK42758,2022,8,-0.0310,-0.0966,-0.0765,-0.0756
PK42758,2023,2,-0.0184,-0.0520,-0.0171,-0.0214
PK42758,2024,7,0.0000,0.0000,0.0674,0.0000
PK42758,2025,8,0.0816,-0.1162,0.0245,0.0016
PK42758,2026,15,0.1092,-0.0734,0.0700,0.0278
PK42785,2018,8,-0.1088,-0.0919,-0.0924,-0.1230
PK42785,2019,9,-0.0229,0.0250,0.0000,-0.0226
PK42785,2020,4,-0.0409,-0.0327,-0.0440,-0.0628
PK42785,2021,2,0.0242,-0.0122,0.0410,0.0077
PK42785,2022,8,-0.0381,-0.0791,-0.0620,-0.0578
PK42785,2023,1,0.0233,0.0017,-0.0247,0.0156
PK42785,2024,5,0.0000,0.0000,0.0197,0.0000
PK42785,2025,8,-0.0332,-0.0825,-0.0727,-0.0845
PK42785,2026,17,-0.0414,-0.0893,-0.1116,-0.0924
PK42789,2018,8,-0.1008,-0.0831,-0.0650,-0.1226
PK42789,2019,9,0.0696,0.0596,0.0842,0.0777
PK42789,2020,5,0.0306,0.0128,0.0286,0.0351
PK42789,2021,2,-0.0874,-0.0128,-0.0340,-0.0519
PK42789,2022,8,-0.2290,-0.1515,-0.1274,-0.2267
PK42789,2024,5,-0.0306,-0.0570,-0.0286,-0.0351
PK42789,2025,7,-0.1282,-0.1797,-0.1780,-0.1713
PK42789,2026,18,-0.1348,-0.1527,-0.1813,-0.1787
PK42862,2018,8,-0.0684,-0.0388,-0.0787,-0.1174
PK42862,2019,7,-0.0094,0.0424,0.0018,-0.0009
PK42862,2020,5,-0.0699,-0.0515,-0.0115,-0.0297
PK42862,2021,2,0.0992,0.0973,0.1217,0.0669
PK42862,2022,8,0.0246,-0.0383,-0.0442,-0.0319
PK42862,2024,5,0.0094,-0.0424,-0.0018,0.0009
PK42862,2025,6,0.0597,-0.0274,-0.0435,-0.0342
PK42862,2026,16,0.0047,-0.0271,-0.0866,-0.0805
PK42867,2018,7,-0.0634,-0.0410,-0.1100,-0.1498
PK42867,2019,7,-0.0238,0.0625,0.0015,-0.0042
PK42867,2020,5,-0.0803,-0.0113,-0.0015,-0.0634
PK42867,2021,2,0.0362,-0.0584,-0.0814,0.0042
PK42867,2022,8,0.0292,0.0036,-0.0351,-0.0168
PK42867,2024,5,0.0238,0.0113,0.0210,0.0199
PK42867,2025,6,0.0723,0.0079,0.0085,0.0046
PK42867,2026,16,0.0341,0.0493,0.0089,-0.0199
PK42913,2018,8,-0.0487,-0.0770,-0.0269,-0.0557
PK42913,2019,6,0.0024,0.0079,0.0011,-0.0019
PK42913,2020,4,-0.0309,-0.0642,-0.0291,-0.0274
PK42913,2021,2,0.0467,0.0479,0.0489,0.0524
PK42913,2022,7,-0.0226,-0.0938,-0.0263,-0.0279
PK42913,2024,5,-0.0024,-0.0079,-0.0011,0.0019
PK42913,2025,7,-0.0375,-0.1087,-0.0729,-0.0467
PK42913,2026,17,-0.0230,-0.0346,-0.0546,-0.0242
PK42918,2018,8,-0.1414,-0.1078,-0.0851,-0.2052
PK42918,2019,8,0.0010,0.0297,-0.0099,0.0257
PK42918,2020,4,-0.0544,-0.0761,-0.0764,-0.0924
PK42918,2021,3,0.0584,-0.0025,0.0252,0.0247
PK42918,2022,7,-0.0443,-0.1317,-0.0159,-0.1498
PK42918,2024,6,-0.0010,0.0025,0.0099,-0.0247
PK42918,2025,7,0.0342,-0.1000,-0.0201,-0.0980
PK42918,2026,17,0.0074,-0.0404,-0.0701,-0.1117
PK42919,2018,8,-0.0821,-0.0981,-0.0873,-0.0987
PK42919,2019,6,0.0008,0.0015,0.0084,0.0059
PK42919,2020,4,-0.0614,-0.0514,-0.0568,-0.0679
PK42919,2021,3,0.0278,0.0678,0.0012,0.0274
PK42919,2022,7,-0.0378,-0.1133,-0.0668,-0.0723
PK42919,2024,6,-0.0008,-0.0015,-0.0012,-0.0059
PK42919,2025,7,-0.0427,-0.1171,-0.0771,-0.0733
PK42919,2026,17,-0.0530,-0.0479,-0.0858,-0.0788
PK42921,2018,8,-0.0993,-0.0866,-0.0988,-0.1285
PK42921,2019,7,-0.0143,0.0168,0.0149,-0.0100
PK42921,2020,4,-0.0345,-0.0470,-0.0149,-0.0315
PK42921,2021,2,0.0443,0.0522,0.0536,0.0583
PK42921,2022,7,-0.0114,-0.1347,-0.0492,-0.0896
PK42921,2024,5,0.0143,-0.0168,-0.0189,0.0100
PK42921,2025,7,-0.0084,-0.1097,-0.0898,-0.0664
PK42921,2026,17,-0.0160,-0.0628,-0.0601,-0.0496
PK42934,2018,9,0.0060,-0.0503,0.0049,-0.0381
PK42934,2019,9,-0.0345,0.0529,-0.0047,-0.0069
PK42934,2020,5,0.0255,-0.0433,0.0047,0.0089
PK42934,2021,3,0.0212,0.0259,0.1119,0.0069
PK42934,2022,8,0.0432,-0.0076,0.0282,-0.0053
PK42934,2024,4,-0.0212,-0.0259,-0.0310,-0.0267
PK42934,2025,6,-0.0017,0.0227,0.0491,-0.0306
PK42934,2026,16,-0.0083,-0.0307,-0.0233,-0.0476
PK42957,2018,7,-0.0468,-0.1096,-0.0726,-0.1258
PK42957,2019,9,0.0036,0.0300,0.0267,0.0031
PK42957,2020,3,-0.0036,-0.0335,-0.0304,-0.0031
PK42957,2021,2,0.0693,0.0236,0.0885,0.0687
PK42957,2022,8,-0.0329,-0.0965,-0.0735,-0.0877
PK42957,2024,6,-0.0071,-0.0236,-0.0267,-0.0223
PK42957,2025,8,-0.0026,-0.1321,-0.0958,-0.0789
PK42957,2026,17,0.0015,-0.1069,-0.0757,-0.0597
PK42958,2018,7,-0.0184,-0.1006,-0.0651,-0.1207
PK42958,2019,9,0.0018,0.0355,0.0264,0.0013
PK42958,2020,3,-0.0018,-0.0253,-0.0264,-0.0013
PK42958,2021,2,0.0746,0.0245,0.0880,0.0720
PK42958,2022,8,-0.0030,-0.0853,-0.0695,-0.0644
PK42958,2024,6,-0.0071,-0.0245,-0.0266,-0.0255
PK42958,2025,8,0.0305,-0.1153,-0.0877,-0.0624
PK42958,2026,17,0.0194,-0.0984,-0.0680,-0.0633
PK42987,2018,8,0.0170,-0.0344,-0.0202,-0.0017
PK42987,2019,9,0.0024,0.0533,0.0122,0.0018
PK42987,2020,4,-0.0116,-0.0406,-0.0128,-0.0068
PK42987,2021,3,0.0772,0.0148,0.0670,0.0826
PK42987,2022,8,0.0014,-0.0286,-0.0375,-0.0112
PK42987,2024,4,-0.0024,-0.0148,-0.0122,-0.0018
PK42987,2025,8,-0.0007,-0.0305,-0.0427,-0.0183
PK42987,2026,16,0.0049,-0.0141,-0.0228,-0.0044
PK43010,2018,8,-0.0237,-0.0349,-0.0700,-0.0384
PK43010,2019,9,-0.0059,-0.0230,-0.0303,-0.0208
PK43010,2020,4,0.0059,0.0184,0.0303,0.0208
PK43010,2021,2,0.0556,0.0529,0.0656,0.0765
PK43010,2022,8,0.0059,-0.1590,-0.0609,-0.0460
PK43010,2024,5,-0.1070,-0.0184,-0.0571,-0.0942
PK43010,2025,5,0.0335,-0.0971,-0.0661,-0.0235
PK43010,2026,15,0.0280,-0.0713,-0.0779,-0.0518
PK43015,2018,8,-0.0156,0.0200,0.0276,-0.0186
PK43015,2019,8,0.0040,0.0011,0.0031,-0.0111
PK43015,2020,4,-0.0040,-0.0109,-0.0031,0.0111
PK43015,2021,2,0.0486,-0.0011,0.0457,0.0597
PK43015,2022,8,0.0027,-0.0100,0.0289,-0.0052
PK43015,2024,4,-0.0244,0.0333,-0.0195,-0.0334
PK43015,2025,5,0.0076,-0.0266,-0.0018,-0.0106
PK43015,2026,15,-0.0142,-0.0402,-0.0348,-0.0383
PK43019,2018,8,-0.0173,-0.0316,-0.0193,-0.0326
PK43019,2019,8,0.0014,0.0036,0.0031,-0.0058
PK43019,2020,4,-0.0014,0.0071,-0.0031,0.0058
PK43019,2021,3,0.0687,-0.0036,0.0440,0.0796
PK43019,2022,8,-0.0025,-0.0429,-0.0248,-0.0210
PK43019,2024,5,-0.0894,-0.0253,-0.0616,-0.0786
PK43019,2025,6,-0.0034,-0.0641,-0.0240,-0.0295
PK43019,2026,15,-0.0026,-0.0344,-0.0283,-0.0367
PK43039,2018,8,0.0019,-0.0049,0.0103,-0.0119
PK43039,2019,9,0.0184,0.0486,0.0055,-0.0016
PK43039,2020,4,-0.0182,-0.0253,-0.0055,0.0016
PK43039,2021,3,0.0182,-0.0529,0.0281,0.0457
PK43039,2022,8,0.0138,0.0173,0.0025,-0.0121
PK43039,2024,5,-0.0751,0.0253,-0.0366,-0.0861
PK43039,2025,6,0.0466,0.0267,-0.0107,0.0018
PK43039,2026,15,0.0507,0.0424,0.0114,0.0158
PK43085,2018,4,-0.0219,0.0052,-0.0306,-0.0176
PK43085,2019,7,0.0262,-0.0111,0.0032,0.0184
PK43085,2020,4,0.0000,0.0525,0.0000,0.0000
PK43085,2021,2,0.0375,0.0000,0.0854,0.0868
PK43085,2022,7,-0.0291,-0.0073,-0.0401,-0.0170
PK43085,2023,2,-0.1951,-0.0639,-0.0940,-0.1488
PK43085,2024,6,-0.0240,0.0020,-0.0211,-0.0066
PK43085,2025,7,-0.0262,-0.0490,-0.0286,0.0019
PK43085,2026,18,-0.0388,-0.0423,-0.0519,-0.0283
PK43090,2018,4,-0.0810,-0.1259,-0.0214,-0.0666
PK43090,2019,6,0.0334,0.0000,0.0000,0.0200
PK43090,2020,2,0.0000,0.0240,0.0103,-0.0254
PK43090,2021,2,0.0799,0.0290,0.0561,0.0989
PK43090,2022,7,0.0184,-0.0428,-0.0041,-0.0198
PK43090,2023,2,-0.2451,-0.1432,-0.1683,-0.2239
PK43090,2024,6,-0.0024,-0.0308,-0.0045,0.0000
PK43090,2025,8,0.0005,-0.0006,0.0066,0.0085
PK43090,2026,17,-0.0153,-0.0542,-0.0516,-0.0200
PK43131,2018,3,-0.1150,-0.1166,-0.1136,-0.1628
PK43131,2019,8,0.0072,0.0297,0.0150,0.0000
PK43131,2020,3,0.0000,0.0148,-0.0084,-0.0155
PK43131,2021,3,0.0307,-0.0314,0.0148,0.0198
PK43131,2022,8,-0.0563,-0.0737,-0.0365,-0.0807
PK43131,2023,1,-0.1409,-0.0811,-0.1269,-0.2036
PK43131,2024,5,-0.0039,0.0000,0.0000,0.0072
PK43131,2025,5,-0.0319,-0.0465,-0.0327,-0.0788
PK43131,2026,15,-0.0923,-0.0826,-0.0995,-0.0903
PK43137,2018,3,-0.0511,-0.1431,-0.0819,-0.1005
PK43137,2019,8,0.0000,0.0185,0.0000,0.0000
PK43137,2020,4,-0.0319,-0.0109,-0.0216,-0.0300
PK43137,2021,3,0.0437,-0.0446,0.0230,0.0379
PK43137,2022,8,-0.0608,-0.0785,-0.0449,-0.0777
PK43137,2023,1,-0.0888,0.0029,-0.0021,-0.0756
PK43137,2024,5,0.0049,0.0000,0.0022,0.0096
PK43137,2025,5,-0.0488,-0.0780,-0.0509,-0.0866
PK43137,2026,15,-0.0349,-0.0885,-0.0589,-0.0791
PK43141,2018,3,-0.0368,-0.0452,-0.0534,-0.0721
PK43141,2019,8,0.0000,0.0275,0.0003,0.0000
PK43141,2020,4,-0.0284,-0.0028,-0.0312,-0.0310
PK43141,2021,3,0.0423,0.0000,0.0000,0.0264
PK43141,2022,8,-0.0632,-0.0637,-0.0766,-0.0620
PK43141,2023,1,-0.0716,-0.0107,-0.0511,-0.0492
PK43141,2024,5,0.0029,0.0034,0.0005,0.0039
PK43141,2025,5,-0.0381,-0.0326,-0.0888,-0.0552
PK43141,2026,15,-0.0601,-0.0267,-0.0520,-0.0582
PK43142,2018,3,-0.0793,-0.1337,-0.0972,-0.1057
PK43142,2019,8,0.0000,0.0167,0.0000,0.0000
PK43142,2020,4,-0.0117,0.0000,-0.0201,-0.0129
PK43142,2021,3,0.0360,-0.0208,-0.0028,0.0393
PK43142,2022,8,-0.0403,-0.0826,-0.0609,-0.0550
PK43142,2023,1,-0.0196,0.0330,0.0047,-0.0067
PK43142,2024,5,0.0314,-0.0012,0.0011,0.0350
PK43142,2025,5,-0.0452,-0.1016,-0.0902,-0.0533
PK43142,2026,16,-0.0605,-0.0847,-0.0826,-0.0774
PK43144,2018,3,0.0595,-0.1003,-0.0886,-0.0723
PK43144,2019,8,0.0214,0.0462,0.0145,0.0109
PK43144,2020,4,-0.0008,0.0016,-0.0024,-0.0238
PK43144,2021,3,0.0706,-0.0070,0.0082,0.0545
PK43144,2022,8,0.0061,-0.0913,-0.0850,-0.0726
PK43144,2023,2,-0.2988,-0.0397,-0.1416,-0.1982
PK43144,2024,5,0.0000,0.0000,0.0000,0.0000
PK43144,2025,5,0.0207,-0.0625,-0.0751,-0.0807
PK43144,2026,16,0.0284,-0.0695,-0.0857,-0.0636
PK43148,2018,3,0.0180,-0.0354,-0.0299,-0.0446
PK43148,2019,7,0.0382,0.1294,0.0968,0.0342
PK43148,2020,4,-0.0218,-0.0141,0.0033,-0.0203
PK43148,2021,3,0.0672,0.0013,0.0000,0.0606
PK43148,2022,7,0.0025,-0.0008,-0.0457,-0.0181
PK43148,2023,2,-0.1271,-0.0066,-0.0840,-0.1048
PK43148,2024,5,0.0000,0.0000,-0.0453,0.0000
PK43148,2025,5,0.0054,0.0203,-0.0406,-0.0418
PK43148,2026,16,0.0118,0.0287,-0.0424,-0.0462
PK43207,2018,4,0.0238,-0.1161,-0.0521,-0.0789
PK43207,2019,8,0.0232,0.0724,0.0000,0.0195
PK43207,2020,3,0.0000,-0.0151,-0.0894,-0.0026
PK43207,2021,2,0.0308,-0.0358,0.0046,0.0338
PK43207,2022,7,0.0399,-0.0557,-0.0684,-0.0465
PK43207,2023,1,-0.0079,0.1349,0.0581,0.0000
PK43207,2024,5,-0.0226,0.0000,-0.0806,-0.0293
PK43207,2025,7,-0.0045,-0.0363,-0.1147,-0.0854
PK43207,2026,15,-0.0060,-0.0466,-0.1209,-0.0932
PK43208,2018,4,-0.0194,-0.0860,-0.0540,-0.0337
PK43208,2019,8,0.0235,0.0718,0.0278,0.0244
PK43208,2020,3,0.0000,0.0000,-0.0355,0.0000
PK43208,2021,2,0.0359,-0.0495,0.0000,0.0349
PK43208,2022,7,-0.0056,-0.0507,-0.0646,-0.0171
PK43208,2023,1,-0.0011,0.0904,0.0282,-0.0007
PK43208,2024,5,-0.0039,-0.0106,-0.0325,-0.0047
PK43208,2025,6,-0.0303,-0.0240,-0.0763,-0.0414
PK43208,2026,15,-0.0276,-0.0233,-0.1083,-0.0355
PK43220,2018,4,-0.0777,-0.0310,-0.0276,-0.0869
PK43220,2019,7,0.0000,0.0205,0.0096,0.0000
PK43220,2020,4,-0.0470,-0.0050,-0.0082,-0.0430
PK43220,2021,2,0.0335,-0.0304,0.0000,0.0242
PK43220,2022,7,-0.0524,-0.0255,-0.0216,-0.0589
PK43220,2023,1,-0.0523,0.0000,-0.0153,-0.0480
PK43220,2024,5,0.0323,0.0313,0.0105,0.0244
PK43220,2025,6,-0.0299,-0.0096,-0.0288,-0.0541
PK43220,2026,15,-0.0478,-0.0070,-0.0204,-0.0657
PK43310,2018,3,-0.1656,-0.1163,-0.1038,-0.1713
PK43310,2019,5,0.0171,-0.0156,0.0000,0.0000
PK43310,2020,3,0.0000,0.0000,0.0088,-0.0020
PK43310,2021,2,0.1427,0.0238,0.0891,0.1125
PK43310,2022,6,-0.0144,-0.0281,-0.0109,-0.0270
PK43310,2023,2,-0.2250,-0.1018,-0.1125,-0.1648
PK43310,2024,7,-0.0004,0.0215,-0.0042,0.0096
PK43310,2025,7,0.0248,0.0174,0.0184,0.0085
PK43310,2026,17,0.0082,-0.0211,-0.0215,0.0122
PK43330,2018,4,-0.2659,-0.0772,-0.1280,-0.2294
PK43330,2019,5,0.0000,-0.0082,0.0000,0.0000
PK43330,2020,3,-0.0411,0.0000,-0.0129,-0.0359
PK43330,2021,2,0.1190,0.0173,0.0541,0.0947
PK43330,2022,6,-0.0141,-0.0604,-0.0479,-0.0339
PK43330,2023,2,-0.3999,-0.1411,-0.2317,-0.3360
PK43330,2024,6,0.0142,0.0272,0.0133,0.0094
PK43330,2025,7,0.0129,-0.0101,-0.0270,-0.0166
PK43330,2026,16,-0.0031,-0.0240,-0.0390,-0.0151
PK43417,2018,2,-0.0314,-0.1140,-0.0868,-0.0577
PK43417,2019,7,0.0205,-0.0120,0.0000,0.0021
PK43417,2020,3,-0.0029,0.0000,-0.0117,-0.0213
PK43417,2021,2,0.1588,0.0324,0.0616,0.1001
PK43417,2022,7,-0.0135,-0.0121,-0.0030,-0.0385
PK43417,2023,1,-0.4756,-0.2149,-0.3248,-0.3649
PK43417,2024,6,0.0000,0.0228,0.0229,0.0000
PK43417,2025,8,-0.0256,-0.0115,-0.0155,-0.0301
PK43417,2026,15,0.0152,-0.0143,0.0010,0.0077
PK43509,2018,3,-0.0235,-0.1078,-0.0895,-0.0538
PK43509,2019,8,0.0112,0.0000,-0.0069,0.0000
PK43509,2020,3,-0.0147,-0.0235,-0.0189,-0.0369
PK43509,2021,2,0.0651,0.0004,0.0182,0.0490
PK43509,2022,7,-0.0164,-0.0520,-0.0629,-0.0261
PK43509,2023,2,0.0000,-0.0026,0.0000,0.0062
PK43509,2024,6,-0.0387,0.0283,0.0050,-0.0118
PK43509,2025,7,0.0099,0.0085,-0.0009,-0.0092
PK43509,2026,15,-0.0189,-0.0271,-0.0497,-0.0256
PK43510,2018,2,-0.0711,-0.2262,-0.1371,-0.0990
PK43510,2019,8,0.0090,-0.0250,-0.0108,0.0063
PK43510,2020,3,-0.0097,0.0000,0.0000,-0.0077
PK43510,2021,2,0.0745,0.0101,0.0385,0.0763
PK43510,2022,7,-0.0120,-0.1283,-0.0670,-0.0336
PK43510,2023,2,0.0000,0.0110,0.0168,0.0000
PK43510,2024,7,-0.0182,-0.0109,-0.0297,-0.0295
PK43510,2025,7,0.0043,-0.0757,-0.0260,-0.0169
PK43510,2026,15,0.0127,-0.0555,-0.0591,-0.0148
PK43553,2018,3,0.0475,-0.0456,-0.0062,0.0219
PK43553,2019,5,0.0088,-0.0078,0.0004,0.0000
PK43553,2020,3,0.0000,0.0277,0.0000,0.0023
PK43553,2021,2,-0.1916,-0.1160,-0.1598,-0.1529
PK43553,2022,9,-0.0137,0.0238,0.0152,-0.0028
PK43553,2023,1,0.0050,0.0000,0.0369,0.0349
PK43553,2024,6,-0.0628,0.0249,-0.0028,-0.0334
PK43553,2025,6,0.0240,0.0227,0.0454,0.0062
PK43553,2026,17,-0.0127,-0.0001,-0.0047,0.0024
PK43560,2018,4,-0.2135,-0.1872,-0.2212,-0.2542
PK43560,2019,5,0.0501,0.0000,0.0058,0.0240
PK43560,2020,3,-0.0011,0.0501,0.0000,0.0000
PK43560,2021,2,-0.1888,-0.0813,-0.1274,-0.1454
PK43560,2022,7,0.0301,-0.0948,-0.0423,-0.0212
PK43560,2023,1,0.0428,0.0497,0.0419,0.0502
PK43560,2024,6,0.0000,-0.0195,-0.0249,-0.0118
PK43560,2025,6,0.0246,-0.1320,-0.0871,-0.0636
PK43560,2026,16,0.0212,-0.1138,-0.1253,-0.0566
PK43562,2018,4,-0.2367,-0.2094,-0.2239,-0.3040
PK43562,2019,5,0.0429,0.0000,-0.0053,0.0060
PK43562,2020,3,0.0000,0.0146,0.0025,0.0000
PK43562,2021,2,-0.2065,-0.1605,-0.1898,-0.1619
PK43562,2022,9,0.0210,-0.0590,-0.0114,-0.0726
PK43562,2023,1,0.0089,0.0250,0.0519,0.0286
PK43562,2024,6,-0.0012,-0.0354,0.0000,-0.0405
PK43562,2025,6,0.0345,-0.1161,-0.0469,-0.1018
PK43562,2026,17,0.0126,-0.1161,-0.0938,-0.1439
PK43585,2018,3,-0.0862,-0.0734,-0.0983,-0.1263
PK43585,2019,4,0.0123,0.0000,0.0000,0.0000
PK43585,2020,4,-0.0252,0.0217,-0.0177,-0.0241
PK43585,2021,2,0.0209,-0.0561,0.0173,0.0175
PK43585,2022,9,-0.0191,-0.0013,0.0088,-0.0751
PK43585,2023,1,0.0000,0.0032,0.0547,0.0353
PK43585,2024,6,-0.0393,-0.0033,-0.0408,-0.0497
PK43585,2025,5,-0.0371,-0.0152,-0.0262,-0.0917
PK43585,2026,16,-0.0520,-0.0164,-0.0209,-0.0876
PK43587,2018,3,0.0070,-0.0934,-0.1474,-0.0734
PK43587,2019,4,0.0417,0.0370,0.0100,0.0000
PK43587,2020,4,-0.0108,0.0605,-0.0224,-0.0470
PK43587,2021,2,0.0477,-0.0161,0.0319,0.0208
PK43587,2022,9,0.0094,0.0258,-0.0257,-0.0650
PK43587,2023,1,0.0000,-0.0078,0.0000,0.0007
PK43587,2024,6,-0.0388,0.0000,-0.0728,-0.0587
PK43587,2025,6,0.0178,0.0043,-0.0482,-0.0753
PK43587,2026,16,0.0235,0.0018,-0.0481,-0.0536
PK43596,2018,3,0.0981,-0.0104,0.0525,-0.0425
PK43596,2019,4,0.0283,0.0349,0.0382,0.0035
PK43596,2020,4,-0.0208,0.0275,0.0000,-0.0232
PK43596,2021,2,0.0348,-0.0196,0.0219,0.0086
PK43596,2022,9,0.0442,0.0592,0.0468,-0.0617
PK43596,2023,1,-0.0118,-0.0412,-0.0060,0.0000
PK43596,2024,6,0.0000,0.0000,-0.0206,-0.0478
PK43596,2025,5,0.1919,0.0732,0.0372,-0.0591
PK43596,2026,17,0.1552,0.0413,0.0387,-0.0589
PK43607,2018,3,-0.0543,-0.0678,-0.0355,-0.0706
PK43607,2019,4,0.0119,0.0152,0.0000,0.0066
PK43607,2020,4,-0.0255,0.0000,-0.0148,-0.0343
PK43607,2021,3,0.0324,-0.0110,0.0277,0.0143
PK43607,2022,7,-0.0115,-0.0511,-0.0172,-0.0318
PK43607,2023,1,0.0000,0.0159,0.0412,0.0000
PK43607,2024,6,-0.0870,-0.0096,-0.0314,-0.0623
PK43607,2025,5,-0.0468,-0.0308,-0.0576,-0.0641
PK43607,2026,17,-0.0248,-0.0305,-0.0521,-0.0593
PK43609,2018,4,-0.1730,-0.1741,-0.2127,-0.2159
PK43609,2019,5,0.0598,0.0366,0.0772,0.0362
PK43609,2020,5,-0.0261,0.0086,-0.0162,-0.0036
PK43609,2021,3,0.0115,-0.0168,0.0378,-0.0052
PK43609,2022,7,0.0731,-0.0984,-0.0524,-0.0003
PK43609,2023,1,-0.0028,-0.0524,0.0000,0.0304
PK43609,2024,6,0.0000,0.0000,-0.0025,0.0000
PK43609,2025,6,0.0952,-0.1257,-0.0927,-0.0343
PK43609,2026,16,0.0901,-0.1041,-0.0746,-0.0222
PK43762,2018,4,-0.0657,0.1055,-0.0555,0.0586
PK43762,2019,5,-0.0663,0.0315,-0.0449,0.0791
PK43762,2020,3,-0.5225,-0.2007,-0.3396,-0.3003
PK43762,2021,2,0.0455,0.0000,0.0000,0.1821
PK43762,2022,8,0.0263,0.1484,0.0903,0.0916
PK43762,2023,1,0.0000,0.0963,0.0672,0.0000
PK43762,2024,5,0.0204,-0.0833,0.0050,-0.0026
PK43762,2025,9,0.0384,0.1799,0.0077,0.0696
PK43762,2026,15,-0.0050,0.0693,-0.0080,0.0388
PK43767,2018,4,-0.0056,0.0537,0.0242,0.0094
PK43767,2019,5,0.0000,0.0309,0.0000,0.0333
PK43767,2020,3,-0.2364,-0.1045,-0.0842,-0.1911
PK43767,2021,2,0.1878,0.0000,0.1299,0.1849
PK43767,2022,8,0.0664,0.0253,0.0530,0.0439
PK43767,2023,1,0.0392,0.0834,0.0585,0.0000
PK43767,2024,5,-0.0730,-0.0904,-0.0816,-0.0714
PK43767,2025,9,0.0888,0.1074,0.0473,0.0414
PK43767,2026,15,0.0400,-0.0070,0.0273,0.0216
